hierarchy,base_model,horizon,method_b,relative_mae_diff,rel_ci_low,rel_ci_high,prob_improvement,p_value_raw,p_value_holm,effect_class,tradeoff_class,fold,correction_family,reject_holm_0.05,fold_consistency
memory_um,persistence,1,bottom_up,0.0,0.0,0.0,0.0,1.0,,accuracy_neutral,coherence_only,0,memory_persistence_descriptive,False,mixed
memory_um,persistence,1,wls,-3.399884347807299e-13,-8.114569230218824e-13,2.190612993971076e-13,0.8866,0.2268,,accuracy_neutral,coherence_only,0,memory_persistence_descriptive,False,directionally_consistent
memory_um,persistence,1,mint,1.6108249257815974e-12,-1.0117595738550753e-12,3.821845357971801e-12,0.108,0.216,,accuracy_neutral,coherence_only,0,memory_persistence_descriptive,False,mixed
memory_um,persistence,1,bottom_up,0.0,0.0,0.0,0.0,1.0,,accuracy_neutral,coherence_only,1,memory_persistence_descriptive,False,mixed
memory_um,persistence,1,wls,2.289461559766169e-13,-7.780049950083756e-13,1.235627023413467e-12,0.338,0.676,,accuracy_neutral,coherence_only,1,memory_persistence_descriptive,False,directionally_consistent
memory_um,persistence,1,mint,-5.713604160713849e-13,-4.4158563845249186e-12,3.3061127525730716e-12,0.5958,0.8084,,accuracy_neutral,coherence_only,1,memory_persistence_descriptive,False,mixed
memory_um,persistence,1,bottom_up,0.0,0.0,0.0,0.0,1.0,,accuracy_neutral,coherence_only,2,memory_persistence_descriptive,False,mixed
memory_um,persistence,1,wls,-1.1305887235270928e-12,-2.0104980152452897e-12,-2.9911900217541824e-13,0.9956,0.0088,,accuracy_neutral,coherence_only,2,memory_persistence_descriptive,False,directionally_consistent
memory_um,persistence,1,mint,3.645395049608573e-12,8.532394301986172e-13,6.577036947477192e-12,0.0056,0.0112,,accuracy_neutral,coherence_only,2,memory_persistence_descriptive,False,mixed
memory_um,persistence,8,bottom_up,0.0,0.0,0.0,0.0,1.0,,accuracy_neutral,coherence_only,0,memory_persistence_descriptive,False,mixed
memory_um,persistence,8,wls,-3.0269564426582665e-13,-6.973596425717547e-13,1.2073677218242874e-13,0.9214,0.1572,,accuracy_neutral,coherence_only,0,memory_persistence_descriptive,False,directionally_consistent
memory_um,persistence,8,mint,-2.3568267132731736e-13,-5.540114011060167e-13,1.0591679590905293e-13,0.9124,0.1752,,accuracy_neutral,coherence_only,0,memory_persistence_descriptive,False,mixed
memory_um,persistence,8,bottom_up,0.0,0.0,0.0,0.0,1.0,,accuracy_neutral,coherence_only,1,memory_persistence_descriptive,False,mixed
memory_um,persistence,8,wls,3.2861457971121426e-13,-1.3761256668318356e-12,2.1226186404726417e-12,0.37,0.74,,accuracy_neutral,coherence_only,1,memory_persistence_descriptive,False,directionally_consistent
memory_um,persistence,8,mint,1.522823002812454e-13,-1.8440108575752817e-12,2.233129960325909e-12,0.458,0.916,,accuracy_neutral,coherence_only,1,memory_persistence_descriptive,False,mixed
memory_um,persistence,8,bottom_up,0.0,0.0,0.0,0.0,1.0,,accuracy_neutral,coherence_only,2,memory_persistence_descriptive,False,mixed
memory_um,persistence,8,wls,-2.0869371671325118e-13,-3.66116277463649e-13,-5.789918005262431e-14,0.997,0.006,,accuracy_neutral,coherence_only,2,memory_persistence_descriptive,False,directionally_consistent
memory_um,persistence,8,mint,4.783024907968171e-13,1.4176880624322469e-13,8.281029192007945e-13,0.0022,0.0044,,accuracy_neutral,coherence_only,2,memory_persistence_descriptive,False,mixed
memory_um,persistence,16,bottom_up,0.0,0.0,0.0,0.0,1.0,,accuracy_neutral,coherence_only,0,memory_persistence_descriptive,False,mixed
memory_um,persistence,16,wls,-1.0413441200618259e-14,-1.4498108024021488e-14,-6.287340501422321e-15,1.0,0.0,,accuracy_neutral,coherence_only,0,memory_persistence_descriptive,False,directionally_consistent
memory_um,persistence,16,mint,1.3797414434709052e-14,-3.817921382921359e-14,6.048620608664808e-14,0.2788,0.5576,,accuracy_neutral,coherence_only,0,memory_persistence_descriptive,False,mixed
memory_um,persistence,16,bottom_up,0.0,0.0,0.0,0.0,1.0,,accuracy_neutral,coherence_only,1,memory_persistence_descriptive,False,mixed
memory_um,persistence,16,wls,2.3725777221096394e-13,-2.6566018842106376e-12,3.105665821354889e-12,0.4362,0.8724,,accuracy_neutral,coherence_only,1,memory_persistence_descriptive,False,directionally_consistent
memory_um,persistence,16,mint,2.0430876495504331e-13,-1.2130656232854237e-12,1.620542572980792e-12,0.3864,0.7728,,accuracy_neutral,coherence_only,1,memory_persistence_descriptive,False,mixed
memory_um,persistence,16,bottom_up,0.0,0.0,0.0,0.0,1.0,,accuracy_neutral,coherence_only,2,memory_persistence_descriptive,False,mixed
memory_um,persistence,16,wls,-2.7744730438137093e-13,-4.822005566822703e-13,-7.926286721261432e-14,0.9972,0.0056,,accuracy_neutral,coherence_only,2,memory_persistence_descriptive,False,directionally_consistent
memory_um,persistence,16,mint,-8.006705976746376e-13,-1.4268111037197372e-12,-1.896663927930565e-13,0.9962,0.0076,,accuracy_neutral,coherence_only,2,memory_persistence_descriptive,False,mixed
memory_um,ridge,1,bottom_up,-0.0701359705983571,-0.0906324452156693,-0.0522992248813427,1.0,0.0,0.0,substantial_improvement,pareto_improvement,0,memory_ridge,True,directionally_consistent
memory_um,ridge,1,wls,-0.0634511414898303,-0.0777992029495897,-0.0512902020780322,1.0,0.0,0.0,substantial_improvement,pareto_improvement,0,memory_ridge,True,directionally_consistent
memory_um,ridge,1,mint,-0.0657080572124228,-0.0811585275110659,-0.052560358575561,1.0,0.0,0.0,substantial_improvement,pareto_improvement,0,memory_ridge,True,directionally_consistent
memory_um,ridge,1,bottom_up,-0.0507576608252078,-0.0679950506712684,-0.0346693492824937,1.0,0.0,0.0,substantial_improvement,pareto_improvement,1,memory_ridge,True,directionally_consistent
memory_um,ridge,1,wls,-0.0568073958246638,-0.0697137678595451,-0.0450953322298293,1.0,0.0,0.0,substantial_improvement,pareto_improvement,1,memory_ridge,True,directionally_consistent
memory_um,ridge,1,mint,-0.0565350435015482,-0.0692537573465269,-0.044991126427357,1.0,0.0,0.0,substantial_improvement,pareto_improvement,1,memory_ridge,True,directionally_consistent
memory_um,ridge,1,bottom_up,0.0390544280694789,0.0184614831543869,0.0598223113692385,0.0,0.0,0.0,modest_degradation,accuracy_costly_coherence,2,memory_ridge,True,directionally_consistent
memory_um,ridge,1,wls,0.0006925504820053,-0.0131328921513749,0.0140617439555875,0.482,0.964,1.0,accuracy_neutral,coherence_only,2,memory_ridge,False,directionally_consistent
memory_um,ridge,1,mint,0.0001459788815271,-0.0134944591586714,0.0133524131194026,0.5122,0.9756,1.0,accuracy_neutral,coherence_only,2,memory_ridge,False,directionally_consistent
memory_um,ridge,8,bottom_up,-0.070507735003016,-0.0908807395038219,-0.0524412359699666,1.0,0.0,0.0,substantial_improvement,pareto_improvement,0,memory_ridge,True,directionally_consistent
memory_um,ridge,8,wls,-0.058771758067303,-0.0709018076795281,-0.0479966506875814,1.0,0.0,0.0,substantial_improvement,aggregate_focused_improvement,0,memory_ridge,True,directionally_consistent
memory_um,ridge,8,mint,-0.0619458042595488,-0.0752813874585553,-0.0501554257512785,1.0,0.0,0.0,substantial_improvement,pareto_improvement,0,memory_ridge,True,directionally_consistent
memory_um,ridge,8,bottom_up,-0.0505535242852367,-0.0675632525745433,-0.0342835227266025,1.0,0.0,0.0,substantial_improvement,pareto_improvement,1,memory_ridge,True,directionally_consistent
memory_um,ridge,8,wls,-0.0567088493971257,-0.0694315002397233,-0.0449959627383636,1.0,0.0,0.0,substantial_improvement,pareto_improvement,1,memory_ridge,True,directionally_consistent
memory_um,ridge,8,mint,-0.0564566751132681,-0.0690059976877739,-0.0449134031802339,1.0,0.0,0.0,substantial_improvement,pareto_improvement,1,memory_ridge,True,directionally_consistent
memory_um,ridge,8,bottom_up,0.0391428125513155,0.0186239838612817,0.0602393284928549,0.0002,0.0004,0.0032,modest_degradation,accuracy_costly_coherence,2,memory_ridge,True,directionally_consistent
memory_um,ridge,8,wls,0.000740896634276,-0.0127247041478828,0.0142876967000886,0.4736,0.9472,1.0,accuracy_neutral,coherence_only,2,memory_ridge,False,directionally_consistent
memory_um,ridge,8,mint,0.0001884709954504,-0.0131347827142799,0.0135994551958061,0.5062,0.9876,1.0,accuracy_neutral,coherence_only,2,memory_ridge,False,directionally_consistent
memory_um,ridge,16,bottom_up,-0.0710322369614677,-0.0904623429676994,-0.0523069349461096,1.0,0.0,0.0,substantial_improvement,pareto_improvement,0,memory_ridge,True,directionally_consistent
memory_um,ridge,16,wls,-0.0590592609104069,-0.0705421577633279,-0.0480358855301878,1.0,0.0,0.0,substantial_improvement,aggregate_focused_improvement,0,memory_ridge,True,directionally_consistent
memory_um,ridge,16,mint,-0.0619872421723507,-0.074472914229075,-0.0499587807195131,1.0,0.0,0.0,substantial_improvement,pareto_improvement,0,memory_ridge,True,directionally_consistent
memory_um,ridge,16,bottom_up,-0.0510481354309985,-0.0680331506966584,-0.0348726407219639,1.0,0.0,0.0,substantial_improvement,pareto_improvement,1,memory_ridge,True,directionally_consistent
memory_um,ridge,16,wls,-0.0569295471187702,-0.0699025647486941,-0.0452530258673109,1.0,0.0,0.0,substantial_improvement,pareto_improvement,1,memory_ridge,True,directionally_consistent
memory_um,ridge,16,mint,-0.0566567076106927,-0.0694530649352318,-0.0451090031741701,1.0,0.0,0.0,substantial_improvement,pareto_improvement,1,memory_ridge,True,directionally_consistent
memory_um,ridge,16,bottom_up,0.0391536227092747,0.018432323204306,0.059196886172166,0.0002,0.0004,0.0032,modest_degradation,accuracy_costly_coherence,2,memory_ridge,True,directionally_consistent
memory_um,ridge,16,wls,0.0007711106318048,-0.0128823085819414,0.0138279632197383,0.465,0.93,1.0,accuracy_neutral,coherence_only,2,memory_ridge,False,directionally_consistent
memory_um,ridge,16,mint,0.0002272176204381,-0.0133101588552018,0.0130949284553639,0.4976,0.9952,1.0,accuracy_neutral,coherence_only,2,memory_ridge,False,directionally_consistent
memory_um,lightgbm,1,bottom_up,0.1224930993721567,0.0570980073683224,0.2080385221744598,0.0004,0.0008,0.0096,substantial_degradation,accuracy_costly_coherence,0,memory_lightgbm,True,mixed
memory_um,lightgbm,1,wls,0.0109322376988525,-0.0335433905613576,0.0692068537249159,0.3062,0.6124,1.0,accuracy_neutral,coherence_only,0,memory_lightgbm,False,directionally_consistent
memory_um,lightgbm,1,mint,-0.0085185597408977,-0.0449484546892188,0.0391041783174428,0.623,0.754,1.0,accuracy_neutral,accuracy_costly_coherence,0,memory_lightgbm,False,strongly_consistent
memory_um,lightgbm,1,bottom_up,-0.11554057564022,-0.1439031340816957,-0.0876585537111385,1.0,0.0,0.0,substantial_improvement,pareto_improvement,1,memory_lightgbm,True,mixed
memory_um,lightgbm,1,wls,-0.0966356946477463,-0.1154605053785308,-0.0778930575854725,1.0,0.0,0.0,substantial_improvement,aggregate_focused_improvement,1,memory_lightgbm,True,directionally_consistent
memory_um,lightgbm,1,mint,-0.0977191061277892,-0.116903720641607,-0.078634167625184,1.0,0.0,0.0,substantial_improvement,aggregate_focused_improvement,1,memory_lightgbm,True,strongly_consistent
memory_um,lightgbm,1,bottom_up,-0.0710090025688717,-0.1000128655255675,-0.041473583930767,1.0,0.0,0.0,substantial_improvement,pareto_improvement,2,memory_lightgbm,True,mixed
memory_um,lightgbm,1,wls,-0.0756382146799501,-0.0957309652374972,-0.0550457128878091,1.0,0.0,0.0,substantial_improvement,aggregate_focused_improvement,2,memory_lightgbm,True,directionally_consistent
memory_um,lightgbm,1,mint,-0.0766966887122207,-0.1008477174854872,-0.0517450411522081,1.0,0.0,0.0,substantial_improvement,pareto_improvement,2,memory_lightgbm,True,strongly_consistent
memory_um,lightgbm,8,bottom_up,0.3161464822196109,0.2171210264061993,0.4468664341612364,0.0,0.0,0.0,substantial_degradation,accuracy_costly_coherence,0,memory_lightgbm,True,unstable
memory_um,lightgbm,8,wls,0.0588730527846076,0.0065461384930941,0.1249564136546092,0.0126,0.0252,0.2016,substantial_degradation,accuracy_costly_coherence,0,memory_lightgbm,False,mixed
memory_um,lightgbm,8,mint,0.1521621490281456,0.0808575586499652,0.2444923958790044,0.0,0.0,0.0,substantial_degradation,accuracy_costly_coherence,0,memory_lightgbm,True,mixed
memory_um,lightgbm,8,bottom_up,-0.0064604252968587,-0.0389773193885029,0.0265701894075629,0.6434,0.7132,1.0,accuracy_neutral,coherence_only,1,memory_lightgbm,False,unstable
memory_um,lightgbm,8,wls,-0.0245280449740042,-0.0463320264927278,-0.0021338644175493,0.9832,0.0336,0.2352,modest_improvement,pareto_improvement,1,memory_lightgbm,False,mixed
memory_um,lightgbm,8,mint,-0.0241209323632441,-0.0463645483764846,-0.0012917501626134,0.981,0.038,0.2352,modest_improvement,aggregate_focused_improvement,1,memory_lightgbm,False,mixed
memory_um,lightgbm,8,bottom_up,-0.0750481814923032,-0.105382064602441,-0.0439022421083138,1.0,0.0,0.0,substantial_improvement,pareto_improvement,2,memory_lightgbm,True,unstable
memory_um,lightgbm,8,wls,-0.0790128689894755,-0.1002824583108626,-0.0578563946320046,1.0,0.0,0.0,substantial_improvement,aggregate_focused_improvement,2,memory_lightgbm,True,mixed
memory_um,lightgbm,8,mint,-0.0808300664302438,-0.1057470615748538,-0.0560629495131048,1.0,0.0,0.0,substantial_improvement,pareto_improvement,2,memory_lightgbm,True,mixed
memory_um,lightgbm,16,bottom_up,0.2170303271873979,0.1368238118129094,0.3213913601490045,0.0,0.0,0.0,substantial_degradation,accuracy_costly_coherence,0,memory_lightgbm,True,unstable
memory_um,lightgbm,16,wls,0.0612851744595622,0.0120696093583165,0.1247657983777197,0.0072,0.0144,0.144,substantial_degradation,accuracy_costly_coherence,0,memory_lightgbm,False,mixed
memory_um,lightgbm,16,mint,0.09269248258504,0.0352683315046365,0.166512068550028,0.0016,0.0032,0.0352,substantial_degradation,accuracy_costly_coherence,0,memory_lightgbm,True,mixed
memory_um,lightgbm,16,bottom_up,0.0372096432113087,0.0048992093016269,0.0704077421375394,0.011,0.022,0.1979999999999999,modest_degradation,accuracy_costly_coherence,1,memory_lightgbm,False,unstable
memory_um,lightgbm,16,wls,0.0050993054022417,-0.0170041735916592,0.02756907518913,0.339,0.678,1.0,accuracy_neutral,coherence_only,1,memory_lightgbm,False,mixed
memory_um,lightgbm,16,mint,0.0051448635920066,-0.016979443811528,0.0276350255688676,0.3376,0.6752,1.0,accuracy_neutral,coherence_only,1,memory_lightgbm,False,mixed
memory_um,lightgbm,16,bottom_up,-0.1071832158305519,-0.1363158972913839,-0.0756339504674956,1.0,0.0,0.0,substantial_improvement,pareto_improvement,2,memory_lightgbm,True,unstable
memory_um,lightgbm,16,wls,-0.1036707549222403,-0.1250874974134419,-0.0818255691970989,1.0,0.0,0.0,substantial_improvement,aggregate_focused_improvement,2,memory_lightgbm,True,mixed
memory_um,lightgbm,16,mint,-0.1091526852241447,-0.1345323994971748,-0.0828440398403133,1.0,0.0,0.0,substantial_improvement,pareto_improvement,2,memory_lightgbm,True,mixed
memory_um,dlinear,1,bottom_up,0.004358686282181,-0.0100209676486132,0.017860355653773,0.2804,0.5608,1.0,accuracy_neutral,coherence_only,0,memory_dlinear,False,mixed
memory_um,dlinear,1,wls,-0.0126835670291341,-0.0227239483031103,-0.0033557826408164,0.996,0.008,0.072,accuracy_neutral,coherence_only,0,memory_dlinear,False,strongly_consistent
memory_um,dlinear,1,mint,-0.0111089149259604,-0.0218353607485856,-0.0011307584252048,0.9854,0.0292,0.2336,accuracy_neutral,coherence_only,0,memory_dlinear,False,strongly_consistent
memory_um,dlinear,1,bottom_up,-0.0443490118824685,-0.0606403135611069,-0.0285907373144347,1.0,0.0,0.0,modest_improvement,pareto_improvement,1,memory_dlinear,True,mixed
memory_um,dlinear,1,wls,-0.0523588623458931,-0.0643274416894438,-0.0411031991422669,1.0,0.0,0.0,substantial_improvement,pareto_improvement,1,memory_dlinear,True,strongly_consistent
memory_um,dlinear,1,mint,-0.0522352277418811,-0.0640914209680558,-0.0411082528871014,1.0,0.0,0.0,substantial_improvement,pareto_improvement,1,memory_dlinear,True,strongly_consistent
memory_um,dlinear,1,bottom_up,0.0372716288002139,0.0158999655913403,0.0586810121214407,0.0002,0.0004,0.004,modest_degradation,accuracy_costly_coherence,2,memory_dlinear,True,mixed
memory_um,dlinear,1,wls,-0.0035353047955737,-0.0180539095405167,0.0104417790069545,0.7128,0.5744,1.0,accuracy_neutral,coherence_only,2,memory_dlinear,False,strongly_consistent
memory_um,dlinear,1,mint,-0.0043763673896841,-0.0186584939309386,0.0094033390603999,0.7544,0.4912,1.0,accuracy_neutral,coherence_only,2,memory_dlinear,False,strongly_consistent
memory_um,dlinear,8,bottom_up,-0.0746748541921336,-0.0924961549142144,-0.0596222308611886,1.0,0.0,0.0,substantial_improvement,pareto_improvement,0,memory_dlinear,True,mixed
memory_um,dlinear,8,wls,-0.057975623895966,-0.0691552853408673,-0.0485625070124677,1.0,0.0,0.0,substantial_improvement,pareto_improvement,0,memory_dlinear,True,directionally_consistent
memory_um,dlinear,8,mint,-0.0629671044133801,-0.0755997717230397,-0.0523684428534897,1.0,0.0,0.0,substantial_improvement,pareto_improvement,0,memory_dlinear,True,directionally_consistent
memory_um,dlinear,8,bottom_up,-0.0449329172806766,-0.0607328717786086,-0.0291295520992021,1.0,0.0,0.0,modest_improvement,pareto_improvement,1,memory_dlinear,True,mixed
memory_um,dlinear,8,wls,-0.0500623260177254,-0.0615215945596341,-0.0391065816835214,1.0,0.0,0.0,substantial_improvement,pareto_improvement,1,memory_dlinear,True,directionally_consistent
memory_um,dlinear,8,mint,-0.0498723946311061,-0.0611708773162349,-0.0390553745316488,1.0,0.0,0.0,modest_improvement,pareto_improvement,1,memory_dlinear,True,directionally_consistent
memory_um,dlinear,8,bottom_up,0.053409011696849,0.0338274502857811,0.0727872697150738,0.0,0.0,0.0,substantial_degradation,accuracy_costly_coherence,2,memory_dlinear,True,mixed
memory_um,dlinear,8,wls,0.0100122789381296,-0.0034148206018324,0.0229264654152364,0.0682,0.1364,0.9548,accuracy_neutral,coherence_only,2,memory_dlinear,False,directionally_consistent
memory_um,dlinear,8,mint,0.0084640652303884,-0.0046256552711941,0.0210444916461894,0.0964,0.1928,1.0,accuracy_neutral,coherence_only,2,memory_dlinear,False,directionally_consistent
memory_um,dlinear,16,bottom_up,-0.0776700563064764,-0.0958323722520203,-0.060943306769578,1.0,0.0,0.0,substantial_improvement,pareto_improvement,0,memory_dlinear,True,mixed
memory_um,dlinear,16,wls,-0.0601635627079821,-0.071452386535121,-0.0498047463967283,1.0,0.0,0.0,substantial_improvement,pareto_improvement,0,memory_dlinear,True,directionally_consistent
memory_um,dlinear,16,mint,-0.06468378856975,-0.0772608623479455,-0.0531189719255318,1.0,0.0,0.0,substantial_improvement,pareto_improvement,0,memory_dlinear,True,directionally_consistent
memory_um,dlinear,16,bottom_up,-0.0482237274223929,-0.0663073923148127,-0.0318920316223034,1.0,0.0,0.0,modest_improvement,pareto_improvement,1,memory_dlinear,True,mixed
memory_um,dlinear,16,wls,-0.0540295909737867,-0.0676328480177145,-0.0423768647874978,1.0,0.0,0.0,substantial_improvement,pareto_improvement,1,memory_dlinear,True,directionally_consistent
memory_um,dlinear,16,mint,-0.0537485334009948,-0.067206996354761,-0.0422884335529843,1.0,0.0,0.0,substantial_improvement,pareto_improvement,1,memory_dlinear,True,directionally_consistent
memory_um,dlinear,16,bottom_up,0.0549255367177263,0.0340979738745372,0.0747131584752613,0.0,0.0,0.0,substantial_degradation,accuracy_costly_coherence,2,memory_dlinear,True,mixed
memory_um,dlinear,16,wls,0.0085910806990151,-0.0052717018245827,0.0215691533535125,0.1086,0.2172,1.0,accuracy_neutral,coherence_only,2,memory_dlinear,False,directionally_consistent
memory_um,dlinear,16,mint,0.0071825967911129,-0.0063359186997314,0.0198379873526651,0.149,0.298,1.0,accuracy_neutral,coherence_only,2,memory_dlinear,False,directionally_consistent
cpu_core_weighted,persistence,1,bottom_up,0.0,0.0,0.0,0.0,1.0,,accuracy_neutral,coherence_only,0,cpu_persistence_descriptive,False,mixed
cpu_core_weighted,persistence,1,wls,3.0207220853050574e-14,2.5392792771379115e-14,3.5700250927505564e-14,0.0,0.0,,accuracy_neutral,coherence_only,0,cpu_persistence_descriptive,False,directionally_consistent
cpu_core_weighted,persistence,1,mint,-6.789021462121037e-14,-8.01847708387471e-14,-5.751658430270586e-14,1.0,0.0,,accuracy_neutral,coherence_only,0,cpu_persistence_descriptive,False,directionally_consistent
cpu_core_weighted,persistence,1,bottom_up,0.0,0.0,0.0,0.0,1.0,,accuracy_neutral,coherence_only,1,cpu_persistence_descriptive,False,mixed
cpu_core_weighted,persistence,1,wls,-6.424592459938953e-15,-8.297086754601769e-15,-4.876656624461715e-15,1.0,0.0,,accuracy_neutral,coherence_only,1,cpu_persistence_descriptive,False,directionally_consistent
cpu_core_weighted,persistence,1,mint,7.515215843573207e-14,6.395999941201735e-14,8.958442181689028e-14,0.0,0.0,,accuracy_neutral,coherence_only,1,cpu_persistence_descriptive,False,directionally_consistent
cpu_core_weighted,persistence,1,bottom_up,0.0,0.0,0.0,0.0,1.0,,accuracy_neutral,coherence_only,2,cpu_persistence_descriptive,False,mixed
cpu_core_weighted,persistence,1,wls,-1.8969194946905939e-16,-4.086864946248478e-16,9.945317045839909e-18,0.9664,0.0672,,accuracy_neutral,coherence_only,2,cpu_persistence_descriptive,False,directionally_consistent
cpu_core_weighted,persistence,1,mint,-4.0478595996236084e-16,-6.7364826207771e-16,-1.6439423871643286e-16,1.0,0.0,,accuracy_neutral,coherence_only,2,cpu_persistence_descriptive,False,directionally_consistent
cpu_core_weighted,persistence,8,bottom_up,0.0,0.0,0.0,0.0,1.0,,accuracy_neutral,coherence_only,0,cpu_persistence_descriptive,False,mixed
cpu_core_weighted,persistence,8,wls,8.805743069521101e-14,7.546514890785764e-14,1.0475291012863131e-13,0.0,0.0,,accuracy_neutral,coherence_only,0,cpu_persistence_descriptive,False,directionally_consistent
cpu_core_weighted,persistence,8,mint,3.0605963941428746e-14,2.5959028072010734e-14,3.657351634933701e-14,0.0,0.0,,accuracy_neutral,coherence_only,0,cpu_persistence_descriptive,False,mixed
cpu_core_weighted,persistence,8,bottom_up,0.0,0.0,0.0,0.0,1.0,,accuracy_neutral,coherence_only,1,cpu_persistence_descriptive,False,mixed
cpu_core_weighted,persistence,8,wls,-2.2615595730165183e-14,-2.7101379918834452e-14,-1.9170152749732735e-14,1.0,0.0,,accuracy_neutral,coherence_only,1,cpu_persistence_descriptive,False,directionally_consistent
cpu_core_weighted,persistence,8,mint,-9.927989226359416e-15,-1.3296767342753871e-14,-7.590583036882079e-15,1.0,0.0,,accuracy_neutral,coherence_only,1,cpu_persistence_descriptive,False,mixed
cpu_core_weighted,persistence,8,bottom_up,0.0,0.0,0.0,0.0,1.0,,accuracy_neutral,coherence_only,2,cpu_persistence_descriptive,False,mixed
cpu_core_weighted,persistence,8,wls,-4.3654820672152247e-16,-6.14339867061575e-16,-2.6207303524509083e-16,1.0,0.0,,accuracy_neutral,coherence_only,2,cpu_persistence_descriptive,False,directionally_consistent
cpu_core_weighted,persistence,8,mint,7.023578739985497e-16,4.147307230069736e-16,9.832603032075056e-16,0.0,0.0,,accuracy_neutral,coherence_only,2,cpu_persistence_descriptive,False,mixed
cpu_core_weighted,persistence,16,bottom_up,0.0,0.0,0.0,0.0,1.0,,accuracy_neutral,coherence_only,0,cpu_persistence_descriptive,False,mixed
cpu_core_weighted,persistence,16,wls,9.826461548663655e-14,8.333799883626899e-14,1.1822426595532341e-13,0.0,0.0,,accuracy_neutral,coherence_only,0,cpu_persistence_descriptive,False,mixed
cpu_core_weighted,persistence,16,mint,3.6166889416928757e-14,2.930493661856882e-14,4.4746065742091356e-14,0.0,0.0,,accuracy_neutral,coherence_only,0,cpu_persistence_descriptive,False,directionally_consistent
cpu_core_weighted,persistence,16,bottom_up,0.0,0.0,0.0,0.0,1.0,,accuracy_neutral,coherence_only,1,cpu_persistence_descriptive,False,mixed
cpu_core_weighted,persistence,16,wls,-9.947149896156512e-15,-1.2611004691775964e-14,-7.80746483141356e-15,1.0,0.0,,accuracy_neutral,coherence_only,1,cpu_persistence_descriptive,False,mixed
cpu_core_weighted,persistence,16,mint,-7.996161488312642e-14,-9.550588848755269e-14,-6.784023500559813e-14,1.0,0.0,,accuracy_neutral,coherence_only,1,cpu_persistence_descriptive,False,directionally_consistent
cpu_core_weighted,persistence,16,bottom_up,0.0,0.0,0.0,0.0,1.0,,accuracy_neutral,coherence_only,2,cpu_persistence_descriptive,False,mixed
cpu_core_weighted,persistence,16,wls,3.6061349789149334e-16,-1.7072334743911038e-17,7.470861760662342e-16,0.0306,0.0612,,accuracy_neutral,coherence_only,2,cpu_persistence_descriptive,False,mixed
cpu_core_weighted,persistence,16,mint,-4.756460526884258e-16,-6.144413437810315e-16,-3.3804830432904747e-16,1.0,0.0,,accuracy_neutral,coherence_only,2,cpu_persistence_descriptive,False,directionally_consistent
cpu_core_weighted,ridge,1,bottom_up,-0.1016320551448976,-0.1239834798056071,-0.0808261094333471,1.0,0.0,0.0,substantial_improvement,pareto_improvement,0,cpu_ridge,True,strongly_consistent
cpu_core_weighted,ridge,1,wls,-0.0861078601433608,-0.1021968361223216,-0.0721095152031203,1.0,0.0,0.0,substantial_improvement,aggregate_focused_improvement,0,cpu_ridge,True,strongly_consistent
cpu_core_weighted,ridge,1,mint,-0.0968932719375758,-0.1161657290892993,-0.079772380966954,1.0,0.0,0.0,substantial_improvement,pareto_improvement,0,cpu_ridge,True,strongly_consistent
cpu_core_weighted,ridge,1,bottom_up,-0.1180861419290179,-0.1436964551240965,-0.0972115920652999,1.0,0.0,0.0,substantial_improvement,pareto_improvement,1,cpu_ridge,True,strongly_consistent
cpu_core_weighted,ridge,1,wls,-0.0998326504954527,-0.1180836908826441,-0.085593598140774,1.0,0.0,0.0,substantial_improvement,aggregate_focused_improvement,1,cpu_ridge,True,strongly_consistent
cpu_core_weighted,ridge,1,mint,-0.1025766055163394,-0.121555918016311,-0.0877356867488779,1.0,0.0,0.0,substantial_improvement,aggregate_focused_improvement,1,cpu_ridge,True,strongly_consistent
cpu_core_weighted,ridge,1,bottom_up,-0.0569147403579616,-0.0744573759620417,-0.0385993252128469,1.0,0.0,0.0,substantial_improvement,pareto_improvement,2,cpu_ridge,True,strongly_consistent
cpu_core_weighted,ridge,1,wls,-0.0591634167805351,-0.0713103069231957,-0.0471904260325691,1.0,0.0,0.0,substantial_improvement,pareto_improvement,2,cpu_ridge,True,strongly_consistent
cpu_core_weighted,ridge,1,mint,-0.061731969288064,-0.0757499952047544,-0.047809532712166,1.0,0.0,0.0,substantial_improvement,pareto_improvement,2,cpu_ridge,True,strongly_consistent
cpu_core_weighted,ridge,8,bottom_up,-0.1036504194909226,-0.1291084891454615,-0.0814518409244521,1.0,0.0,0.0,substantial_improvement,pareto_improvement,0,cpu_ridge,True,strongly_consistent
cpu_core_weighted,ridge,8,wls,-0.0844394502612562,-0.1015517573247701,-0.0701773282333742,1.0,0.0,0.0,substantial_improvement,aggregate_focused_improvement,0,cpu_ridge,True,strongly_consistent
cpu_core_weighted,ridge,8,mint,-0.0983184707010131,-0.1200166506022386,-0.0796783453760919,1.0,0.0,0.0,substantial_improvement,pareto_improvement,0,cpu_ridge,True,strongly_consistent
cpu_core_weighted,ridge,8,bottom_up,-0.1168410930883637,-0.1449601929109735,-0.0946660087740376,1.0,0.0,0.0,substantial_improvement,pareto_improvement,1,cpu_ridge,True,strongly_consistent
cpu_core_weighted,ridge,8,wls,-0.0980827345127191,-0.1178091018659316,-0.0827469324887329,1.0,0.0,0.0,substantial_improvement,aggregate_focused_improvement,1,cpu_ridge,True,strongly_consistent
cpu_core_weighted,ridge,8,mint,-0.1011141079122268,-0.1217317504115464,-0.0850350712183817,1.0,0.0,0.0,substantial_improvement,aggregate_focused_improvement,1,cpu_ridge,True,strongly_consistent
cpu_core_weighted,ridge,8,bottom_up,-0.0660017249184441,-0.0841147925469859,-0.0463206490063653,1.0,0.0,0.0,substantial_improvement,pareto_improvement,2,cpu_ridge,True,strongly_consistent
cpu_core_weighted,ridge,8,wls,-0.0644661407960494,-0.0770381393726332,-0.0509875356553974,1.0,0.0,0.0,substantial_improvement,pareto_improvement,2,cpu_ridge,True,strongly_consistent
cpu_core_weighted,ridge,8,mint,-0.0681434968401751,-0.0827242321400789,-0.0525914942540661,1.0,0.0,0.0,substantial_improvement,pareto_improvement,2,cpu_ridge,True,strongly_consistent
cpu_core_weighted,ridge,16,bottom_up,-0.1072658424133939,-0.1344175794808335,-0.0847086371192561,1.0,0.0,0.0,substantial_improvement,pareto_improvement,0,cpu_ridge,True,strongly_consistent
cpu_core_weighted,ridge,16,wls,-0.0861720536410025,-0.1047742337311145,-0.0712266569851021,1.0,0.0,0.0,substantial_improvement,aggregate_focused_improvement,0,cpu_ridge,True,strongly_consistent
cpu_core_weighted,ridge,16,mint,-0.1014357264368375,-0.1253731296177167,-0.0821160523664346,1.0,0.0,0.0,substantial_improvement,pareto_improvement,0,cpu_ridge,True,strongly_consistent
cpu_core_weighted,ridge,16,bottom_up,-0.1176994173655411,-0.1471578947835123,-0.0948027606567042,1.0,0.0,0.0,substantial_improvement,pareto_improvement,1,cpu_ridge,True,strongly_consistent
cpu_core_weighted,ridge,16,wls,-0.0989785070418635,-0.1200558461284272,-0.0832896301560284,1.0,0.0,0.0,substantial_improvement,aggregate_focused_improvement,1,cpu_ridge,True,strongly_consistent
cpu_core_weighted,ridge,16,mint,-0.1021284844818822,-0.1241377872777976,-0.0856418385959605,1.0,0.0,0.0,substantial_improvement,aggregate_focused_improvement,1,cpu_ridge,True,strongly_consistent
cpu_core_weighted,ridge,16,bottom_up,-0.0618000893390227,-0.082647055487024,-0.0409709453303677,1.0,0.0,0.0,substantial_improvement,pareto_improvement,2,cpu_ridge,True,strongly_consistent
cpu_core_weighted,ridge,16,wls,-0.0614635933394532,-0.0759274382903821,-0.04762757873683,1.0,0.0,0.0,substantial_improvement,pareto_improvement,2,cpu_ridge,True,strongly_consistent
cpu_core_weighted,ridge,16,mint,-0.0645072238249258,-0.0809197222165206,-0.0485732370486103,1.0,0.0,0.0,substantial_improvement,pareto_improvement,2,cpu_ridge,True,strongly_consistent
cpu_core_weighted,lightgbm,1,bottom_up,-0.0933089925624334,-0.1310077321095921,-0.055331543094769,1.0,0.0,0.0,substantial_improvement,pareto_improvement,0,cpu_lightgbm,True,strongly_consistent
cpu_core_weighted,lightgbm,1,wls,-0.0987676459152578,-0.1195181678929536,-0.0783225367280908,1.0,0.0,0.0,substantial_improvement,aggregate_focused_improvement,0,cpu_lightgbm,True,strongly_consistent
cpu_core_weighted,lightgbm,1,mint,-0.10071003332852,-0.1226906074553549,-0.0790339544839074,1.0,0.0,0.0,substantial_improvement,aggregate_focused_improvement,0,cpu_lightgbm,True,strongly_consistent
cpu_core_weighted,lightgbm,1,bottom_up,-0.0771792523665338,-0.1223417383892245,-0.0333001982225351,0.9988,0.0024,0.0048,substantial_improvement,pareto_improvement,1,cpu_lightgbm,True,strongly_consistent
cpu_core_weighted,lightgbm,1,wls,-0.0856679648323926,-0.1132795903294471,-0.0573357563217711,1.0,0.0,0.0,substantial_improvement,aggregate_focused_improvement,1,cpu_lightgbm,True,strongly_consistent
cpu_core_weighted,lightgbm,1,mint,-0.0859975055022619,-0.1142343553252091,-0.0571299675355164,1.0,0.0,0.0,substantial_improvement,aggregate_focused_improvement,1,cpu_lightgbm,True,strongly_consistent
cpu_core_weighted,lightgbm,1,bottom_up,-0.1119560758878647,-0.145297733150471,-0.0749104121211508,1.0,0.0,0.0,substantial_improvement,pareto_improvement,2,cpu_lightgbm,True,strongly_consistent
cpu_core_weighted,lightgbm,1,wls,-0.1154836356358882,-0.1384426837120964,-0.0913178054419174,1.0,0.0,0.0,substantial_improvement,aggregate_focused_improvement,2,cpu_lightgbm,True,strongly_consistent
cpu_core_weighted,lightgbm,1,mint,-0.1200825828937573,-0.1476151620794121,-0.0898174929063283,1.0,0.0,0.0,substantial_improvement,pareto_improvement,2,cpu_lightgbm,True,strongly_consistent
cpu_core_weighted,lightgbm,8,bottom_up,-0.0855442234357979,-0.1261671124365099,-0.0470826930364169,1.0,0.0,0.0,substantial_improvement,pareto_improvement,0,cpu_lightgbm,True,strongly_consistent
cpu_core_weighted,lightgbm,8,wls,-0.0948958823097138,-0.115982088493064,-0.0756753271843489,1.0,0.0,0.0,substantial_improvement,aggregate_focused_improvement,0,cpu_lightgbm,True,strongly_consistent
cpu_core_weighted,lightgbm,8,mint,-0.1006064818253288,-0.1264103615879657,-0.077330025419469,1.0,0.0,0.0,substantial_improvement,aggregate_focused_improvement,0,cpu_lightgbm,True,strongly_consistent
cpu_core_weighted,lightgbm,8,bottom_up,-0.0786839460597247,-0.1277432606537507,-0.0316498563876759,0.9996,0.0008,0.0032,substantial_improvement,pareto_improvement,1,cpu_lightgbm,True,strongly_consistent
cpu_core_weighted,lightgbm,8,wls,-0.0864744953650499,-0.1154364023734721,-0.0573598877861618,1.0,0.0,0.0,substantial_improvement,aggregate_focused_improvement,1,cpu_lightgbm,True,strongly_consistent
cpu_core_weighted,lightgbm,8,mint,-0.0860160713935878,-0.1143907180204396,-0.0574906125679923,1.0,0.0,0.0,substantial_improvement,aggregate_focused_improvement,1,cpu_lightgbm,True,strongly_consistent
cpu_core_weighted,lightgbm,8,bottom_up,-0.098098439035294,-0.1342768797523754,-0.0581835382237925,1.0,0.0,0.0,substantial_improvement,pareto_improvement,2,cpu_lightgbm,True,strongly_consistent
cpu_core_weighted,lightgbm,8,wls,-0.1063778253278368,-0.1312934294556903,-0.0800199306217958,1.0,0.0,0.0,substantial_improvement,pareto_improvement,2,cpu_lightgbm,True,strongly_consistent
cpu_core_weighted,lightgbm,8,mint,-0.1079850266914408,-0.1380641933115599,-0.0756158153641432,1.0,0.0,0.0,substantial_improvement,pareto_improvement,2,cpu_lightgbm,True,strongly_consistent
cpu_core_weighted,lightgbm,16,bottom_up,-0.0773745000034978,-0.1252840572515126,-0.028923053472727,0.9996,0.0008,0.0032,substantial_improvement,pareto_improvement,0,cpu_lightgbm,True,strongly_consistent
cpu_core_weighted,lightgbm,16,wls,-0.0887298405573946,-0.1133702849308594,-0.0645821817750423,1.0,0.0,0.0,substantial_improvement,aggregate_focused_improvement,0,cpu_lightgbm,True,strongly_consistent
cpu_core_weighted,lightgbm,16,mint,-0.0932266438937152,-0.1241516739287068,-0.0631819267539927,1.0,0.0,0.0,substantial_improvement,aggregate_focused_improvement,0,cpu_lightgbm,True,strongly_consistent
cpu_core_weighted,lightgbm,16,bottom_up,-0.0756850951051728,-0.1259852105611831,-0.0293450914674387,0.9982,0.0036,0.0048,substantial_improvement,pareto_improvement,1,cpu_lightgbm,True,strongly_consistent
cpu_core_weighted,lightgbm,16,wls,-0.0873873796176533,-0.1179393047631855,-0.0570130200043684,1.0,0.0,0.0,substantial_improvement,aggregate_focused_improvement,1,cpu_lightgbm,True,strongly_consistent
cpu_core_weighted,lightgbm,16,mint,-0.0863291505954958,-0.1154730413314151,-0.0572313508817904,1.0,0.0,0.0,substantial_improvement,aggregate_focused_improvement,1,cpu_lightgbm,True,strongly_consistent
cpu_core_weighted,lightgbm,16,bottom_up,-0.1111392780178638,-0.1452707527418825,-0.0751490293441645,1.0,0.0,0.0,substantial_improvement,pareto_improvement,2,cpu_lightgbm,True,strongly_consistent
cpu_core_weighted,lightgbm,16,wls,-0.1160214460539701,-0.1392365366589506,-0.0912807027462387,1.0,0.0,0.0,substantial_improvement,pareto_improvement,2,cpu_lightgbm,True,strongly_consistent
cpu_core_weighted,lightgbm,16,mint,-0.119242112870843,-0.1475714036150374,-0.0896639937970474,1.0,0.0,0.0,substantial_improvement,pareto_improvement,2,cpu_lightgbm,True,strongly_consistent
cpu_core_weighted,dlinear,1,bottom_up,-0.0715281609392741,-0.0926037780892894,-0.0512135325400868,1.0,0.0,0.0,substantial_improvement,pareto_improvement,0,cpu_dlinear,True,strongly_consistent
cpu_core_weighted,dlinear,1,wls,-0.0631241665013568,-0.0778468978828488,-0.0493755496784983,1.0,0.0,0.0,substantial_improvement,pareto_improvement,0,cpu_dlinear,True,strongly_consistent
cpu_core_weighted,dlinear,1,mint,-0.0690703928356879,-0.0864047933760045,-0.0528877970871683,1.0,0.0,0.0,substantial_improvement,pareto_improvement,0,cpu_dlinear,True,strongly_consistent
cpu_core_weighted,dlinear,1,bottom_up,-0.1182097734542936,-0.1417521841265584,-0.0990523134123308,1.0,0.0,0.0,substantial_improvement,pareto_improvement,1,cpu_dlinear,True,strongly_consistent
cpu_core_weighted,dlinear,1,wls,-0.0977921306276794,-0.1144078431824921,-0.0847649545963958,1.0,0.0,0.0,substantial_improvement,aggregate_focused_improvement,1,cpu_dlinear,True,strongly_consistent
cpu_core_weighted,dlinear,1,mint,-0.0994519825898281,-0.1164579481685014,-0.0861665613225491,1.0,0.0,0.0,substantial_improvement,aggregate_focused_improvement,1,cpu_dlinear,True,strongly_consistent
cpu_core_weighted,dlinear,1,bottom_up,-0.0512584022680809,-0.0663028130968989,-0.03515283190027,1.0,0.0,0.0,substantial_improvement,pareto_improvement,2,cpu_dlinear,True,strongly_consistent
cpu_core_weighted,dlinear,1,wls,-0.0522380717598631,-0.0616923302336848,-0.0426257974291498,1.0,0.0,0.0,substantial_improvement,pareto_improvement,2,cpu_dlinear,True,strongly_consistent
cpu_core_weighted,dlinear,1,mint,-0.0544221913164104,-0.0652267031087855,-0.0429063234970355,1.0,0.0,0.0,substantial_improvement,pareto_improvement,2,cpu_dlinear,True,strongly_consistent
cpu_core_weighted,dlinear,8,bottom_up,-0.0715592469589096,-0.093180931300903,-0.0529676083188324,1.0,0.0,0.0,substantial_improvement,pareto_improvement,0,cpu_dlinear,True,strongly_consistent
cpu_core_weighted,dlinear,8,wls,-0.0581057617665385,-0.0726744225440897,-0.0457793323424481,1.0,0.0,0.0,substantial_improvement,pareto_improvement,0,cpu_dlinear,True,strongly_consistent
cpu_core_weighted,dlinear,8,mint,-0.067401567783851,-0.0857304073806907,-0.0518560273201706,1.0,0.0,0.0,substantial_improvement,pareto_improvement,0,cpu_dlinear,True,strongly_consistent
cpu_core_weighted,dlinear,8,bottom_up,-0.0943247750971397,-0.1250371004729721,-0.0713517890697219,1.0,0.0,0.0,substantial_improvement,pareto_improvement,1,cpu_dlinear,True,strongly_consistent
cpu_core_weighted,dlinear,8,wls,-0.0759971584908335,-0.0969265897763357,-0.060633278083209,1.0,0.0,0.0,substantial_improvement,aggregate_focused_improvement,1,cpu_dlinear,True,strongly_consistent
cpu_core_weighted,dlinear,8,mint,-0.0773891415123241,-0.098796255067812,-0.061616991619573,1.0,0.0,0.0,substantial_improvement,aggregate_focused_improvement,1,cpu_dlinear,True,strongly_consistent
cpu_core_weighted,dlinear,8,bottom_up,-0.0369194527238101,-0.0540225896545446,-0.0191844877194259,1.0,0.0,0.0,modest_improvement,pareto_improvement,2,cpu_dlinear,True,strongly_consistent
cpu_core_weighted,dlinear,8,wls,-0.0411257096960221,-0.0522046776975686,-0.0294604489197636,1.0,0.0,0.0,modest_improvement,pareto_improvement,2,cpu_dlinear,True,strongly_consistent
cpu_core_weighted,dlinear,8,mint,-0.0421509604698407,-0.0546634291292575,-0.0290547153008005,1.0,0.0,0.0,modest_improvement,pareto_improvement,2,cpu_dlinear,True,strongly_consistent
cpu_core_weighted,dlinear,16,bottom_up,-0.0692192382094032,-0.0959015286795559,-0.0482581618228772,1.0,0.0,0.0,substantial_improvement,pareto_improvement,0,cpu_dlinear,True,strongly_consistent
cpu_core_weighted,dlinear,16,wls,-0.0606073750070855,-0.0784825561810929,-0.0466848169505852,1.0,0.0,0.0,substantial_improvement,pareto_improvement,0,cpu_dlinear,True,strongly_consistent
cpu_core_weighted,dlinear,16,mint,-0.0674392285731934,-0.0886453171569947,-0.050830434191578,1.0,0.0,0.0,substantial_improvement,pareto_improvement,0,cpu_dlinear,True,strongly_consistent
cpu_core_weighted,dlinear,16,bottom_up,-0.1038757324816176,-0.1308228949972756,-0.0821352786721621,1.0,0.0,0.0,substantial_improvement,pareto_improvement,1,cpu_dlinear,True,strongly_consistent
cpu_core_weighted,dlinear,16,wls,-0.0867761658006586,-0.1053579461997127,-0.0723190453858994,1.0,0.0,0.0,substantial_improvement,aggregate_focused_improvement,1,cpu_dlinear,True,strongly_consistent
cpu_core_weighted,dlinear,16,mint,-0.089057680264674,-0.1082896723110663,-0.0740674396438175,1.0,0.0,0.0,substantial_improvement,pareto_improvement,1,cpu_dlinear,True,strongly_consistent
cpu_core_weighted,dlinear,16,bottom_up,-0.0437529706294919,-0.0654471480395372,-0.0229377895411908,1.0,0.0,0.0,modest_improvement,pareto_improvement,2,cpu_dlinear,True,strongly_consistent
cpu_core_weighted,dlinear,16,wls,-0.0476158078118804,-0.0626471733849135,-0.0341616893474007,1.0,0.0,0.0,modest_improvement,pareto_improvement,2,cpu_dlinear,True,strongly_consistent
cpu_core_weighted,dlinear,16,mint,-0.0488782187186385,-0.0656306651991728,-0.033654356737889,1.0,0.0,0.0,modest_improvement,pareto_improvement,2,cpu_dlinear,True,strongly_consistent
disk_ud,persistence,1,bottom_up,0.0,0.0,0.0,0.0,1.0,,accuracy_neutral,coherence_only,0,disk_persistence_descriptive,False,mixed
disk_ud,persistence,1,top_down,0.0,0.0,0.0,0.0,1.0,,accuracy_neutral,accuracy_costly_coherence,0,disk_persistence_descriptive,False,mixed
disk_ud,persistence,1,wls,2.2278979951581095e-11,1.8463961817987187e-11,2.758379890987299e-11,0.0,0.0,,accuracy_neutral,coherence_only,0,disk_persistence_descriptive,False,mixed
disk_ud,persistence,1,mint,3.7823825296493174e-11,3.1367165985790966e-11,4.6813736130755873e-11,0.0,0.0,,accuracy_neutral,coherence_only,0,disk_persistence_descriptive,False,consistently_harmful
disk_ud,persistence,1,bottom_up,0.0,0.0,0.0,0.0,1.0,,accuracy_neutral,coherence_only,1,disk_persistence_descriptive,False,mixed
disk_ud,persistence,1,top_down,0.0,0.0,0.0,0.0,1.0,,accuracy_neutral,coherence_only,1,disk_persistence_descriptive,False,mixed
disk_ud,persistence,1,wls,-4.5537502620457105e-11,-6.048147497281449e-11,-3.6186195031991495e-11,1.0,0.0,,accuracy_neutral,coherence_only,1,disk_persistence_descriptive,False,mixed
disk_ud,persistence,1,mint,1.6105077629648134e-10,1.2747815239424426e-10,2.1454524268067328e-10,0.0,0.0,,accuracy_neutral,coherence_only,1,disk_persistence_descriptive,False,consistently_harmful
disk_ud,persistence,1,bottom_up,0.0,0.0,0.0,0.0,1.0,,accuracy_neutral,coherence_only,2,disk_persistence_descriptive,False,mixed
disk_ud,persistence,1,top_down,0.0,0.0,0.0,0.0,1.0,,accuracy_neutral,coherence_only,2,disk_persistence_descriptive,False,mixed
disk_ud,persistence,1,wls,2.968268605246164e-11,2.4501640899724345e-11,3.671406061599168e-11,0.0,0.0,,accuracy_neutral,coherence_only,2,disk_persistence_descriptive,False,mixed
disk_ud,persistence,1,mint,3.70015753760828e-11,3.0525237523154276e-11,4.577454938452726e-11,0.0,0.0,,accuracy_neutral,coherence_only,2,disk_persistence_descriptive,False,consistently_harmful
disk_ud,persistence,8,bottom_up,0.0,0.0,0.0,0.0,1.0,,accuracy_neutral,coherence_only,0,disk_persistence_descriptive,False,mixed
disk_ud,persistence,8,top_down,0.0,0.0,0.0,0.0,1.0,,accuracy_neutral,accuracy_costly_coherence,0,disk_persistence_descriptive,False,mixed
disk_ud,persistence,8,wls,-1.2404124318131004e-11,-1.5298073318858068e-11,-1.0282194166088197e-11,1.0,0.0,,accuracy_neutral,coherence_only,0,disk_persistence_descriptive,False,directionally_consistent
disk_ud,persistence,8,mint,4.541559339563747e-12,3.7640350205587766e-12,5.608900681982238e-12,0.0,0.0,,accuracy_neutral,coherence_only,0,disk_persistence_descriptive,False,mixed
disk_ud,persistence,8,bottom_up,0.0,0.0,0.0,0.0,1.0,,accuracy_neutral,coherence_only,1,disk_persistence_descriptive,False,mixed
disk_ud,persistence,8,top_down,0.0,0.0,0.0,0.0,1.0,,accuracy_neutral,coherence_only,1,disk_persistence_descriptive,False,mixed
disk_ud,persistence,8,wls,-1.952992793243229e-12,-3.295493620501698e-12,-7.398908286322715e-13,0.9992,0.0016,,accuracy_neutral,coherence_only,1,disk_persistence_descriptive,False,directionally_consistent
disk_ud,persistence,8,mint,1.1654279263011564e-10,9.194362427090864e-11,1.559394731639645e-10,0.0,0.0,,accuracy_neutral,coherence_only,1,disk_persistence_descriptive,False,mixed
disk_ud,persistence,8,bottom_up,0.0,0.0,0.0,0.0,1.0,,accuracy_neutral,coherence_only,2,disk_persistence_descriptive,False,mixed
disk_ud,persistence,8,top_down,0.0,0.0,0.0,0.0,1.0,,accuracy_neutral,coherence_only,2,disk_persistence_descriptive,False,mixed
disk_ud,persistence,8,wls,6.676251548754634e-13,5.463172653559698e-13,8.296020205302099e-13,0.0,0.0,,accuracy_neutral,coherence_only,2,disk_persistence_descriptive,False,directionally_consistent
disk_ud,persistence,8,mint,-2.583092209383059e-11,-3.2066613063511323e-11,-2.120647178572292e-11,1.0,0.0,,accuracy_neutral,coherence_only,2,disk_persistence_descriptive,False,mixed
disk_ud,ridge,1,bottom_up,0.1702714568218415,0.122488193489708,0.2315370258692896,0.0,0.0,0.0,substantial_degradation,accuracy_costly_coherence,0,disk_ridge,True,unstable
disk_ud,ridge,1,top_down,0.0,0.0,0.0,0.0,1.0,1.0,accuracy_neutral,accuracy_costly_coherence,0,disk_ridge,False,mixed
disk_ud,ridge,1,wls,0.0398329427101835,0.0172964923408045,0.0681041536490118,0.0,0.0,0.0,modest_degradation,accuracy_costly_coherence,0,disk_ridge,True,mixed
disk_ud,ridge,1,mint,0.0228780689877235,0.0054924802906587,0.0447118484376023,0.004,0.008,0.072,modest_degradation,accuracy_costly_coherence,0,disk_ridge,False,mixed
disk_ud,ridge,1,bottom_up,0.2949651260001284,0.2211026725262162,0.4066951669746431,0.0,0.0,0.0,substantial_degradation,accuracy_costly_coherence,1,disk_ridge,True,unstable
disk_ud,ridge,1,top_down,0.0,0.0,0.0,0.0,1.0,1.0,accuracy_neutral,accuracy_costly_coherence,1,disk_ridge,False,mixed
disk_ud,ridge,1,wls,0.0924490993436074,0.0595978333383769,0.1424065885603524,0.0,0.0,0.0,substantial_degradation,accuracy_costly_coherence,1,disk_ridge,True,mixed
disk_ud,ridge,1,mint,0.045961143839671,0.0240539486708899,0.0785662704613704,0.0,0.0,0.0,modest_degradation,accuracy_costly_coherence,1,disk_ridge,True,mixed
disk_ud,ridge,1,bottom_up,0.0146636858213597,-0.0010248314602404,0.0291751032838416,0.0324,0.0648,0.5184,accuracy_neutral,coherence_only,2,disk_ridge,False,unstable
disk_ud,ridge,1,top_down,0.0,0.0,0.0,0.0,1.0,1.0,accuracy_neutral,accuracy_costly_coherence,2,disk_ridge,False,mixed
disk_ud,ridge,1,wls,-0.0184041918251741,-0.0269689884496116,-0.0109092208625003,1.0,0.0,0.0,accuracy_neutral,coherence_only,2,disk_ridge,True,mixed
disk_ud,ridge,1,mint,-0.0176419348430101,-0.0244686508226529,-0.0116740123074633,1.0,0.0,0.0,accuracy_neutral,coherence_only,2,disk_ridge,True,mixed
disk_ud,ridge,8,bottom_up,0.170788174917848,0.1232717814605247,0.2316316243861461,0.0,0.0,0.0,substantial_degradation,accuracy_costly_coherence,0,disk_ridge,True,unstable
disk_ud,ridge,8,top_down,0.0,0.0,0.0,0.0,1.0,1.0,accuracy_neutral,accuracy_costly_coherence,0,disk_ridge,False,mixed
disk_ud,ridge,8,wls,0.0441818905168935,0.0207297126019681,0.0736430533829245,0.0002,0.0004,0.0048,modest_degradation,accuracy_costly_coherence,0,disk_ridge,True,mixed
disk_ud,ridge,8,mint,0.0315001261996693,0.011709657043806,0.0562901862768859,0.0008,0.0016,0.0176,modest_degradation,accuracy_costly_coherence,0,disk_ridge,True,mixed
disk_ud,ridge,8,bottom_up,0.224460247558872,0.159545387408595,0.3252884250476784,0.0,0.0,0.0,substantial_degradation,accuracy_costly_coherence,1,disk_ridge,True,unstable
disk_ud,ridge,8,top_down,0.0,0.0,0.0,0.0,1.0,1.0,accuracy_neutral,accuracy_costly_coherence,1,disk_ridge,False,mixed
disk_ud,ridge,8,wls,0.0593650429476112,0.0283095880041272,0.1060148345142511,0.0,0.0,0.0,substantial_degradation,accuracy_costly_coherence,1,disk_ridge,True,mixed
disk_ud,ridge,8,mint,0.0263080411840505,0.0057127934338421,0.0565732910932972,0.0028,0.0056,0.056,modest_degradation,accuracy_costly_coherence,1,disk_ridge,False,mixed
disk_ud,ridge,8,bottom_up,0.0148108768878599,-0.0012438959483522,0.0293746836681584,0.0338,0.0676,0.5184,accuracy_neutral,coherence_only,2,disk_ridge,False,unstable
disk_ud,ridge,8,top_down,0.0,0.0,0.0,0.0,1.0,1.0,accuracy_neutral,accuracy_costly_coherence,2,disk_ridge,False,mixed
disk_ud,ridge,8,wls,-0.0183057620276011,-0.0272794922891512,-0.0106744395327912,1.0,0.0,0.0,accuracy_neutral,coherence_only,2,disk_ridge,True,mixed
disk_ud,ridge,8,mint,-0.017574762465731,-0.0246456619406215,-0.0115814580975793,1.0,0.0,0.0,accuracy_neutral,coherence_only,2,disk_ridge,True,mixed
disk_ud,lightgbm,1,bottom_up,8.0615991334025,6.888688268319738,9.482505493028892,0.0,0.0,0.0,substantial_degradation,accuracy_costly_coherence,0,disk_lightgbm,True,unstable
disk_ud,lightgbm,1,top_down,0.0,0.0,0.0,0.0,1.0,1.0,accuracy_neutral,accuracy_costly_coherence,0,disk_lightgbm,False,mixed
disk_ud,lightgbm,1,wls,4.153692780435707,3.514338156616206,4.934113417747041,0.0,0.0,0.0,substantial_degradation,accuracy_costly_coherence,0,disk_lightgbm,True,unstable
disk_ud,lightgbm,1,mint,4.969001167531352,4.2113333845875305,5.88865442506585,0.0,0.0,0.0,substantial_degradation,accuracy_costly_coherence,0,disk_lightgbm,True,unstable
disk_ud,lightgbm,1,bottom_up,4.204766659753241,3.9668276312798136,4.492903133105125,0.0,0.0,0.0,substantial_degradation,accuracy_costly_coherence,1,disk_lightgbm,True,unstable
disk_ud,lightgbm,1,top_down,0.0,0.0,0.0,0.0,1.0,1.0,accuracy_neutral,accuracy_costly_coherence,1,disk_lightgbm,False,mixed
disk_ud,lightgbm,1,wls,0.2771189406742233,0.2629106063019999,0.2939817317572912,0.0,0.0,0.0,substantial_degradation,accuracy_costly_coherence,1,disk_lightgbm,True,unstable
disk_ud,lightgbm,1,mint,-0.0292364286877071,-0.0308747368215555,-0.027736116020436,1.0,0.0,0.0,modest_improvement,pareto_improvement,1,disk_lightgbm,True,unstable
disk_ud,lightgbm,1,bottom_up,6.414938945041829,4.727244691130371,9.450720942547704,0.0,0.0,0.0,substantial_degradation,accuracy_costly_coherence,2,disk_lightgbm,True,unstable
disk_ud,lightgbm,1,top_down,0.0,0.0,0.0,0.0,1.0,1.0,accuracy_neutral,accuracy_costly_coherence,2,disk_lightgbm,False,mixed
disk_ud,lightgbm,1,wls,2.193496783772435,1.3330922926931614,3.740897665344069,0.0,0.0,0.0,substantial_degradation,accuracy_costly_coherence,2,disk_lightgbm,True,unstable
disk_ud,lightgbm,1,mint,3.121910582203689,2.078959321608476,4.990653944349546,0.0,0.0,0.0,substantial_degradation,accuracy_costly_coherence,2,disk_lightgbm,True,unstable
disk_ud,lightgbm,8,bottom_up,8.665741611714822,7.413020618098886,10.213608759689118,0.0,0.0,0.0,substantial_degradation,accuracy_costly_coherence,0,disk_lightgbm,True,unstable
disk_ud,lightgbm,8,top_down,0.0,0.0,0.0,0.0,1.0,1.0,accuracy_neutral,accuracy_costly_coherence,0,disk_lightgbm,False,mixed
disk_ud,lightgbm,8,wls,5.490974284494917,4.650897193837996,6.515649824270985,0.0,0.0,0.0,substantial_degradation,accuracy_costly_coherence,0,disk_lightgbm,True,unstable
disk_ud,lightgbm,8,mint,6.760274038308801,5.7523963164953145,7.994427151573363,0.0,0.0,0.0,substantial_degradation,accuracy_costly_coherence,0,disk_lightgbm,True,unstable
disk_ud,lightgbm,8,bottom_up,1.4329023428863308,1.2788804371668785,1.6229887707645902,0.0,0.0,0.0,substantial_degradation,accuracy_costly_coherence,1,disk_lightgbm,True,unstable
disk_ud,lightgbm,8,top_down,0.0,0.0,0.0,0.0,1.0,1.0,accuracy_neutral,accuracy_costly_coherence,1,disk_lightgbm,False,mixed
disk_ud,lightgbm,8,wls,0.1229285713964224,0.1100868400857023,0.1382075159347094,0.0,0.0,0.0,substantial_degradation,accuracy_costly_coherence,1,disk_lightgbm,True,unstable
disk_ud,lightgbm,8,mint,0.094046857569682,0.0834394488136926,0.1064223914971981,0.0,0.0,0.0,substantial_degradation,accuracy_costly_coherence,1,disk_lightgbm,True,unstable
disk_ud,lightgbm,8,bottom_up,15.210982897038615,12.433158541882504,21.30586050771815,0.0,0.0,0.0,substantial_degradation,accuracy_costly_coherence,2,disk_lightgbm,True,unstable
disk_ud,lightgbm,8,top_down,0.0,0.0,0.0,0.0,1.0,1.0,accuracy_neutral,accuracy_costly_coherence,2,disk_lightgbm,False,mixed
disk_ud,lightgbm,8,wls,3.5214350902911833,2.8782016987724637,4.942919798234909,0.0,0.0,0.0,substantial_degradation,accuracy_costly_coherence,2,disk_lightgbm,True,unstable
disk_ud,lightgbm,8,mint,5.284268915905346,4.320061717708538,7.4236760905087245,0.0,0.0,0.0,substantial_degradation,accuracy_costly_coherence,2,disk_lightgbm,True,unstable
