fold,horizon,series,train_ymin,train_ymed,train_ymax,eval_ymin,eval_ymed,eval_ymax,pred_ymin,pred_ymed,pred_ymax,pct_finite_all_series,pct_negative_all_series,pct_negative_top,scaled_mae_top,inverse_transformed_mae_top,pred_to_target_median_ratio,pred_to_target_range_ratio,y_mean_train,y_std_train,magnitude_alignment_ok,n_test
0,16,cluster_UM,113481224192.0,116048105472.0,181478932480.0,115448389632.0,120038010880.0,178617548800.0,115488412762.12288,119536938280.57625,146552289214.56955,100.0,0.0,0.0,0.32435263843413026,1349931371.2096462,0.9958257172394779,0.49175700391755245,116914410134.71704,4161925050.8541517,True,8261
0,16,machine01_UM,,,,16703700992.0,17727590400.0,38314332160.0,16488874093.933067,17602701126.007557,27149694517.645737,100.0,0.0,,,454853978.4493598,0.9929550902759777,0.49331370013378917,,,True,8261
0,16,machine02_UM,,,,12449144832.0,13979508736.0,15838748672.0,12478402140.609863,13800786275.026897,15157686435.13597,100.0,0.0,,,223030675.7984921,0.9872153975974236,0.7904417215098818,,,True,8261
0,16,machine03_UM,,,,15302565888.0,15857008640.0,46311505920.0,13110761992.954552,15905659427.010933,29391925317.117805,100.0,0.0,,,545422081.7846897,1.0030680936181247,0.5250473994713053,,,True,8261
0,16,machine04_UM,,,,7189921792.0,7324495872.0,43395637248.0,6862656163.000481,7369714880.150857,26846715549.30788,100.0,0.0,,,433418762.4192545,1.0061736683235387,0.5519586931127927,,,True,8261
0,16,machine05_UM,,,,8226230272.0,8894984192.0,9366597632.0,8305092081.683468,8898222410.487324,9220914591.262457,100.0,0.0,,,63211939.22143862,1.0003640499429145,0.8030942849670732,,,True,8261
0,16,machine06_UM,,,,36902072320.0,36944920576.0,37017866240.0,36916980849.92652,36944193755.48495,36994320456.397026,100.0,0.0,,,5143789.417240438,0.9999803269162927,0.6679073173315556,,,True,8261
0,16,machine07_UM,,,,17473314816.0,19168468992.0,20071784448.0,17591015776.9915,19118439810.46149,19681664597.322193,100.0,0.0,,,108013786.44625838,0.9973900272599032,0.8045692720763312,,,True,8261
0,1,cluster_UM,113481224192.0,116047517696.0,181478932480.0,115448389632.0,120039839744.0,178617548800.0,115416365342.88495,119666119747.87744,150297250671.9935,100.0,0.0,0.0,0.31001301220354816,1288970217.5265772,0.9968867003078348,0.5521822007530912,116912200735.7542,4157793920.857316,True,8276
0,1,machine01_UM,,,,16703700992.0,17728688128.0,38314332160.0,16643315270.052586,17629665047.173096,27950729571.717995,100.0,0.0,,,435879160.5994882,0.994414528581474,0.5232338756680505,,,True,8276
0,1,machine02_UM,,,,12449144832.0,13979389952.0,15838748672.0,12472641072.994682,13744938266.224731,15091630311.318539,100.0,0.0,,,257772018.91407412,0.9832287612992922,0.7726534904810163,,,True,8276
0,1,machine03_UM,,,,15302565888.0,15857297408.0,46311505920.0,11178066213.420517,15889198925.08718,30528976358.59326,100.0,0.0,,,548074446.1739744,1.0020117877760863,0.6240429413325116,,,True,8276
0,1,machine04_UM,,,,7189921792.0,7324549120.0,43395637248.0,6692275313.960838,7367298315.2674885,24881166864.033764,100.0,0.0,,,448668427.54464847,1.0058364268662983,0.5023762497437037,,,True,8276
0,1,machine05_UM,,,,8226230272.0,8895133696.0,9366597632.0,8292147394.856149,8896015066.597273,9245353231.45886,100.0,0.0,,,61474768.71942239,1.0000990845812323,0.8358761132927478,,,True,8276
0,1,machine06_UM,,,,36902072320.0,36944953344.0,37017866240.0,36916610102.34211,36944076631.9404,36994830675.01611,100.0,0.0,,,5147270.714001471,0.9999762697748881,0.6755153696671086,,,True,8276
0,1,machine07_UM,,,,17473314816.0,19168915456.0,20071784448.0,17581568427.71273,19064218866.387398,19681729260.914482,100.0,0.0,,,132665284.3345005,0.9945382100592535,0.8082298932180677,,,True,8276
0,8,cluster_UM,113481224192.0,116048203776.0,181478932480.0,115448389632.0,120039043072.0,178617548800.0,115481160645.59811,119549007306.9134,147007743487.33252,100.0,0.0,0.0,0.3249125580889531,1351523873.7521622,0.9959176968380807,0.49908188199701453,116913503312.33946,4159654159.5728292,True,8269
0,8,machine01_UM,,,,16703700992.0,17727950848.0,38314332160.0,16642640253.350077,17607163105.51757,27650069568.028404,100.0,0.0,,,439949726.65833753,0.9931865931083593,0.5093525140060512,,,True,8269
0,8,machine02_UM,,,,12449144832.0,13979639808.0,15838748672.0,12476908018.030436,13812325972.636703,15170663707.71539,100.0,0.0,,,217030184.59553775,0.9880316061314005,0.794711068561025,,,True,8269
0,8,machine03_UM,,,,15302565888.0,15857270784.0,46311505920.0,13291972279.833809,15906733445.293768,29448319710.494583,100.0,0.0,,,549070948.1062276,1.0031192417640793,0.521022241133946,,,True,8269
0,8,machine04_UM,,,,7189921792.0,7324520448.0,43395637248.0,6576951465.288057,7377441806.455938,25603477069.55086,100.0,0.0,,,448474465.4354594,1.0072252318539692,0.5255116592678666,,,True,8269
0,8,machine05_UM,,,,8226230272.0,8895062016.0,9366597632.0,8297114782.545692,8897764722.198616,9234675408.925241,100.0,0.0,,,62088727.5072756,1.0003038434351277,0.8221566657077497,,,True,8269
0,8,machine06_UM,,,,36902072320.0,36944941056.0,37017866240.0,36917530600.881134,36943664006.68383,36991587145.34335,100.0,0.0,,,5305230.137884272,0.9999654337162365,0.6395546887282099,,,True,8269
0,8,machine07_UM,,,,17473314816.0,19168833536.0,20071784448.0,17585182617.924385,19099245140.312145,19714168391.717556,100.0,0.0,,,113938050.52756637,0.9963697115133707,0.8193229382305789,,,True,8269
1,16,cluster_UM,113481224192.0,116435652608.0,181478932480.0,115408904192.0,120278175744.0,176082169856.0,116918071280.74179,120205612367.44832,145444819997.43094,100.0,0.0,0.0,0.16975389386816805,846438532.3283072,0.999396703715343,0.47016999010183935,118278075921.78561,4986268727.276775,True,8261
1,16,machine01_UM,,,,17216278528.0,18290139136.0,38466068480.0,16914505334.139957,18199613969.73995,27855821891.73474,100.0,0.0,,,323826852.0686276,0.9950506026451229,0.5148905745567147,,,True,8261
1,16,machine02_UM,,,,8486907904.0,13775376384.0,15795433472.0,10243589960.621956,13853900663.448107,15402302642.152493,100.0,0.0,,,118257904.00369611,1.0057003364016472,0.7058486193326999,,,True,8261
1,16,machine03_UM,,,,15183388672.0,15867715584.0,44826574848.0,14000246429.054249,15924831117.903904,26686505917.385574,100.0,0.0,,,315870699.556846,1.003599480568047,0.42796544922699625,,,True,8261
1,16,machine04_UM,,,,7247716352.0,7329259520.0,37778919424.0,6756544257.987184,7373526502.903808,23433424487.961063,100.0,0.0,,,299131061.45309836,1.0060397619681787,0.5462241429086742,,,True,8261
1,16,machine05_UM,,,,7817588736.0,8821694464.0,12196769792.0,8027340770.444827,8852284578.659573,11084232160.556717,100.0,0.0,,,56792307.96881221,1.0034676007862668,0.6980509257372641,,,True,8261
1,16,machine06_UM,,,,36905984000.0,36984541184.0,37046116352.0,36915935653.03272,36985971574.25836,37029903798.88547,100.0,0.0,,,4541143.957021798,1.000038675354961,0.8132893241722301,,,True,8261
1,16,machine07_UM,,,,14558277632.0,19164545024.0,20474847232.0,16604212530.34959,19189579946.77024,20038161323.56237,100.0,0.0,,,130238951.54312076,1.001306314485363,0.5803952332805786,,,True,8261
1,1,cluster_UM,113481224192.0,116437114880.0,181478932480.0,115408904192.0,120273612800.0,176082169856.0,117092253792.57631,120265053322.58276,147160449743.00583,100.0,0.0,0.0,0.1676864191294581,836589801.3086051,0.9999288332892148,0.4955756974899448,118283630151.93869,4989013455.303956,True,8276
1,1,machine01_UM,,,,17216278528.0,18290229248.0,38466068480.0,17054355902.962463,18211413182.406563,29611606158.257046,100.0,0.0,,,310634180.3999179,0.9956908104034805,0.5909352649442406,,,True,8276
1,1,machine02_UM,,,,8486907904.0,13773834240.0,15795433472.0,10232987618.228748,13841249694.76691,15388578273.848122,100.0,0.0,,,117851994.00601266,1.0048944581147297,0.7054214434431015,,,True,8276
1,1,machine03_UM,,,,15183388672.0,15867025408.0,44826574848.0,13772830467.289474,15939075281.26081,26641133006.83023,100.0,0.0,,,328854318.090123,1.0045408557311872,0.4341065924269408,,,True,8276
1,1,machine04_UM,,,,7247716352.0,7329202176.0,37778919424.0,6665716725.376265,7389524794.727058,23272493532.766006,100.0,0.0,,,303374379.771622,1.008230448182285,0.543928019090074,,,True,8276
1,1,machine05_UM,,,,7817588736.0,8821114880.0,12196769792.0,8024503027.6244955,8849188591.010057,11170234887.703938,100.0,0.0,,,56311693.696724415,1.003182558145083,0.7183379311913616,,,True,8276
1,1,machine06_UM,,,,36905984000.0,36984457216.0,37046116352.0,36915433270.02988,36985824054.51464,37031518278.71089,100.0,0.0,,,4540100.214122165,1.0000369571062422,0.8283954920061216,,,True,8276
1,1,machine07_UM,,,,14558277632.0,19164428288.0,20474847232.0,16272930377.367407,19183316874.042168,20079555305.641777,100.0,0.0,,,127893055.97287975,1.0009856065497136,0.6433837824327073,,,True,8276
1,8,cluster_UM,113481224192.0,116436774912.0,181478932480.0,115408904192.0,120276398080.0,176082169856.0,116900913988.17796,120268994893.588,147850326607.9019,100.0,0.0,0.0,0.16757128733042628,836114125.5450646,0.9999384485524161,0.5100996671436381,118281867608.31409,4989602567.749979,True,8269
1,8,machine01_UM,,,,17216278528.0,18290245632.0,38466068480.0,16988816582.549978,18202383992.53929,29240436029.482304,100.0,0.0,,,315486534.9893914,0.9951962569979383,0.5765524965002875,,,True,8269
1,8,machine02_UM,,,,8486907904.0,13775020032.0,15795433472.0,10427396853.421007,13842896398.563446,15380657423.313536,100.0,0.0,,,118772129.26548038,1.004927496759044,0.6777373252383658,,,True,8269
1,8,machine03_UM,,,,15183388672.0,15867502592.0,44826574848.0,13756818316.808624,15926108136.925943,26454429890.826122,100.0,0.0,,,316219021.5783459,1.0036934321948994,0.4283484069029617,,,True,8269
1,8,machine04_UM,,,,7247716352.0,7329230848.0,37778919424.0,6555560349.083131,7389451557.135502,22881702451.552753,100.0,0.0,,,300414781.62555605,1.0082165114436168,0.5347362848417276,,,True,8269
1,8,machine05_UM,,,,7817588736.0,8821202944.0,12196769792.0,8037922790.349736,8846633249.674623,11154058749.218544,100.0,0.0,,,56390318.3805749,1.00288286142333,0.7115796124938315,,,True,8269
1,8,machine06_UM,,,,36905984000.0,36984508416.0,37046116352.0,36915955475.25753,36984941380.364174,37028181740.56408,100.0,0.0,,,4634760.402473933,1.000011706641043,0.8008590714765786,,,True,8269
1,8,machine07_UM,,,,14558277632.0,19164524544.0,20474847232.0,16715810255.94067,19186145616.643166,20015320461.404095,100.0,0.0,,,131322879.23230718,1.0011281820529137,0.5576728456745316,,,True,8269
2,16,cluster_UM,113481224192.0,119520575488.0,181478932480.0,117320785920.0,119207299072.0,179990249472.0,116271997584.25229,119309887716.17554,148451058756.82498,100.0,0.0,0.0,0.20028232511808716,1056253575.3982915,1.000860590290814,0.5134727401307992,119590649888.55254,5273823213.184293,True,8264
2,16,machine01_UM,,,,17265197056.0,18122704896.0,43426471936.0,16788556474.971786,18139323298.69294,32002185872.434635,100.0,0.0,,,263348701.24592417,1.000916993505567,0.5815324164149774,,,True,8264
2,16,machine02_UM,,,,10703691776.0,13187231744.0,15011741696.0,12242692947.169498,13190533440.206047,14154494069.246326,100.0,0.0,,,116517024.16187097,1.0002503706820463,0.4437741339071642,,,True,8264
2,16,machine03_UM,,,,14875004928.0,15657238528.0,45909262336.0,10792543208.94413,15767149199.395893,26921308879.50469,100.0,0.0,,,629540423.6563805,1.0070197992576622,0.5197084453647307,,,True,8264
2,16,machine04_UM,,,,7274340352.0,7344719872.0,24250015744.0,6881636294.348572,7397927094.237587,15982691477.272682,100.0,0.0,,,365157847.7849238,1.0072442820372804,0.5361233042434999,,,True,8264
2,16,machine05_UM,,,,7986626560.0,8753899520.0,10436030464.0,8235461834.154905,8748727411.113129,10160256746.679077,100.0,0.0,,,55994165.475802794,0.9994091651526209,0.7858217705054217,,,True,8264
2,16,machine06_UM,,,,36885041152.0,36952768512.0,37145100288.0,36898833740.32441,36952562712.59747,37089255089.82338,100.0,0.0,,,4607417.785268101,0.9999944307446826,0.7322232644000249,,,True,8264
2,16,machine07_UM,,,,16743583744.0,19109490688.0,21727277056.0,17727640853.117153,19126675093.86521,20976998691.813942,100.0,0.0,,,167554253.02975148,1.0008992602757332,0.6519979531791841,,,True,8264
2,1,cluster_UM,113481224192.0,119524771840.0,181478932480.0,117320785920.0,119204253696.0,179990249472.0,116269315747.90527,119293246242.88747,148633678680.10413,100.0,0.0,0.0,0.19891391552334292,1048733686.1079497,1.0007465551280947,0.5164295511376847,119592198251.657,5272299242.356822,True,8279
2,1,machine01_UM,,,,17265197056.0,18122485760.0,43426471936.0,16827712715.939117,18116108489.42112,32276700855.390724,100.0,0.0,,,262446604.97114608,0.9996481017745945,0.5905288717891262,,,True,8279
2,1,machine02_UM,,,,10703691776.0,13187932160.0,15011741696.0,11387433466.670208,13198755791.611635,14782853396.827648,100.0,0.0,,,88893739.79892877,1.0008207224210983,0.788157053239866,,,True,8279
2,1,machine03_UM,,,,14875004928.0,15656804352.0,45909262336.0,10997322187.263,15759404595.9417,26904234391.11532,100.0,0.0,,,616887912.2037297,1.0065530769648146,0.5125597817511123,,,True,8279
2,1,machine04_UM,,,,7274340352.0,7344824320.0,24250015744.0,6899042574.08301,7413801651.407709,15821023234.558804,100.0,0.0,,,363097950.176005,1.009391284039277,0.5255744148289021,,,True,8279
2,1,machine05_UM,,,,7986626560.0,8753602560.0,10436030464.0,8222574986.020054,8749603844.300266,10182132522.467749,100.0,0.0,,,55539573.28858106,0.9995431919975433,0.8000140496418898,,,True,8279
2,1,machine06_UM,,,,36885041152.0,36952809472.0,37145100288.0,36898506984.725876,36952434347.70376,37090437190.897446,100.0,0.0,,,4591495.270878508,0.9999898485581583,0.7380252396576824,,,True,8279
2,1,machine07_UM,,,,16743583744.0,19107807232.0,21727277056.0,17671024136.45618,19127608028.369854,21051959152.759796,100.0,0.0,,,165431884.25619707,1.0010362673293403,0.6783994930351797,,,True,8279
2,8,cluster_UM,113481224192.0,119523205120.0,181478932480.0,117320785920.0,119206520832.0,179990249472.0,116314751871.10327,119309441581.5193,149509985199.5548,100.0,0.0,0.0,0.19856340488398475,1047041227.013701,1.0008633818754291,0.5296875295718431,119591641054.87871,5273082558.316619,True,8272
2,8,machine01_UM,,,,17265197056.0,18122602496.0,43426471936.0,16828474562.605797,18134107323.456573,32348473813.23657,100.0,0.0,,,267291185.6391291,1.0006348330742847,0.5932432315252204,,,True,8272
2,8,machine02_UM,,,,10703691776.0,13187762176.0,15011741696.0,12221527603.56462,13199540586.90969,14165087817.148241,100.0,0.0,,,118356204.63658413,1.0008931318864034,0.45114616814459335,,,True,8272
2,8,machine03_UM,,,,14875004928.0,15656986624.0,45909262336.0,11221328244.881962,15751601639.81766,26957705506.515656,100.0,0.0,,,604648543.99596,1.0060429901417063,0.5070647270450613,,,True,8272
2,8,machine04_UM,,,,7274340352.0,7344766976.0,24250015744.0,6900336547.833306,7407405914.521784,16015521639.161514,100.0,0.0,,,367805728.67494065,1.0085283765606812,0.5369556663191059,,,True,8272
2,8,machine05_UM,,,,7986626560.0,8753637376.0,10436030464.0,8230878322.032443,8747464910.644676,10140546164.743591,100.0,0.0,,,56429507.63417927,0.9992948685112035,0.7796459536920655,,,True,8272
2,8,machine06_UM,,,,36885041152.0,36952799232.0,37145100288.0,36898682724.501564,36952422854.66536,37089739344.59375,100.0,0.0,,,4594118.089569029,0.9999898146461847,0.7346660572316366,,,True,8272
2,8,machine07_UM,,,,16743583744.0,19109079040.0,21727277056.0,17710839645.372993,19126474082.05943,21030414332.146423,100.0,0.0,,,167352341.8718603,1.0009103024809838,0.6660872728224232,,,True,8272
