claim,hierarchy,base_model,horizon,fold,method,threshold,effect,verdict,best_model,lgbm_high_load_mae,best_high_load_mae,aspect
P1,cpu_core_weighted,dlinear,1,0,bottom_up,q90,0.0031324964892720593,uncertain,,,,
P1,cpu_core_weighted,dlinear,1,0,wls,q90,-0.004915036941886033,uncertain,,,,
P1,cpu_core_weighted,dlinear,1,0,mint,q90,-0.003203954320466949,uncertain,,,,
P1,cpu_core_weighted,dlinear,1,0,bottom_up,q95,-0.0005856180235914432,uncertain,,,,
P1,cpu_core_weighted,dlinear,1,0,wls,q95,-0.003234211599628888,uncertain,,,,
P1,cpu_core_weighted,dlinear,1,0,mint,q95,-0.002817394407570994,uncertain,,,,
P1,cpu_core_weighted,dlinear,1,1,bottom_up,q90,-0.007219098089939875,uncertain,,,,
P1,cpu_core_weighted,dlinear,1,1,wls,q90,-0.01004923475613168,uncertain,,,,
P1,cpu_core_weighted,dlinear,1,1,mint,q90,-0.010115721178286284,uncertain,,,,
P1,cpu_core_weighted,dlinear,1,1,bottom_up,q95,-0.004375245115115069,uncertain,,,,
P1,cpu_core_weighted,dlinear,1,1,wls,q95,-0.005695738318043688,uncertain,,,,
P1,cpu_core_weighted,dlinear,1,1,mint,q95,-0.005743486781724384,uncertain,,,,
P1,cpu_core_weighted,dlinear,1,2,bottom_up,q90,-0.022859924443438002,support,,,,
P1,cpu_core_weighted,dlinear,1,2,wls,q90,-0.02175808202838203,support,,,,
P1,cpu_core_weighted,dlinear,1,2,mint,q90,-0.023760127484081277,support,,,,
P1,cpu_core_weighted,dlinear,1,2,bottom_up,q95,-0.031014627936131158,support,,,,
P1,cpu_core_weighted,dlinear,1,2,wls,q95,-0.024558046939939952,support,,,,
P1,cpu_core_weighted,dlinear,1,2,mint,q95,-0.02781512154323595,support,,,,
P1,cpu_core_weighted,dlinear,8,0,bottom_up,q90,-0.0030127875328761888,uncertain,,,,
P1,cpu_core_weighted,dlinear,8,0,wls,q90,-0.006290543768421807,uncertain,,,,
P1,cpu_core_weighted,dlinear,8,0,mint,q90,-0.005441762217031151,uncertain,,,,
P1,cpu_core_weighted,dlinear,8,0,bottom_up,q95,-0.005929459877860381,uncertain,,,,
P1,cpu_core_weighted,dlinear,8,0,wls,q95,-0.00573920144806928,uncertain,,,,
P1,cpu_core_weighted,dlinear,8,0,mint,q95,-0.006038827244693888,uncertain,,,,
P1,cpu_core_weighted,dlinear,8,1,bottom_up,q90,-0.011322374661891623,uncertain,,,,
P1,cpu_core_weighted,dlinear,8,1,wls,q90,-0.011899356734988537,uncertain,,,,
P1,cpu_core_weighted,dlinear,8,1,mint,q90,-0.01207953534679693,uncertain,,,,
P1,cpu_core_weighted,dlinear,8,1,bottom_up,q95,-0.020684813753437968,support,,,,
P1,cpu_core_weighted,dlinear,8,1,wls,q95,-0.015474975747787532,uncertain,,,,
P1,cpu_core_weighted,dlinear,8,1,mint,q95,-0.01582528235460854,uncertain,,,,
P1,cpu_core_weighted,dlinear,8,2,bottom_up,q90,0.01519560940859051,uncertain,,,,
P1,cpu_core_weighted,dlinear,8,2,wls,q90,0.004740996688140785,uncertain,,,,
P1,cpu_core_weighted,dlinear,8,2,mint,q90,0.0064948977086968064,uncertain,,,,
P1,cpu_core_weighted,dlinear,8,2,bottom_up,q95,0.01793504205979975,uncertain,,,,
P1,cpu_core_weighted,dlinear,8,2,wls,q95,0.008599663172347288,uncertain,,,,
P1,cpu_core_weighted,dlinear,8,2,mint,q95,0.010382702236468408,uncertain,,,,
P1,cpu_core_weighted,dlinear,16,0,bottom_up,q90,0.01602418697010225,uncertain,,,,
P1,cpu_core_weighted,dlinear,16,0,wls,q90,0.002302965301337066,uncertain,,,,
P1,cpu_core_weighted,dlinear,16,0,mint,q90,0.005514472197097549,uncertain,,,,
P1,cpu_core_weighted,dlinear,16,0,bottom_up,q95,0.0162417570085784,uncertain,,,,
P1,cpu_core_weighted,dlinear,16,0,wls,q95,0.00639646210665743,uncertain,,,,
P1,cpu_core_weighted,dlinear,16,0,mint,q95,0.008956145671836656,uncertain,,,,
P1,cpu_core_weighted,dlinear,16,1,bottom_up,q90,-0.012414733092847515,uncertain,,,,
P1,cpu_core_weighted,dlinear,16,1,wls,q90,-0.013865434196816216,uncertain,,,,
P1,cpu_core_weighted,dlinear,16,1,mint,q90,-0.014007024395908202,uncertain,,,,
P1,cpu_core_weighted,dlinear,16,1,bottom_up,q95,-0.017223976662489926,uncertain,,,,
P1,cpu_core_weighted,dlinear,16,1,wls,q95,-0.014723267813628002,uncertain,,,,
P1,cpu_core_weighted,dlinear,16,1,mint,q95,-0.015059817109080888,uncertain,,,,
P1,cpu_core_weighted,dlinear,16,2,bottom_up,q90,0.004664666584872992,uncertain,,,,
P1,cpu_core_weighted,dlinear,16,2,wls,q90,-0.0024982256721870397,uncertain,,,,
P1,cpu_core_weighted,dlinear,16,2,mint,q90,-0.001674769083267754,uncertain,,,,
P1,cpu_core_weighted,dlinear,16,2,bottom_up,q95,0.003913445771722718,uncertain,,,,
P1,cpu_core_weighted,dlinear,16,2,wls,q95,-0.0011789024723721526,uncertain,,,,
P1,cpu_core_weighted,dlinear,16,2,mint,q95,-0.0006393212023892935,uncertain,,,,
P1,cpu_core_weighted,lightgbm,1,0,bottom_up,q90,-0.08789307430972856,support,,,,
P1,cpu_core_weighted,lightgbm,1,0,wls,q90,-0.10296808974719648,support,,,,
P1,cpu_core_weighted,lightgbm,1,0,mint,q90,-0.1045838589217567,support,,,,
P1,cpu_core_weighted,lightgbm,1,0,bottom_up,q95,-0.11091908278008832,support,,,,
P1,cpu_core_weighted,lightgbm,1,0,wls,q95,-0.09625929682314863,support,,,,
P1,cpu_core_weighted,lightgbm,1,0,mint,q95,-0.09920397156768367,support,,,,
P1,cpu_core_weighted,lightgbm,1,1,bottom_up,q90,-0.11018400855326277,support,,,,
P1,cpu_core_weighted,lightgbm,1,1,wls,q90,-0.1140648460204077,support,,,,
P1,cpu_core_weighted,lightgbm,1,1,mint,q90,-0.11446763463643829,support,,,,
P1,cpu_core_weighted,lightgbm,1,1,bottom_up,q95,-0.15404445030004577,support,,,,
P1,cpu_core_weighted,lightgbm,1,1,wls,q95,-0.1260449280841169,support,,,,
P1,cpu_core_weighted,lightgbm,1,1,mint,q95,-0.1271748877145953,support,,,,
P1,cpu_core_weighted,lightgbm,1,2,bottom_up,q90,-0.1433183043481924,support,,,,
P1,cpu_core_weighted,lightgbm,1,2,wls,q90,-0.15305135656696278,support,,,,
P1,cpu_core_weighted,lightgbm,1,2,mint,q90,-0.15767585772781184,support,,,,
P1,cpu_core_weighted,lightgbm,1,2,bottom_up,q95,-0.20834032757661175,support,,,,
P1,cpu_core_weighted,lightgbm,1,2,wls,q95,-0.18939630504696137,support,,,,
P1,cpu_core_weighted,lightgbm,1,2,mint,q95,-0.20810393163597,support,,,,
P1,cpu_core_weighted,lightgbm,8,0,bottom_up,q90,-0.07462296699556929,support,,,,
P1,cpu_core_weighted,lightgbm,8,0,wls,q90,-0.09394225759994257,support,,,,
P1,cpu_core_weighted,lightgbm,8,0,mint,q90,-0.09796406957878767,support,,,,
P1,cpu_core_weighted,lightgbm,8,0,bottom_up,q95,-0.10172420522467095,support,,,,
P1,cpu_core_weighted,lightgbm,8,0,wls,q95,-0.09156371515397588,support,,,,
P1,cpu_core_weighted,lightgbm,8,0,mint,q95,-0.10104537802136838,support,,,,
P1,cpu_core_weighted,lightgbm,8,1,bottom_up,q90,-0.10895664265621763,support,,,,
P1,cpu_core_weighted,lightgbm,8,1,wls,q90,-0.1113069091086128,support,,,,
P1,cpu_core_weighted,lightgbm,8,1,mint,q90,-0.11071420431036776,support,,,,
P1,cpu_core_weighted,lightgbm,8,1,bottom_up,q95,-0.16553402621502766,support,,,,
P1,cpu_core_weighted,lightgbm,8,1,wls,q95,-0.13233561658830909,support,,,,
P1,cpu_core_weighted,lightgbm,8,1,mint,q95,-0.13096951862580786,support,,,,
P1,cpu_core_weighted,lightgbm,8,2,bottom_up,q90,-0.15084211090356897,support,,,,
P1,cpu_core_weighted,lightgbm,8,2,wls,q90,-0.15651284032110357,support,,,,
P1,cpu_core_weighted,lightgbm,8,2,mint,q90,-0.1611759024065793,support,,,,
P1,cpu_core_weighted,lightgbm,8,2,bottom_up,q95,-0.20720696231970787,support,,,,
P1,cpu_core_weighted,lightgbm,8,2,wls,q95,-0.18794357349694732,support,,,,
P1,cpu_core_weighted,lightgbm,8,2,mint,q95,-0.20326029103540816,support,,,,
P1,cpu_core_weighted,lightgbm,16,0,bottom_up,q90,-0.07541573557624642,support,,,,
P1,cpu_core_weighted,lightgbm,16,0,wls,q90,-0.0960304483336804,support,,,,
P1,cpu_core_weighted,lightgbm,16,0,mint,q90,-0.09904609989381655,support,,,,
P1,cpu_core_weighted,lightgbm,16,0,bottom_up,q95,-0.1290707874268799,support,,,,
P1,cpu_core_weighted,lightgbm,16,0,wls,q95,-0.10430350521471257,support,,,,
P1,cpu_core_weighted,lightgbm,16,0,mint,q95,-0.1171095552142099,support,,,,
P1,cpu_core_weighted,lightgbm,16,1,bottom_up,q90,-0.10091770999590775,support,,,,
P1,cpu_core_weighted,lightgbm,16,1,wls,q90,-0.10935239002789546,support,,,,
P1,cpu_core_weighted,lightgbm,16,1,mint,q90,-0.10824717882867582,support,,,,
P1,cpu_core_weighted,lightgbm,16,1,bottom_up,q95,-0.16213169492899976,support,,,,
P1,cpu_core_weighted,lightgbm,16,1,wls,q95,-0.1332260284065417,support,,,,
P1,cpu_core_weighted,lightgbm,16,1,mint,q95,-0.13011693127408977,support,,,,
P1,cpu_core_weighted,lightgbm,16,2,bottom_up,q90,-0.16219347794985187,support,,,,
P1,cpu_core_weighted,lightgbm,16,2,wls,q90,-0.16656251781397954,support,,,,
P1,cpu_core_weighted,lightgbm,16,2,mint,q90,-0.1713003291362166,support,,,,
P1,cpu_core_weighted,lightgbm,16,2,bottom_up,q95,-0.2396933791779102,support,,,,
P1,cpu_core_weighted,lightgbm,16,2,wls,q95,-0.21382375865175185,support,,,,
P1,cpu_core_weighted,lightgbm,16,2,mint,q95,-0.23267143403899332,support,,,,
P1,cpu_core_weighted,ridge,1,0,bottom_up,q90,-0.022528105004951924,support,,,,
P1,cpu_core_weighted,ridge,1,0,wls,q90,-0.02230395290841381,support,,,,
P1,cpu_core_weighted,ridge,1,0,mint,q90,-0.023580159093324254,support,,,,
P1,cpu_core_weighted,ridge,1,0,bottom_up,q95,-0.02511912451858715,support,,,,
P1,cpu_core_weighted,ridge,1,0,wls,q95,-0.01811298853180289,uncertain,,,,
P1,cpu_core_weighted,ridge,1,0,mint,q95,-0.021592950572426134,support,,,,
P1,cpu_core_weighted,ridge,1,1,bottom_up,q90,-0.011745779091457166,uncertain,,,,
P1,cpu_core_weighted,ridge,1,1,wls,q90,-0.014388153259673511,uncertain,,,,
P1,cpu_core_weighted,ridge,1,1,mint,q90,-0.014416191691968344,uncertain,,,,
P1,cpu_core_weighted,ridge,1,1,bottom_up,q95,-0.01333504410008637,uncertain,,,,
P1,cpu_core_weighted,ridge,1,1,wls,q95,-0.013429170944096454,uncertain,,,,
P1,cpu_core_weighted,ridge,1,1,mint,q95,-0.013602246464795202,uncertain,,,,
P1,cpu_core_weighted,ridge,1,2,bottom_up,q90,0.0014679832088387035,uncertain,,,,
P1,cpu_core_weighted,ridge,1,2,wls,q90,-0.005942980405591735,uncertain,,,,
P1,cpu_core_weighted,ridge,1,2,mint,q90,-0.004427700622299365,uncertain,,,,
P1,cpu_core_weighted,ridge,1,2,bottom_up,q95,0.004846268820762482,uncertain,,,,
P1,cpu_core_weighted,ridge,1,2,wls,q95,-0.0019807620269768843,uncertain,,,,
P1,cpu_core_weighted,ridge,1,2,mint,q95,-0.00042669926437672706,uncertain,,,,
P1,cpu_core_weighted,ridge,8,0,bottom_up,q90,-0.021348764547938794,support,,,,
P1,cpu_core_weighted,ridge,8,0,wls,q90,-0.021018456481595473,support,,,,
P1,cpu_core_weighted,ridge,8,0,mint,q90,-0.022372763810055794,support,,,,
P1,cpu_core_weighted,ridge,8,0,bottom_up,q95,-0.02537895252141073,support,,,,
P1,cpu_core_weighted,ridge,8,0,wls,q95,-0.017168502666084624,uncertain,,,,
P1,cpu_core_weighted,ridge,8,0,mint,q95,-0.021508909967190317,support,,,,
P1,cpu_core_weighted,ridge,8,1,bottom_up,q90,-0.00889198901365519,uncertain,,,,
P1,cpu_core_weighted,ridge,8,1,wls,q90,-0.012532160866540501,uncertain,,,,
P1,cpu_core_weighted,ridge,8,1,mint,q90,-0.012390640236586611,uncertain,,,,
P1,cpu_core_weighted,ridge,8,1,bottom_up,q95,-0.010381875200579158,uncertain,,,,
P1,cpu_core_weighted,ridge,8,1,wls,q95,-0.011354517408792949,uncertain,,,,
P1,cpu_core_weighted,ridge,8,1,mint,q95,-0.01139851702496002,uncertain,,,,
P1,cpu_core_weighted,ridge,8,2,bottom_up,q90,-0.007826199265091895,uncertain,,,,
P1,cpu_core_weighted,ridge,8,2,wls,q90,-0.011237540615096828,uncertain,,,,
P1,cpu_core_weighted,ridge,8,2,mint,q90,-0.010948962034367255,uncertain,,,,
P1,cpu_core_weighted,ridge,8,2,bottom_up,q95,-0.00042071948148570315,uncertain,,,,
P1,cpu_core_weighted,ridge,8,2,wls,q95,-0.004534735997486081,uncertain,,,,
P1,cpu_core_weighted,ridge,8,2,mint,q95,-0.003733491489868756,uncertain,,,,
P1,cpu_core_weighted,ridge,16,0,bottom_up,q90,-0.031625112910369346,support,,,,
P1,cpu_core_weighted,ridge,16,0,wls,q90,-0.027064246143585716,support,,,,
P1,cpu_core_weighted,ridge,16,0,mint,q90,-0.030867572685289047,support,,,,
P1,cpu_core_weighted,ridge,16,0,bottom_up,q95,-0.03081429607471731,support,,,,
P1,cpu_core_weighted,ridge,16,0,wls,q95,-0.020332509441887664,support,,,,
P1,cpu_core_weighted,ridge,16,0,mint,q95,-0.02619701759854265,support,,,,
P1,cpu_core_weighted,ridge,16,1,bottom_up,q90,-0.013247494491936842,uncertain,,,,
P1,cpu_core_weighted,ridge,16,1,wls,q90,-0.015565901317433602,uncertain,,,,
P1,cpu_core_weighted,ridge,16,1,mint,q90,-0.015521970557532993,uncertain,,,,
P1,cpu_core_weighted,ridge,16,1,bottom_up,q95,-0.015327978423869787,uncertain,,,,
P1,cpu_core_weighted,ridge,16,1,wls,q95,-0.014967208279380044,uncertain,,,,
P1,cpu_core_weighted,ridge,16,1,mint,q95,-0.01515506442369768,uncertain,,,,
P1,cpu_core_weighted,ridge,16,2,bottom_up,q90,-0.007081443573519354,uncertain,,,,
P1,cpu_core_weighted,ridge,16,2,wls,q90,-0.01113380077706391,uncertain,,,,
P1,cpu_core_weighted,ridge,16,2,mint,q90,-0.010796641848781704,uncertain,,,,
P1,cpu_core_weighted,ridge,16,2,bottom_up,q95,-0.004333117219967854,uncertain,,,,
P1,cpu_core_weighted,ridge,16,2,wls,q95,-0.007187931236804606,uncertain,,,,
P1,cpu_core_weighted,ridge,16,2,mint,q95,-0.006917120760618822,uncertain,,,,
P2,cpu_core_weighted,dlinear,1,0,bottom_up,q90,-0.03901170351105332,contradict,,,,
P2,cpu_core_weighted,dlinear,1,0,wls,q90,-0.006501950585175553,uncertain,,,,
P2,cpu_core_weighted,dlinear,1,0,mint,q90,-0.016905071521456483,uncertain,,,,
P2,cpu_core_weighted,dlinear,1,0,bottom_up,q95,0.005012531328320802,uncertain,,,,
P2,cpu_core_weighted,dlinear,1,0,wls,q95,-0.0025062656641604564,uncertain,,,,
P2,cpu_core_weighted,dlinear,1,0,mint,q95,0.0,uncertain,,,,
P2,cpu_core_weighted,dlinear,1,1,bottom_up,q90,-0.02941176470588236,contradict,,,,
P2,cpu_core_weighted,dlinear,1,1,wls,q90,-0.022624434389140302,contradict,,,,
P2,cpu_core_weighted,dlinear,1,1,mint,q90,-0.022624434389140302,contradict,,,,
P2,cpu_core_weighted,dlinear,1,1,bottom_up,q95,-0.029166666666666674,contradict,,,,
P2,cpu_core_weighted,dlinear,1,1,wls,q95,-0.029166666666666674,contradict,,,,
P2,cpu_core_weighted,dlinear,1,1,mint,q95,-0.029166666666666674,contradict,,,,
P2,cpu_core_weighted,dlinear,1,2,bottom_up,q90,-0.011290322580645107,uncertain,,,,
P2,cpu_core_weighted,dlinear,1,2,wls,q90,-0.009677419354838679,uncertain,,,,
P2,cpu_core_weighted,dlinear,1,2,mint,q90,-0.008064516129032251,uncertain,,,,
P2,cpu_core_weighted,dlinear,1,2,bottom_up,q95,-0.0029673590504450953,uncertain,,,,
P2,cpu_core_weighted,dlinear,1,2,wls,q95,0.005934718100890191,uncertain,,,,
P2,cpu_core_weighted,dlinear,1,2,mint,q95,0.008902077151335286,uncertain,,,,
P2,cpu_core_weighted,dlinear,8,0,bottom_up,q90,-0.013554216867469826,uncertain,,,,
P2,cpu_core_weighted,dlinear,8,0,wls,q90,-0.004518072289156572,uncertain,,,,
P2,cpu_core_weighted,dlinear,8,0,mint,q90,0.003012048192771122,uncertain,,,,
P2,cpu_core_weighted,dlinear,8,0,bottom_up,q95,-0.017699115044247815,uncertain,,,,
P2,cpu_core_weighted,dlinear,8,0,wls,q95,-0.017699115044247815,uncertain,,,,
P2,cpu_core_weighted,dlinear,8,0,mint,q95,-0.02359882005899705,contradict,,,,
P2,cpu_core_weighted,dlinear,8,1,bottom_up,q90,0.021428571428571463,support,,,,
P2,cpu_core_weighted,dlinear,8,1,wls,q90,0.01666666666666672,uncertain,,,,
P2,cpu_core_weighted,dlinear,8,1,mint,q90,0.01904761904761909,uncertain,,,,
P2,cpu_core_weighted,dlinear,8,1,bottom_up,q95,0.047826086956521685,uncertain,,,,
P2,cpu_core_weighted,dlinear,8,1,wls,q95,0.017391304347826098,uncertain,,,,
P2,cpu_core_weighted,dlinear,8,1,mint,q95,0.01304347826086949,uncertain,,,,
P2,cpu_core_weighted,dlinear,8,2,bottom_up,q90,-0.01258992805755399,uncertain,,,,
P2,cpu_core_weighted,dlinear,8,2,wls,q90,-0.010791366906474864,uncertain,,,,
P2,cpu_core_weighted,dlinear,8,2,mint,q90,-0.01258992805755399,uncertain,,,,
P2,cpu_core_weighted,dlinear,8,2,bottom_up,q95,0.006514657980456029,uncertain,,,,
P2,cpu_core_weighted,dlinear,8,2,wls,q95,0.009771986970684043,uncertain,,,,
P2,cpu_core_weighted,dlinear,8,2,mint,q95,0.006514657980456029,uncertain,,,,
P2,cpu_core_weighted,dlinear,16,0,bottom_up,q90,-0.0513274336283186,contradict,,,,
P2,cpu_core_weighted,dlinear,16,0,wls,q90,-0.030088495575221197,contradict,,,,
P2,cpu_core_weighted,dlinear,16,0,mint,q90,-0.038938053097345104,contradict,,,,
P2,cpu_core_weighted,dlinear,16,0,bottom_up,q95,0.0,uncertain,,,,
P2,cpu_core_weighted,dlinear,16,0,wls,q95,0.0,uncertain,,,,
P2,cpu_core_weighted,dlinear,16,0,mint,q95,-0.0033444816053511683,uncertain,,,,
P2,cpu_core_weighted,dlinear,16,1,bottom_up,q90,-0.015625,uncertain,,,,
P2,cpu_core_weighted,dlinear,16,1,wls,q90,-0.015625,uncertain,,,,
P2,cpu_core_weighted,dlinear,16,1,mint,q90,-0.0234375,contradict,,,,
P2,cpu_core_weighted,dlinear,16,1,bottom_up,q95,-0.004830917874396157,uncertain,,,,
P2,cpu_core_weighted,dlinear,16,1,wls,q95,-0.004830917874396157,uncertain,,,,
P2,cpu_core_weighted,dlinear,16,1,mint,q95,0.0,uncertain,,,,
P2,cpu_core_weighted,dlinear,16,2,bottom_up,q90,-0.006122448979591799,uncertain,,,,
P2,cpu_core_weighted,dlinear,16,2,wls,q90,-0.006122448979591799,uncertain,,,,
P2,cpu_core_weighted,dlinear,16,2,mint,q90,-0.008163265306122436,uncertain,,,,
P2,cpu_core_weighted,dlinear,16,2,bottom_up,q95,0.01831501831501825,uncertain,,,,
P2,cpu_core_weighted,dlinear,16,2,wls,q95,0.01831501831501825,uncertain,,,,
P2,cpu_core_weighted,dlinear,16,2,mint,q95,0.01831501831501825,uncertain,,,,
P2,cpu_core_weighted,lightgbm,1,0,bottom_up,q90,0.07282184655396617,support,,,,
P2,cpu_core_weighted,lightgbm,1,0,wls,q90,0.07932379713914173,uncertain,,,,
P2,cpu_core_weighted,lightgbm,1,0,mint,q90,0.0819245773732119,uncertain,,,,
P2,cpu_core_weighted,lightgbm,1,0,bottom_up,q95,0.08270676691729317,uncertain,,,,
P2,cpu_core_weighted,lightgbm,1,0,wls,q95,0.07017543859649122,support,,,,
P2,cpu_core_weighted,lightgbm,1,0,mint,q95,0.07017543859649122,support,,,,
P2,cpu_core_weighted,lightgbm,1,1,bottom_up,q90,0.079185520361991,support,,,,
P2,cpu_core_weighted,lightgbm,1,1,wls,q90,0.079185520361991,support,,,,
P2,cpu_core_weighted,lightgbm,1,1,mint,q90,0.079185520361991,support,,,,
P2,cpu_core_weighted,lightgbm,1,1,bottom_up,q95,0.15833333333333333,uncertain,,,,
P2,cpu_core_weighted,lightgbm,1,1,wls,q95,0.12083333333333335,support,,,,
P2,cpu_core_weighted,lightgbm,1,1,mint,q95,0.12083333333333335,support,,,,
P2,cpu_core_weighted,lightgbm,1,2,bottom_up,q90,0.01774193548387104,uncertain,,,,
P2,cpu_core_weighted,lightgbm,1,2,wls,q90,0.02580645161290329,support,,,,
P2,cpu_core_weighted,lightgbm,1,2,mint,q90,0.024193548387096753,support,,,,
P2,cpu_core_weighted,lightgbm,1,2,bottom_up,q95,0.12166172106824924,support,,,,
P2,cpu_core_weighted,lightgbm,1,2,wls,q95,0.13056379821958453,support,,,,
P2,cpu_core_weighted,lightgbm,1,2,mint,q95,0.12759643916913943,support,,,,
P2,cpu_core_weighted,lightgbm,8,0,bottom_up,q90,0.07530120481927705,support,,,,
P2,cpu_core_weighted,lightgbm,8,0,wls,q90,0.07981927710843373,support,,,,
P2,cpu_core_weighted,lightgbm,8,0,mint,q90,0.07530120481927705,uncertain,,,,
P2,cpu_core_weighted,lightgbm,8,0,bottom_up,q95,0.09734513274336287,uncertain,,,,
P2,cpu_core_weighted,lightgbm,8,0,wls,q95,0.07079646017699115,support,,,,
P2,cpu_core_weighted,lightgbm,8,0,mint,q95,0.07964601769911506,uncertain,,,,
P2,cpu_core_weighted,lightgbm,8,1,bottom_up,q90,0.08333333333333326,support,,,,
P2,cpu_core_weighted,lightgbm,8,1,wls,q90,0.08571428571428574,support,,,,
P2,cpu_core_weighted,lightgbm,8,1,mint,q90,0.08571428571428574,support,,,,
P2,cpu_core_weighted,lightgbm,8,1,bottom_up,q95,0.16521739130434776,uncertain,,,,
P2,cpu_core_weighted,lightgbm,8,1,wls,q95,0.14347826086956517,support,,,,
P2,cpu_core_weighted,lightgbm,8,1,mint,q95,0.14347826086956517,support,,,,
P2,cpu_core_weighted,lightgbm,8,2,bottom_up,q90,0.021582733812949617,support,,,,
P2,cpu_core_weighted,lightgbm,8,2,wls,q90,0.043165467625899234,support,,,,
P2,cpu_core_weighted,lightgbm,8,2,mint,q90,0.03237410071942448,support,,,,
P2,cpu_core_weighted,lightgbm,8,2,bottom_up,q95,0.13029315960912058,uncertain,,,,
P2,cpu_core_weighted,lightgbm,8,2,wls,q95,0.13029315960912058,support,,,,
P2,cpu_core_weighted,lightgbm,8,2,mint,q95,0.1335504885993486,uncertain,,,,
P2,cpu_core_weighted,lightgbm,16,0,bottom_up,q90,0.07256637168141589,support,,,,
P2,cpu_core_weighted,lightgbm,16,0,wls,q90,0.08318584070796464,uncertain,,,,
P2,cpu_core_weighted,lightgbm,16,0,mint,q90,0.08495575221238938,uncertain,,,,
P2,cpu_core_weighted,lightgbm,16,0,bottom_up,q95,0.12374581939799334,uncertain,,,,
P2,cpu_core_weighted,lightgbm,16,0,wls,q95,0.08361204013377932,uncertain,,,,
P2,cpu_core_weighted,lightgbm,16,0,mint,q95,0.09698996655518399,uncertain,,,,
P2,cpu_core_weighted,lightgbm,16,1,bottom_up,q90,0.08072916666666663,support,,,,
P2,cpu_core_weighted,lightgbm,16,1,wls,q90,0.08854166666666663,support,,,,
P2,cpu_core_weighted,lightgbm,16,1,mint,q90,0.08854166666666663,support,,,,
P2,cpu_core_weighted,lightgbm,16,1,bottom_up,q95,0.17391304347826086,uncertain,,,,
P2,cpu_core_weighted,lightgbm,16,1,wls,q95,0.13043478260869568,uncertain,,,,
P2,cpu_core_weighted,lightgbm,16,1,mint,q95,0.13043478260869568,uncertain,,,,
P2,cpu_core_weighted,lightgbm,16,2,bottom_up,q90,-0.01224489795918371,uncertain,,,,
P2,cpu_core_weighted,lightgbm,16,2,wls,q90,-0.0020408163265306367,uncertain,,,,
P2,cpu_core_weighted,lightgbm,16,2,mint,q90,-0.0020408163265306367,uncertain,,,,
P2,cpu_core_weighted,lightgbm,16,2,bottom_up,q95,0.15384615384615385,support,,,,
P2,cpu_core_weighted,lightgbm,16,2,wls,q95,0.1575091575091575,support,,,,
P2,cpu_core_weighted,lightgbm,16,2,mint,q95,0.1648351648351648,support,,,,
P2,cpu_core_weighted,ridge,1,0,bottom_up,q90,-0.04681404421326407,contradict,,,,
P2,cpu_core_weighted,ridge,1,0,wls,q90,-0.016905071521456483,uncertain,,,,
P2,cpu_core_weighted,ridge,1,0,mint,q90,-0.032509752925877766,contradict,,,,
P2,cpu_core_weighted,ridge,1,0,bottom_up,q95,-0.010025062656641603,uncertain,,,,
P2,cpu_core_weighted,ridge,1,0,wls,q95,-0.020050125313283207,contradict,,,,
P2,cpu_core_weighted,ridge,1,0,mint,q95,-0.012531328320801949,uncertain,,,,
P2,cpu_core_weighted,ridge,1,1,bottom_up,q90,-0.022624434389140302,contradict,,,,
P2,cpu_core_weighted,ridge,1,1,wls,q90,-0.011312217194570096,uncertain,,,,
P2,cpu_core_weighted,ridge,1,1,mint,q90,-0.015837104072398134,uncertain,,,,
P2,cpu_core_weighted,ridge,1,1,bottom_up,q95,-0.01666666666666672,uncertain,,,,
P2,cpu_core_weighted,ridge,1,1,wls,q95,-0.008333333333333415,uncertain,,,,
P2,cpu_core_weighted,ridge,1,1,mint,q95,-0.004166666666666763,uncertain,,,,
P2,cpu_core_weighted,ridge,1,2,bottom_up,q90,-0.003225806451612856,uncertain,,,,
P2,cpu_core_weighted,ridge,1,2,wls,q90,-0.004838709677419284,uncertain,,,,
P2,cpu_core_weighted,ridge,1,2,mint,q90,0.001612903225806539,uncertain,,,,
P2,cpu_core_weighted,ridge,1,2,bottom_up,q95,0.011869436201780381,uncertain,,,,
P2,cpu_core_weighted,ridge,1,2,wls,q95,0.014836795252225476,uncertain,,,,
P2,cpu_core_weighted,ridge,1,2,mint,q95,0.014836795252225476,uncertain,,,,
P2,cpu_core_weighted,ridge,8,0,bottom_up,q90,-0.03765060240963858,contradict,,,,
P2,cpu_core_weighted,ridge,8,0,wls,q90,-0.0060240963855421326,uncertain,,,,
P2,cpu_core_weighted,ridge,8,0,mint,q90,-0.027108433734939763,contradict,,,,
P2,cpu_core_weighted,ridge,8,0,bottom_up,q95,-0.002949852507374562,uncertain,,,,
P2,cpu_core_weighted,ridge,8,0,wls,q95,-0.01179941002949847,uncertain,,,,
P2,cpu_core_weighted,ridge,8,0,mint,q95,-0.01179941002949847,uncertain,,,,
P2,cpu_core_weighted,ridge,8,1,bottom_up,q90,-0.030952380952380953,contradict,,,,
P2,cpu_core_weighted,ridge,8,1,wls,q90,-0.023809523809523725,contradict,,,,
P2,cpu_core_weighted,ridge,8,1,mint,q90,-0.02619047619047621,contradict,,,,
P2,cpu_core_weighted,ridge,8,1,bottom_up,q95,-0.021739130434782594,contradict,,,,
P2,cpu_core_weighted,ridge,8,1,wls,q95,-0.008695652173913104,uncertain,,,,
P2,cpu_core_weighted,ridge,8,1,mint,q95,-0.004347826086956608,uncertain,,,,
P2,cpu_core_weighted,ridge,8,2,bottom_up,q90,-0.003597122302158362,uncertain,,,,
P2,cpu_core_weighted,ridge,8,2,wls,q90,-0.003597122302158362,uncertain,,,,
P2,cpu_core_weighted,ridge,8,2,mint,q90,0.003597122302158251,uncertain,,,,
P2,cpu_core_weighted,ridge,8,2,bottom_up,q95,0.013029315960912058,uncertain,,,,
P2,cpu_core_weighted,ridge,8,2,wls,q95,0.013029315960912058,uncertain,,,,
P2,cpu_core_weighted,ridge,8,2,mint,q95,0.013029315960912058,uncertain,,,,
P2,cpu_core_weighted,ridge,16,0,bottom_up,q90,-0.03362831858407078,contradict,,,,
P2,cpu_core_weighted,ridge,16,0,wls,q90,0.001769911504424737,uncertain,,,,
P2,cpu_core_weighted,ridge,16,0,mint,q90,-0.023008849557522137,contradict,,,,
P2,cpu_core_weighted,ridge,16,0,bottom_up,q95,-0.0033444816053511683,uncertain,,,,
P2,cpu_core_weighted,ridge,16,0,wls,q95,-0.013377926421404673,uncertain,,,,
P2,cpu_core_weighted,ridge,16,0,mint,q95,-0.0033444816053511683,uncertain,,,,
P2,cpu_core_weighted,ridge,16,1,bottom_up,q90,-0.0390625,contradict,,,,
P2,cpu_core_weighted,ridge,16,1,wls,q90,-0.02864583333333337,contradict,,,,
P2,cpu_core_weighted,ridge,16,1,mint,q90,-0.02864583333333337,contradict,,,,
P2,cpu_core_weighted,ridge,16,1,bottom_up,q95,-0.024154589371980673,contradict,,,,
P2,cpu_core_weighted,ridge,16,1,wls,q95,-0.004830917874396157,uncertain,,,,
P2,cpu_core_weighted,ridge,16,1,mint,q95,-0.004830917874396157,uncertain,,,,
P2,cpu_core_weighted,ridge,16,2,bottom_up,q90,-0.00612244897959191,uncertain,,,,
P2,cpu_core_weighted,ridge,16,2,wls,q90,-0.00612244897959191,uncertain,,,,
P2,cpu_core_weighted,ridge,16,2,mint,q90,-0.008163265306122547,uncertain,,,,
P2,cpu_core_weighted,ridge,16,2,bottom_up,q95,0.0146520146520146,uncertain,,,,
P2,cpu_core_weighted,ridge,16,2,wls,q95,0.0146520146520146,uncertain,,,,
P2,cpu_core_weighted,ridge,16,2,mint,q95,0.0146520146520146,uncertain,,,,
P3,cpu_core_weighted,lightgbm,1,0,independent,q90,-0.0,support,lightgbm,3.842479837383223,3.842479837383223,
P3,cpu_core_weighted,lightgbm,1,1,independent,q90,-0.0,support,lightgbm,4.162829441454485,4.162829441454485,
P3,cpu_core_weighted,lightgbm,1,2,independent,q90,-0.0,support,lightgbm,4.258499621361494,4.258499621361494,
P3,cpu_core_weighted,lightgbm,8,0,independent,q90,-0.0,support,lightgbm,3.7198402293283257,3.7198402293283257,
P3,cpu_core_weighted,lightgbm,8,1,independent,q90,-0.0,support,lightgbm,4.15749557932449,4.15749557932449,
P3,cpu_core_weighted,lightgbm,8,2,independent,q90,-0.0,support,lightgbm,4.268427504464971,4.268427504464971,
P3,cpu_core_weighted,lightgbm,16,0,independent,q90,-0.0,support,lightgbm,3.89054109850068,3.89054109850068,
P3,cpu_core_weighted,lightgbm,16,1,independent,q90,-0.0,support,lightgbm,4.116427641149148,4.116427641149148,
P3,cpu_core_weighted,lightgbm,16,2,independent,q90,-0.0,support,lightgbm,4.365209850408368,4.365209850408368,
P3,cpu_core_weighted,lightgbm,1,0,independent,q95,-0.0,support,lightgbm,5.972451679188666,5.972451679188666,
P3,cpu_core_weighted,lightgbm,1,1,independent,q95,-0.0,support,lightgbm,6.157629807531317,6.157629807531317,
P3,cpu_core_weighted,lightgbm,1,2,independent,q95,-0.0,support,lightgbm,6.482583554511089,6.482583554511089,
P3,cpu_core_weighted,lightgbm,8,0,independent,q95,-0.0,support,lightgbm,5.837240114534344,5.837240114534344,
P3,cpu_core_weighted,lightgbm,8,1,independent,q95,-0.0,support,lightgbm,6.099093522983697,6.099093522983697,
P3,cpu_core_weighted,lightgbm,8,2,independent,q95,-0.0,support,lightgbm,6.428545452469313,6.428545452469313,
P3,cpu_core_weighted,lightgbm,16,0,independent,q95,-0.0,support,lightgbm,5.9850643984406195,5.9850643984406195,
P3,cpu_core_weighted,lightgbm,16,1,independent,q95,-0.0,support,lightgbm,6.062081766723417,6.062081766723417,
P3,cpu_core_weighted,lightgbm,16,2,independent,q95,-0.0,support,lightgbm,6.543096190099937,6.543096190099937,
P4,memory_um,dlinear,1,0,wls,q90,-0.012292817371383756,uncertain,,,,
P4,memory_um,dlinear,1,0,mint,q90,-0.01078278323268164,uncertain,,,,
P4,memory_um,dlinear,1,0,wls,q95,0.013369508382832844,uncertain,,,,
P4,memory_um,dlinear,1,0,mint,q95,0.015301782675375889,uncertain,,,,
P4,memory_um,dlinear,1,1,wls,q90,-0.05609258496453123,support,,,,
P4,memory_um,dlinear,1,1,mint,q90,-0.05576150761734923,support,,,,
P4,memory_um,dlinear,1,1,wls,q95,0.011909569731558961,uncertain,,,,
P4,memory_um,dlinear,1,1,mint,q95,0.011652083931363908,uncertain,,,,
P4,memory_um,dlinear,1,2,wls,q90,0.0073738705076555,uncertain,,,,
P4,memory_um,dlinear,1,2,mint,q90,0.006963002338370123,uncertain,,,,
P4,memory_um,dlinear,1,2,wls,q95,0.027822944582760252,contradict,,,,
P4,memory_um,dlinear,1,2,mint,q95,0.0272342210581819,contradict,,,,
P4,memory_um,dlinear,8,0,wls,q90,-0.059980484493787296,support,,,,
P4,memory_um,dlinear,8,0,mint,q90,-0.06533140964718201,support,,,,
P4,memory_um,dlinear,8,0,wls,q95,0.004577976968311295,uncertain,,,,
P4,memory_um,dlinear,8,0,mint,q95,0.00610180155261958,uncertain,,,,
P4,memory_um,dlinear,8,1,wls,q90,-0.05199092304707694,support,,,,
P4,memory_um,dlinear,8,1,mint,q90,-0.05163777029040672,support,,,,
P4,memory_um,dlinear,8,1,wls,q95,0.01101459413443615,uncertain,,,,
P4,memory_um,dlinear,8,1,mint,q95,0.010679737487597703,uncertain,,,,
P4,memory_um,dlinear,8,2,wls,q90,0.0017313301589728402,uncertain,,,,
P4,memory_um,dlinear,8,2,mint,q90,0.0013511845612957706,uncertain,,,,
P4,memory_um,dlinear,8,2,wls,q95,0.021419510081930212,contradict,,,,
P4,memory_um,dlinear,8,2,mint,q95,0.02064854963461244,contradict,,,,
P4,memory_um,dlinear,16,0,wls,q90,-0.062049709258735916,support,,,,
P4,memory_um,dlinear,16,0,mint,q90,-0.06687735960593097,support,,,,
P4,memory_um,dlinear,16,0,wls,q95,0.004036837957894639,uncertain,,,,
P4,memory_um,dlinear,16,0,mint,q95,0.0053270949526485175,uncertain,,,,
P4,memory_um,dlinear,16,1,wls,q90,-0.05495334716797837,support,,,,
P4,memory_um,dlinear,16,1,mint,q90,-0.05437028084176043,support,,,,
P4,memory_um,dlinear,16,1,wls,q95,-0.004605315345579389,uncertain,,,,
P4,memory_um,dlinear,16,1,mint,q95,-0.0047276010797893,uncertain,,,,
P4,memory_um,dlinear,16,2,wls,q90,0.006231922772425738,uncertain,,,,
P4,memory_um,dlinear,16,2,mint,q90,0.005732750236752651,uncertain,,,,
P4,memory_um,dlinear,16,2,wls,q95,0.025388656780145222,contradict,,,,
P4,memory_um,dlinear,16,2,mint,q95,0.024626401525312862,contradict,,,,
P4,memory_um,ridge,1,0,wls,q90,-0.06570210764052421,support,,,,
P4,memory_um,ridge,1,0,mint,q90,-0.06822811136783866,support,,,,
P4,memory_um,ridge,1,0,wls,q95,-0.0007846995426994795,uncertain,,,,
P4,memory_um,ridge,1,0,mint,q95,-0.00024194640198067435,uncertain,,,,
P4,memory_um,ridge,1,1,wls,q90,-0.05545176032708382,support,,,,
P4,memory_um,ridge,1,1,mint,q90,-0.05494462266337626,support,,,,
P4,memory_um,ridge,1,1,wls,q95,0.004837270346711351,uncertain,,,,
P4,memory_um,ridge,1,1,mint,q95,0.004579552390416097,uncertain,,,,
P4,memory_um,ridge,1,2,wls,q90,0.005176211330335186,uncertain,,,,
P4,memory_um,ridge,1,2,mint,q90,0.004955709931285476,uncertain,,,,
P4,memory_um,ridge,1,2,wls,q95,0.024852588461767407,contradict,,,,
P4,memory_um,ridge,1,2,mint,q95,0.02448920397371283,contradict,,,,
P4,memory_um,ridge,8,0,wls,q90,-0.060613082353216594,support,,,,
P4,memory_um,ridge,8,0,mint,q90,-0.06404844704203652,support,,,,
P4,memory_um,ridge,8,0,wls,q95,-0.0016443512497592982,uncertain,,,,
P4,memory_um,ridge,8,0,mint,q95,-0.001164691248696876,uncertain,,,,
P4,memory_um,ridge,8,1,wls,q90,-0.055443850821338965,support,,,,
P4,memory_um,ridge,8,1,mint,q90,-0.05496492780670383,support,,,,
P4,memory_um,ridge,8,1,wls,q95,0.0047932317776888346,uncertain,,,,
P4,memory_um,ridge,8,1,mint,q95,0.004547354119967176,uncertain,,,,
P4,memory_um,ridge,8,2,wls,q90,0.005186517654333277,uncertain,,,,
P4,memory_um,ridge,8,2,mint,q90,0.004963933983743922,uncertain,,,,
P4,memory_um,ridge,8,2,wls,q95,0.024861406185784817,contradict,,,,
P4,memory_um,ridge,8,2,mint,q95,0.02449442815216939,contradict,,,,
P4,memory_um,ridge,16,0,wls,q90,-0.06091923971995172,support,,,,
P4,memory_um,ridge,16,0,mint,q90,-0.06408566364659297,support,,,,
P4,memory_um,ridge,16,0,wls,q95,-0.0019025450871927758,uncertain,,,,
P4,memory_um,ridge,16,0,mint,q95,-0.001490763343607739,uncertain,,,,
P4,memory_um,ridge,16,1,wls,q90,-0.05570874888624803,support,,,,
P4,memory_um,ridge,16,1,mint,q90,-0.055211403366963056,support,,,,
P4,memory_um,ridge,16,1,wls,q95,0.004453093388376082,uncertain,,,,
P4,memory_um,ridge,16,1,mint,q95,0.0042079369835425545,uncertain,,,,
P4,memory_um,ridge,16,2,wls,q90,0.005180148210357735,uncertain,,,,
P4,memory_um,ridge,16,2,mint,q90,0.004960554233314786,uncertain,,,,
P4,memory_um,ridge,16,2,wls,q95,0.024872600312082993,contradict,,,,
P4,memory_um,ridge,16,2,mint,q95,0.02451061684330603,contradict,,,,
P5,memory_um,dlinear,1,0,independent,q90,-705510164.1569304,support,,,,independent_underprediction
P5,memory_um,dlinear,1,0,bottom_up,q90,-110927303.83774424,contradict,,,,recon_vs_independent_bias
P5,memory_um,dlinear,1,0,wls,q90,-74674179.83116782,contradict,,,,recon_vs_independent_bias
P5,memory_um,dlinear,1,0,mint,q90,-80147732.16260338,contradict,,,,recon_vs_independent_bias
P5,memory_um,dlinear,1,1,independent,q90,-751072044.7876368,support,,,,independent_underprediction
P5,memory_um,dlinear,1,1,bottom_up,q90,-103977711.5183208,contradict,,,,recon_vs_independent_bias
P5,memory_um,dlinear,1,1,wls,q90,-68696921.3136363,support,,,,recon_vs_independent_bias
P5,memory_um,dlinear,1,1,mint,q90,-67957158.99713516,support,,,,recon_vs_independent_bias
P5,memory_um,dlinear,1,2,independent,q90,-4626037362.199371,support,,,,independent_underprediction
P5,memory_um,dlinear,1,2,bottom_up,q90,-599508813.3594341,contradict,,,,recon_vs_independent_bias
P5,memory_um,dlinear,1,2,wls,q90,-398168744.2223635,support,,,,recon_vs_independent_bias
P5,memory_um,dlinear,1,2,mint,q90,-391670652.4541168,support,,,,recon_vs_independent_bias
P5,memory_um,dlinear,8,0,independent,q90,-888073534.6235106,support,,,,independent_underprediction
P5,memory_um,dlinear,8,0,bottom_up,q90,101811932.67348373,support,,,,recon_vs_independent_bias
P5,memory_um,dlinear,8,0,wls,q90,60019022.42559457,support,,,,recon_vs_independent_bias
P5,memory_um,dlinear,8,0,mint,q90,68391875.74209023,support,,,,recon_vs_independent_bias
P5,memory_um,dlinear,8,1,independent,q90,-721988217.6513606,support,,,,independent_underprediction
P5,memory_um,dlinear,8,1,bottom_up,q90,-148216719.00521195,contradict,,,,recon_vs_independent_bias
P5,memory_um,dlinear,8,1,wls,q90,-97983602.31652772,contradict,,,,recon_vs_independent_bias
P5,memory_um,dlinear,8,1,mint,q90,-96635855.04365289,contradict,,,,recon_vs_independent_bias
P5,memory_um,dlinear,8,2,independent,q90,-4592333821.790652,support,,,,independent_underprediction
P5,memory_um,dlinear,8,2,bottom_up,q90,-479324107.36801624,contradict,,,,recon_vs_independent_bias
P5,memory_um,dlinear,8,2,wls,q90,-317622856.8204527,support,,,,recon_vs_independent_bias
P5,memory_um,dlinear,8,2,mint,q90,-309015995.7006378,support,,,,recon_vs_independent_bias
P5,memory_um,dlinear,16,0,independent,q90,-895159860.7979773,support,,,,independent_underprediction
P5,memory_um,dlinear,16,0,bottom_up,q90,114752679.3917706,support,,,,recon_vs_independent_bias
P5,memory_um,dlinear,16,0,wls,q90,67647818.04880846,support,,,,recon_vs_independent_bias
P5,memory_um,dlinear,16,0,mint,q90,75756257.81874382,support,,,,recon_vs_independent_bias
P5,memory_um,dlinear,16,1,independent,q90,-893939586.2650005,support,,,,independent_underprediction
P5,memory_um,dlinear,16,1,bottom_up,q90,94303001.19020343,support,,,,recon_vs_independent_bias
P5,memory_um,dlinear,16,1,wls,q90,61962749.43660867,support,,,,recon_vs_independent_bias
P5,memory_um,dlinear,16,1,mint,q90,60830421.15644765,support,,,,recon_vs_independent_bias
P5,memory_um,dlinear,16,2,independent,q90,-4623519990.186123,support,,,,independent_underprediction
P5,memory_um,dlinear,16,2,bottom_up,q90,-550797608.3630552,contradict,,,,recon_vs_independent_bias
P5,memory_um,dlinear,16,2,wls,q90,-365116783.532176,support,,,,recon_vs_independent_bias
P5,memory_um,dlinear,16,2,mint,q90,-356661935.82167435,support,,,,recon_vs_independent_bias
P5,memory_um,dlinear,1,0,independent,q95,-5661300499.94924,support,,,,independent_underprediction
P5,memory_um,dlinear,1,0,bottom_up,q95,-550840201.9100103,support,,,,recon_vs_independent_bias
P5,memory_um,dlinear,1,0,wls,q95,-370815289.57545567,support,,,,recon_vs_independent_bias
P5,memory_um,dlinear,1,0,mint,q95,-397995728.2269535,support,,,,recon_vs_independent_bias
P5,memory_um,dlinear,1,1,independent,q95,-6082173304.405993,support,,,,independent_underprediction
P5,memory_um,dlinear,1,1,bottom_up,q95,-476153156.1352329,support,,,,recon_vs_independent_bias
P5,memory_um,dlinear,1,1,wls,q95,-314589111.7739496,support,,,,recon_vs_independent_bias
P5,memory_um,dlinear,1,1,mint,q95,-311201460.8762331,support,,,,recon_vs_independent_bias
P5,memory_um,dlinear,1,2,independent,q95,-8753190467.980186,support,,,,independent_underprediction
P5,memory_um,dlinear,1,2,bottom_up,q95,-711895501.552578,support,,,,recon_vs_independent_bias
P5,memory_um,dlinear,1,2,wls,q95,-472811294.09148216,support,,,,recon_vs_independent_bias
P5,memory_um,dlinear,1,2,mint,q95,-465095040.066658,support,,,,recon_vs_independent_bias
P5,memory_um,dlinear,8,0,independent,q95,-6241282552.6999445,support,,,,independent_underprediction
P5,memory_um,dlinear,8,0,bottom_up,q95,-191338187.3579445,support,,,,recon_vs_independent_bias
P5,memory_um,dlinear,8,0,wls,q95,-112795530.51397419,support,,,,recon_vs_independent_bias
P5,memory_um,dlinear,8,0,mint,q95,-128530882.50255394,support,,,,recon_vs_independent_bias
P5,memory_um,dlinear,8,1,independent,q95,-5945418045.725613,support,,,,independent_underprediction
P5,memory_um,dlinear,8,1,bottom_up,q95,-668353505.5136309,contradict,,,,recon_vs_independent_bias
P5,memory_um,dlinear,8,1,wls,q95,-441837361.48423576,support,,,,recon_vs_independent_bias
P5,memory_um,dlinear,8,1,mint,q95,-435759965.0688324,support,,,,recon_vs_independent_bias
P5,memory_um,dlinear,8,2,independent,q95,-8668987932.311665,support,,,,independent_underprediction
P5,memory_um,dlinear,8,2,bottom_up,q95,-614913742.8487301,support,,,,recon_vs_independent_bias
P5,memory_um,dlinear,8,2,wls,q95,-407470971.5191555,support,,,,recon_vs_independent_bias
P5,memory_um,dlinear,8,2,mint,q95,-396429429.65543365,support,,,,recon_vs_independent_bias
P5,memory_um,dlinear,16,0,independent,q95,-6237363220.036759,support,,,,independent_underprediction
P5,memory_um,dlinear,16,0,bottom_up,q95,-161250357.08042622,support,,,,recon_vs_independent_bias
P5,memory_um,dlinear,16,0,wls,q95,-95058650.27406883,support,,,,recon_vs_independent_bias
P5,memory_um,dlinear,16,0,mint,q95,-106452622.2877264,support,,,,recon_vs_independent_bias
P5,memory_um,dlinear,16,1,independent,q95,-6326174121.54209,support,,,,independent_underprediction
P5,memory_um,dlinear,16,1,bottom_up,q95,-200717160.00416374,support,,,,recon_vs_independent_bias
P5,memory_um,dlinear,16,1,wls,q95,-131883258.55789948,support,,,,recon_vs_independent_bias
P5,memory_um,dlinear,16,1,mint,q95,-129473178.45909977,support,,,,recon_vs_independent_bias
P5,memory_um,dlinear,16,2,independent,q95,-8752295253.105793,support,,,,independent_underprediction
P5,memory_um,dlinear,16,2,bottom_up,q95,-682212048.8961182,support,,,,recon_vs_independent_bias
P5,memory_um,dlinear,16,2,wls,q95,-452229757.7075367,support,,,,recon_vs_independent_bias
P5,memory_um,dlinear,16,2,mint,q95,-441757673.3972244,support,,,,recon_vs_independent_bias
