hierarchy,seed,fold,horizon,reconciliation_method,top_mae_report,pct_vs_independent,coherence_error_before,coherence_error_after,bottom_mae_mean_native,worst_machine_mae_native
cpu_core_weighted,0,0,1,bottom_up,1.0059544225288457,-9.330899256243319,172.09132864608608,0.0,46.61391014236892,111.90665608296979
cpu_core_weighted,0,0,1,wls,0.9998981625281598,-9.876764591525788,172.09132864608608,0.0,48.36474936530754,119.5668036282799
cpu_core_weighted,0,0,1,mint,0.9977431249325431,-10.071003332852001,172.09132864608608,0.0,48.25110440351016,118.58520076844309
cpu_core_weighted,1,0,1,bottom_up,1.0059544225288457,-9.330899256243319,172.09132864608608,0.0,46.61391014236892,111.90665608296979
cpu_core_weighted,1,0,1,wls,0.9998981625281598,-9.876764591525788,172.09132864608608,0.0,48.36474936530754,119.5668036282799
cpu_core_weighted,1,0,1,mint,0.9977431249325431,-10.071003332852001,172.09132864608608,0.0,48.25110440351016,118.58520076844309
cpu_core_weighted,2,0,1,bottom_up,1.0059544225288457,-9.330899256243319,172.09132864608608,0.0,46.61391014236892,111.90665608296979
cpu_core_weighted,2,0,1,wls,0.9998981625281598,-9.876764591525788,172.09132864608608,0.0,48.36474936530754,119.5668036282799
cpu_core_weighted,2,0,1,mint,0.9977431249325431,-10.071003332852001,172.09132864608608,0.0,48.25110440351016,118.58520076844309
cpu_core_weighted,0,0,8,bottom_up,0.9965505384455932,-8.554422343579793,171.44483583057644,0.0,46.43133409300681,110.53426005754847
cpu_core_weighted,0,0,8,wls,0.9863593395653419,-9.48958823097138,171.44483583057644,0.0,48.13533315680387,118.48714401827553
cpu_core_weighted,0,0,8,mint,0.9801360741347102,-10.060648182532894,171.44483583057644,0.0,47.52517354815662,116.52034133100786
cpu_core_weighted,1,0,8,bottom_up,0.9965505384455932,-8.554422343579793,171.44483583057644,0.0,46.43133409300681,110.53426005754847
cpu_core_weighted,1,0,8,wls,0.9863593395653419,-9.48958823097138,171.44483583057644,0.0,48.13533315680387,118.48714401827553
cpu_core_weighted,1,0,8,mint,0.9801360741347102,-10.060648182532894,171.44483583057644,0.0,47.52517354815662,116.52034133100786
cpu_core_weighted,2,0,8,bottom_up,0.9965505384455932,-8.554422343579793,171.44483583057644,0.0,46.43133409300681,110.53426005754847
cpu_core_weighted,2,0,8,wls,0.9863593395653419,-9.48958823097138,171.44483583057644,0.0,48.13533315680387,118.48714401827553
cpu_core_weighted,2,0,8,mint,0.9801360741347102,-10.060648182532894,171.44483583057644,0.0,47.52517354815662,116.52034133100786
cpu_core_weighted,0,0,16,bottom_up,1.0307048936504906,-7.737450000349777,183.11774023810403,0.0,47.06120562341504,113.76937071030068
cpu_core_weighted,0,0,16,wls,1.0180193510570834,-8.872984055739463,183.11774023810403,0.0,49.19087278623136,125.06632390974114
cpu_core_weighted,0,0,16,mint,1.0129957773486316,-9.322664389371527,183.11774023810403,0.0,48.22835549140253,119.87375581581951
cpu_core_weighted,1,0,16,bottom_up,1.0307048936504906,-7.737450000349777,183.11774023810403,0.0,47.06120562341504,113.76937071030068
cpu_core_weighted,1,0,16,wls,1.0180193510570834,-8.872984055739463,183.11774023810403,0.0,49.19087278623136,125.06632390974114
cpu_core_weighted,1,0,16,mint,1.0129957773486316,-9.322664389371527,183.11774023810403,0.0,48.22835549140253,119.87375581581951
cpu_core_weighted,2,0,16,bottom_up,1.0307048936504906,-7.737450000349777,183.11774023810403,0.0,47.06120562341504,113.76937071030068
cpu_core_weighted,2,0,16,wls,1.0180193510570834,-8.872984055739463,183.11774023810403,0.0,49.19087278623136,125.06632390974114
cpu_core_weighted,2,0,16,mint,1.0129957773486316,-9.322664389371527,183.11774023810403,0.0,48.22835549140253,119.87375581581951
cpu_core_weighted,0,1,1,bottom_up,0.7805449359194851,-7.7179252366533895,127.44703509795418,0.0,36.358867073253336,71.11039077317638
cpu_core_weighted,0,1,1,wls,0.7733649699892713,-8.56679648323927,127.44703509795418,0.0,37.64921956318953,75.283508048343
cpu_core_weighted,0,1,1,mint,0.7730862362246635,-8.599750550226215,127.44703509795418,0.0,37.609470211005124,75.8418802431684
cpu_core_weighted,1,1,1,bottom_up,0.7805449359194851,-7.7179252366533895,127.44703509795418,0.0,36.358867073253336,71.11039077317638
cpu_core_weighted,1,1,1,wls,0.7733649699892713,-8.56679648323927,127.44703509795418,0.0,37.64921956318953,75.283508048343
cpu_core_weighted,1,1,1,mint,0.7730862362246635,-8.599750550226215,127.44703509795418,0.0,37.609470211005124,75.8418802431684
cpu_core_weighted,2,1,1,bottom_up,0.7805449359194851,-7.7179252366533895,127.44703509795418,0.0,36.358867073253336,71.11039077317638
cpu_core_weighted,2,1,1,wls,0.7733649699892713,-8.56679648323927,127.44703509795418,0.0,37.64921956318953,75.283508048343
cpu_core_weighted,2,1,1,mint,0.7730862362246635,-8.599750550226215,127.44703509795418,0.0,37.609470211005124,75.8418802431684
cpu_core_weighted,0,1,8,bottom_up,0.794109324195644,-7.8683946059724725,132.7397281498307,0.0,37.06789243844397,74.94490068696513
cpu_core_weighted,0,1,8,wls,0.7873944212939675,-8.647449536505004,132.7397281498307,0.0,38.482206354752705,79.7016803272947
cpu_core_weighted,0,1,8,mint,0.7877895503581098,-8.601607139358814,132.7397281498307,0.0,38.619719431439236,81.24147314697036
cpu_core_weighted,1,1,8,bottom_up,0.794109324195644,-7.8683946059724725,132.7397281498307,0.0,37.06789243844397,74.94490068696513
cpu_core_weighted,1,1,8,wls,0.7873944212939675,-8.647449536505004,132.7397281498307,0.0,38.482206354752705,79.7016803272947
cpu_core_weighted,1,1,8,mint,0.7877895503581098,-8.601607139358814,132.7397281498307,0.0,38.619719431439236,81.24147314697036
cpu_core_weighted,2,1,8,bottom_up,0.794109324195644,-7.8683946059724725,132.7397281498307,0.0,37.06789243844397,74.94490068696513
cpu_core_weighted,2,1,8,wls,0.7873944212939675,-8.647449536505004,132.7397281498307,0.0,38.482206354752705,79.7016803272947
cpu_core_weighted,2,1,8,mint,0.7877895503581098,-8.601607139358814,132.7397281498307,0.0,38.619719431439236,81.24147314697036
cpu_core_weighted,0,1,16,bottom_up,0.7993938475030506,-7.5685095105172735,131.29275142248974,0.0,37.279213009793736,78.79765919135743
cpu_core_weighted,0,1,16,wls,0.7892731254510011,-8.73873796176532,131.29275142248974,0.0,38.623700186827136,82.42674560724379
cpu_core_weighted,0,1,16,mint,0.7901883349375972,-8.632915059549584,131.29275142248974,0.0,38.85430956611954,84.42462165074811
cpu_core_weighted,1,1,16,bottom_up,0.7993938475030506,-7.5685095105172735,131.29275142248974,0.0,37.279213009793736,78.79765919135743
cpu_core_weighted,1,1,16,wls,0.7892731254510011,-8.73873796176532,131.29275142248974,0.0,38.623700186827136,82.42674560724379
cpu_core_weighted,1,1,16,mint,0.7901883349375972,-8.632915059549584,131.29275142248974,0.0,38.85430956611954,84.42462165074811
cpu_core_weighted,2,1,16,bottom_up,0.7993938475030506,-7.5685095105172735,131.29275142248974,0.0,37.279213009793736,78.79765919135743
cpu_core_weighted,2,1,16,wls,0.7892731254510011,-8.73873796176532,131.29275142248974,0.0,38.623700186827136,82.42674560724379
cpu_core_weighted,2,1,16,mint,0.7901883349375972,-8.632915059549584,131.29275142248974,0.0,38.85430956611954,84.42462165074811
cpu_core_weighted,0,2,1,bottom_up,1.0205550544242874,-11.195607588786471,171.5725267317513,0.0,49.01390804078175,105.84451488511195
cpu_core_weighted,0,2,1,wls,1.0165011232696677,-11.548363563588815,171.5725267317513,0.0,50.314086475788535,108.46016765699017
cpu_core_weighted,0,2,1,mint,1.0112159355198143,-12.00825828937575,171.5725267317513,0.0,49.482016727441966,107.36962796076126
cpu_core_weighted,1,2,1,bottom_up,1.0205550544242874,-11.195607588786471,171.5725267317513,0.0,49.01390804078175,105.84451488511195
cpu_core_weighted,1,2,1,wls,1.0165011232696677,-11.548363563588815,171.5725267317513,0.0,50.314086475788535,108.46016765699017
cpu_core_weighted,1,2,1,mint,1.0112159355198143,-12.00825828937575,171.5725267317513,0.0,49.482016727441966,107.36962796076126
cpu_core_weighted,2,2,1,bottom_up,1.0205550544242874,-11.195607588786471,171.5725267317513,0.0,49.01390804078175,105.84451488511195
cpu_core_weighted,2,2,1,wls,1.0165011232696677,-11.548363563588815,171.5725267317513,0.0,50.314086475788535,108.46016765699017
cpu_core_weighted,2,2,1,mint,1.0112159355198143,-12.00825828937575,171.5725267317513,0.0,49.482016727441966,107.36962796076126
cpu_core_weighted,0,2,8,bottom_up,1.021055775499171,-9.80984390352939,170.36132440790686,0.0,49.54246108440683,106.71746212291394
cpu_core_weighted,0,2,8,wls,1.0116825627701151,-10.63778253278368,170.36132440790686,0.0,50.49019044260374,109.30341677169056
cpu_core_weighted,0,2,8,mint,1.0098630269075288,-10.798502669144083,170.36132440790686,0.0,50.056834672257374,108.75770834241025
cpu_core_weighted,1,2,8,bottom_up,1.021055775499171,-9.80984390352939,170.36132440790686,0.0,49.54246108440683,106.71746212291394
cpu_core_weighted,1,2,8,wls,1.0116825627701151,-10.63778253278368,170.36132440790686,0.0,50.49019044260374,109.30341677169056
cpu_core_weighted,1,2,8,mint,1.0098630269075288,-10.798502669144083,170.36132440790686,0.0,50.056834672257374,108.75770834241025
cpu_core_weighted,2,2,8,bottom_up,1.021055775499171,-9.80984390352939,170.36132440790686,0.0,49.54246108440683,106.71746212291394
cpu_core_weighted,2,2,8,wls,1.0116825627701151,-10.63778253278368,170.36132440790686,0.0,50.49019044260374,109.30341677169056
cpu_core_weighted,2,2,8,mint,1.0098630269075288,-10.798502669144083,170.36132440790686,0.0,50.056834672257374,108.75770834241025
cpu_core_weighted,0,2,16,bottom_up,1.0266075964353594,-11.113927801786394,172.7779307352326,0.0,50.22454208682982,107.77379112593843
cpu_core_weighted,0,2,16,wls,1.020968838113624,-11.602144605397024,172.7779307352326,0.0,51.21705777740262,110.86470265122927
cpu_core_weighted,0,2,16,mint,1.0172490640950174,-11.924211287084308,172.7779307352326,0.0,50.79742925240294,110.24848476290344
cpu_core_weighted,1,2,16,bottom_up,1.0266075964353594,-11.113927801786394,172.7779307352326,0.0,50.22454208682982,107.77379112593843
cpu_core_weighted,1,2,16,wls,1.020968838113624,-11.602144605397024,172.7779307352326,0.0,51.21705777740262,110.86470265122927
cpu_core_weighted,1,2,16,mint,1.0172490640950174,-11.924211287084308,172.7779307352326,0.0,50.79742925240294,110.24848476290344
cpu_core_weighted,2,2,16,bottom_up,1.0266075964353594,-11.113927801786394,172.7779307352326,0.0,50.22454208682982,107.77379112593843
cpu_core_weighted,2,2,16,wls,1.020968838113624,-11.602144605397024,172.7779307352326,0.0,51.21705777740262,110.86470265122927
cpu_core_weighted,2,2,16,mint,1.0172490640950174,-11.924211287084308,172.7779307352326,0.0,50.79742925240294,110.24848476290344
memory_um,0,0,1,bottom_up,2075080793.3826785,12.249309937215692,1491534985.8369813,0.0,506790526.9619207,1186296378.234332
memory_um,0,0,1,wls,1868845404.0685003,1.0932237698852543,1491534985.8369813,0.0,522887013.1767534,1185538040.141952
memory_um,0,0,1,mint,1832887965.9285433,-0.8518559740897658,1491534985.8369813,0.0,536030867.676578,1185513850.6278994
memory_um,1,0,1,bottom_up,2075080793.3826785,12.249309937215692,1491534985.8369813,0.0,506790526.9619207,1186296378.234332
memory_um,1,0,1,wls,1868845404.0685003,1.0932237698852543,1491534985.8369813,0.0,522887013.1767534,1185538040.141952
memory_um,1,0,1,mint,1832887965.9285433,-0.8518559740897658,1491534985.8369813,0.0,536030867.676578,1185513850.6278994
memory_um,2,0,1,bottom_up,2075080793.3826785,12.249309937215692,1491534985.8369813,0.0,506790526.9619207,1186296378.234332
memory_um,2,0,1,wls,1868845404.0685003,1.0932237698852543,1491534985.8369813,0.0,522887013.1767534,1185538040.141952
memory_um,2,0,1,mint,1832887965.9285433,-0.8518559740897658,1491534985.8369813,0.0,536030867.676578,1185513850.6278994
memory_um,0,0,8,bottom_up,2008866215.1720126,31.614648221961094,1792691829.1344185,0.0,506382941.607602,1174995716.2805135
memory_um,0,0,8,wls,1616183556.0337863,5.887305278460753,1792691829.1344185,0.0,535715187.2514022,1158612420.2120178
memory_um,0,0,8,mint,1758572960.419478,15.216214902814551,1792691829.1344185,0.0,528429739.88751686,1165246761.1729977
memory_um,1,0,8,bottom_up,2008866215.1720126,31.614648221961094,1792691829.1344185,0.0,506382941.607602,1174995716.2805135
memory_um,1,0,8,wls,1616183556.0337863,5.887305278460753,1792691829.1344185,0.0,535715187.2514022,1158612420.2120178
memory_um,1,0,8,mint,1758572960.419478,15.216214902814551,1792691829.1344185,0.0,528429739.88751686,1165246761.1729977
memory_um,2,0,8,bottom_up,2008866215.1720126,31.614648221961094,1792691829.1344185,0.0,506382941.607602,1174995716.2805135
memory_um,2,0,8,wls,1616183556.0337863,5.887305278460753,1792691829.1344185,0.0,535715187.2514022,1158612420.2120178
memory_um,2,0,8,mint,1758572960.419478,15.216214902814551,1792691829.1344185,0.0,528429739.88751686,1165246761.1729977
memory_um,0,0,16,bottom_up,2111881147.9847877,21.703032718739813,1522331834.1169596,0.0,493552141.9963023,1183450473.6562254
memory_um,0,0,16,wls,1841620625.6393313,6.128517445956239,1522331834.1169596,0.0,517959041.81285065,1174124004.24636
memory_um,0,0,16,mint,1896120912.491208,9.269248258504037,1522331834.1169596,0.0,514972121.9736704,1178029089.1527336
memory_um,1,0,16,bottom_up,2111881147.9847877,21.703032718739813,1522331834.1169596,0.0,493552141.9963023,1183450473.6562254
memory_um,1,0,16,wls,1841620625.6393313,6.128517445956239,1522331834.1169596,0.0,517959041.81285065,1174124004.24636
memory_um,1,0,16,mint,1896120912.491208,9.269248258504037,1522331834.1169596,0.0,514972121.9736704,1178029089.1527336
memory_um,2,0,16,bottom_up,2111881147.9847877,21.703032718739813,1522331834.1169596,0.0,493552141.9963023,1183450473.6562254
memory_um,2,0,16,wls,1841620625.6393313,6.128517445956239,1522331834.1169596,0.0,517959041.81285065,1174124004.24636
memory_um,2,0,16,mint,1896120912.491208,9.269248258504037,1522331834.1169596,0.0,514972121.9736704,1178029089.1527336
memory_um,0,1,1,bottom_up,1196299637.4371316,-11.554057564022003,732754784.1564883,0.0,238395087.0982274,792462122.9281087
memory_um,0,1,1,wls,1221869948.1311007,-9.663569464774625,732754784.1564883,0.0,246352054.7894912,802856518.267588
memory_um,0,1,1,mint,1220404550.4824648,-9.771910612778923,732754784.1564883,0.0,246949233.4340988,799701665.3748889
memory_um,1,1,1,bottom_up,1196299637.4371316,-11.554057564022003,732754784.1564883,0.0,238395087.0982274,792462122.9281087
memory_um,1,1,1,wls,1221869948.1311007,-9.663569464774625,732754784.1564883,0.0,246352054.7894912,802856518.267588
memory_um,1,1,1,mint,1220404550.4824648,-9.771910612778923,732754784.1564883,0.0,246949233.4340988,799701665.3748889
memory_um,2,1,1,bottom_up,1196299637.4371316,-11.554057564022003,732754784.1564883,0.0,238395087.0982274,792462122.9281087
memory_um,2,1,1,wls,1221869948.1311007,-9.663569464774625,732754784.1564883,0.0,246352054.7894912,802856518.267588
memory_um,2,1,1,mint,1220404550.4824648,-9.771910612778923,732754784.1564883,0.0,246949233.4340988,799701665.3748889
memory_um,0,1,8,bottom_up,1340514100.6138046,-0.6460425296858641,799168503.5116102,0.0,255925025.03682604,861639278.7633283
memory_um,0,1,8,wls,1316136713.382926,-2.452804497400407,799168503.5116102,0.0,260569657.43985084,854592106.592839
memory_um,0,1,8,mint,1316686002.217671,-2.4120932363243974,799168503.5116102,0.0,261977288.54998517,855531821.3243225
memory_um,1,1,8,bottom_up,1340514100.6138046,-0.6460425296858641,799168503.5116102,0.0,255925025.03682604,861639278.7633283
memory_um,1,1,8,wls,1316136713.382926,-2.452804497400407,799168503.5116102,0.0,260569657.43985084,854592106.592839
memory_um,1,1,8,mint,1316686002.217671,-2.4120932363243974,799168503.5116102,0.0,261977288.54998517,855531821.3243225
memory_um,2,1,8,bottom_up,1340514100.6138046,-0.6460425296858641,799168503.5116102,0.0,255925025.03682604,861639278.7633283
memory_um,2,1,8,wls,1316136713.382926,-2.452804497400407,799168503.5116102,0.0,260569657.43985084,854592106.592839
memory_um,2,1,8,mint,1316686002.217671,-2.4120932363243974,799168503.5116102,0.0,261977288.54998517,855531821.3243225
memory_um,0,1,16,bottom_up,1398288473.5837512,3.7209643211308707,787283428.9104376,0.0,265230185.9482822,923669854.1910511
memory_um,0,1,16,wls,1354999717.5109816,0.5099305402241683,787283428.9104376,0.0,269224669.04179174,912366007.1556779
memory_um,0,1,16,mint,1355061135.6553676,0.514486359200661,787283428.9104376,0.0,271808252.7808545,914951920.4303038
memory_um,1,1,16,bottom_up,1398288473.5837512,3.7209643211308707,787283428.9104376,0.0,265230185.9482822,923669854.1910511
memory_um,1,1,16,wls,1354999717.5109816,0.5099305402241683,787283428.9104376,0.0,269224669.04179174,912366007.1556779
memory_um,1,1,16,mint,1355061135.6553676,0.514486359200661,787283428.9104376,0.0,271808252.7808545,914951920.4303038
memory_um,2,1,16,bottom_up,1398288473.5837512,3.7209643211308707,787283428.9104376,0.0,265230185.9482822,923669854.1910511
memory_um,2,1,16,wls,1354999717.5109816,0.5099305402241683,787283428.9104376,0.0,269224669.04179174,912366007.1556779
memory_um,2,1,16,mint,1355061135.6553676,0.514486359200661,787283428.9104376,0.0,271808252.7808545,914951920.4303038
memory_um,0,2,1,bottom_up,1173657905.0886176,-7.10090025688721,763501987.9491076,0.0,232768082.75907645,543885368.384455
memory_um,0,2,1,wls,1167809504.6159296,-7.563821467995046,763501987.9491076,0.0,240270211.25762352,557938720.5242872
memory_um,0,2,1,mint,1166472261.9314036,-7.669668871222091,763501987.9491076,0.0,234949607.09311682,549081040.4288753
memory_um,1,2,1,bottom_up,1173657905.0886176,-7.10090025688721,763501987.9491076,0.0,232768082.75907645,543885368.384455
memory_um,1,2,1,wls,1167809504.6159296,-7.563821467995046,763501987.9491076,0.0,240270211.25762352,557938720.5242872
memory_um,1,2,1,mint,1166472261.9314036,-7.669668871222091,763501987.9491076,0.0,234949607.09311682,549081040.4288753
memory_um,2,2,1,bottom_up,1173657905.0886176,-7.10090025688721,763501987.9491076,0.0,232768082.75907645,543885368.384455
memory_um,2,2,1,wls,1167809504.6159296,-7.563821467995046,763501987.9491076,0.0,240270211.25762352,557938720.5242872
memory_um,2,2,1,mint,1166472261.9314036,-7.669668871222091,763501987.9491076,0.0,234949607.09311682,549081040.4288753
memory_um,0,2,8,bottom_up,1167561614.072031,-7.504818149230297,767941323.936843,0.0,232323552.07860938,551178955.4349654
memory_um,0,2,8,wls,1162557010.7609544,-7.901286898947546,767941323.936843,0.0,240670947.22559813,567682546.3159047
memory_um,0,2,8,mint,1160263172.3851845,-8.083006643024381,767941323.936843,0.0,235799166.0215833,559273749.4987204
memory_um,1,2,8,bottom_up,1167561614.072031,-7.504818149230297,767941323.936843,0.0,232323552.07860938,551178955.4349654
memory_um,1,2,8,wls,1162557010.7609544,-7.901286898947546,767941323.936843,0.0,240670947.22559813,567682546.3159047
memory_um,1,2,8,mint,1160263172.3851845,-8.083006643024381,767941323.936843,0.0,235799166.0215833,559273749.4987204
memory_um,2,2,8,bottom_up,1167561614.072031,-7.504818149230297,767941323.936843,0.0,232323552.07860938,551178955.4349654
memory_um,2,2,8,wls,1162557010.7609544,-7.901286898947546,767941323.936843,0.0,240670947.22559813,567682546.3159047
memory_um,2,2,8,mint,1160263172.3851845,-8.083006643024381,767941323.936843,0.0,235799166.0215833,559273749.4987204
memory_um,0,2,16,bottom_up,1130609376.3134103,-10.718321583055179,780548531.5914713,0.0,228151917.36735824,550804983.1242969
memory_um,0,2,16,wls,1135057345.1545937,-10.367075492224032,780548531.5914713,0.0,237802041.6769665,570643348.9154766
memory_um,0,2,16,mint,1128115358.949221,-10.915268522414468,780548531.5914713,0.0,231715380.6134359,559339434.2160808
memory_um,1,2,16,bottom_up,1130609376.3134103,-10.718321583055179,780548531.5914713,0.0,228151917.36735824,550804983.1242969
memory_um,1,2,16,wls,1135057345.1545937,-10.367075492224032,780548531.5914713,0.0,237802041.6769665,570643348.9154766
memory_um,1,2,16,mint,1128115358.949221,-10.915268522414468,780548531.5914713,0.0,231715380.6134359,559339434.2160808
memory_um,2,2,16,bottom_up,1130609376.3134103,-10.718321583055179,780548531.5914713,0.0,228151917.36735824,550804983.1242969
memory_um,2,2,16,wls,1135057345.1545937,-10.367075492224032,780548531.5914713,0.0,237802041.6769665,570643348.9154766
memory_um,2,2,16,mint,1128115358.949221,-10.915268522414468,780548531.5914713,0.0,231715380.6134359,559339434.2160808
