hierarchy,target,fold,horizon,seed,split,prediction_sha256,model_config_hash,source
cpu_core_weighted,machine01_CU_wcontrib,0,1,0,test,940102408ce1501f85e12501b1be1cea601c2116cd7933619a45772b57694dbc,9c347608ec61ce96,experiment-freeze-v2:cpu_classical
cpu_core_weighted,machine02_CU_wcontrib,0,1,0,test,5eaffc69d3797cf6027314d507b247ce3e0915bae289d3c4063794ac8dc36019,9c347608ec61ce96,experiment-freeze-v2:cpu_classical
cpu_core_weighted,machine03_CU_wcontrib,0,1,0,test,23d08b86aa3c664fb45fb32717db8ffbd4d8cc834b11ef8b11d540ec7d8bad35,9c347608ec61ce96,experiment-freeze-v2:cpu_classical
cpu_core_weighted,machine04_CU_wcontrib,0,1,0,test,3dbf2b5b97341c9236ab471fcd826917f974ce2022f3dd2dd5fc82f1680659e7,9c347608ec61ce96,experiment-freeze-v2:cpu_classical
cpu_core_weighted,machine05_CU_wcontrib,0,1,0,test,ce3e2a3d1b87aab1896759e0106488358abebaebca8ff6a362af467dd2a48fae,9c347608ec61ce96,experiment-freeze-v2:cpu_classical
cpu_core_weighted,machine06_CU_wcontrib,0,1,0,test,d86ab611906446c1c930a01c541c7df52323533745b13496698e600b33d38df6,9c347608ec61ce96,experiment-freeze-v2:cpu_classical
cpu_core_weighted,machine07_CU_wcontrib,0,1,0,test,86a0f27d44d0b4d4b82c1fc4e4f7d65395cb8f9dafd53ddaf61fe02e0291f2fe,9c347608ec61ce96,experiment-freeze-v2:cpu_classical
cpu_core_weighted,cluster_CU_wsum,0,1,0,test,1c27d5de7475d42c13a8f75fe84c0e07932ed6f49e950795ff73098d3b623444,9c347608ec61ce96,experiment-freeze-v2:cpu_classical
cpu_core_weighted,machine01_CU_wcontrib,0,1,1,test,940102408ce1501f85e12501b1be1cea601c2116cd7933619a45772b57694dbc,9c347608ec61ce96,robustness_extension
cpu_core_weighted,machine02_CU_wcontrib,0,1,1,test,5eaffc69d3797cf6027314d507b247ce3e0915bae289d3c4063794ac8dc36019,9c347608ec61ce96,robustness_extension
cpu_core_weighted,machine03_CU_wcontrib,0,1,1,test,23d08b86aa3c664fb45fb32717db8ffbd4d8cc834b11ef8b11d540ec7d8bad35,9c347608ec61ce96,robustness_extension
cpu_core_weighted,machine04_CU_wcontrib,0,1,1,test,3dbf2b5b97341c9236ab471fcd826917f974ce2022f3dd2dd5fc82f1680659e7,9c347608ec61ce96,robustness_extension
cpu_core_weighted,machine05_CU_wcontrib,0,1,1,test,ce3e2a3d1b87aab1896759e0106488358abebaebca8ff6a362af467dd2a48fae,9c347608ec61ce96,robustness_extension
cpu_core_weighted,machine06_CU_wcontrib,0,1,1,test,d86ab611906446c1c930a01c541c7df52323533745b13496698e600b33d38df6,9c347608ec61ce96,robustness_extension
cpu_core_weighted,machine07_CU_wcontrib,0,1,1,test,86a0f27d44d0b4d4b82c1fc4e4f7d65395cb8f9dafd53ddaf61fe02e0291f2fe,9c347608ec61ce96,robustness_extension
cpu_core_weighted,cluster_CU_wsum,0,1,1,test,1c27d5de7475d42c13a8f75fe84c0e07932ed6f49e950795ff73098d3b623444,9c347608ec61ce96,robustness_extension
cpu_core_weighted,machine01_CU_wcontrib,0,1,2,test,940102408ce1501f85e12501b1be1cea601c2116cd7933619a45772b57694dbc,9c347608ec61ce96,robustness_extension
cpu_core_weighted,machine02_CU_wcontrib,0,1,2,test,5eaffc69d3797cf6027314d507b247ce3e0915bae289d3c4063794ac8dc36019,9c347608ec61ce96,robustness_extension
cpu_core_weighted,machine03_CU_wcontrib,0,1,2,test,23d08b86aa3c664fb45fb32717db8ffbd4d8cc834b11ef8b11d540ec7d8bad35,9c347608ec61ce96,robustness_extension
cpu_core_weighted,machine04_CU_wcontrib,0,1,2,test,3dbf2b5b97341c9236ab471fcd826917f974ce2022f3dd2dd5fc82f1680659e7,9c347608ec61ce96,robustness_extension
cpu_core_weighted,machine05_CU_wcontrib,0,1,2,test,ce3e2a3d1b87aab1896759e0106488358abebaebca8ff6a362af467dd2a48fae,9c347608ec61ce96,robustness_extension
cpu_core_weighted,machine06_CU_wcontrib,0,1,2,test,d86ab611906446c1c930a01c541c7df52323533745b13496698e600b33d38df6,9c347608ec61ce96,robustness_extension
cpu_core_weighted,machine07_CU_wcontrib,0,1,2,test,86a0f27d44d0b4d4b82c1fc4e4f7d65395cb8f9dafd53ddaf61fe02e0291f2fe,9c347608ec61ce96,robustness_extension
cpu_core_weighted,cluster_CU_wsum,0,1,2,test,1c27d5de7475d42c13a8f75fe84c0e07932ed6f49e950795ff73098d3b623444,9c347608ec61ce96,robustness_extension
cpu_core_weighted,machine01_CU_wcontrib,0,8,0,test,e4f5cc9c689479abc3bf6a395e1c16d5d24aafc3f7f9b2ebe85ea97e05e781bf,9c347608ec61ce96,experiment-freeze-v2:cpu_classical
cpu_core_weighted,machine02_CU_wcontrib,0,8,0,test,e8238aa6e9d3b2c16f2cc2d0299577964b7af6644246f9be1cd45eaae7f10e4b,9c347608ec61ce96,experiment-freeze-v2:cpu_classical
cpu_core_weighted,machine03_CU_wcontrib,0,8,0,test,c4dd067dc0223aab301f8035e4400dc6d36131f9699014be07a270ac285d6180,9c347608ec61ce96,experiment-freeze-v2:cpu_classical
cpu_core_weighted,machine04_CU_wcontrib,0,8,0,test,886db153dc0836268c3c41bc9ce94da53bc003a1697cf2e30e1b9d8e58c5612d,9c347608ec61ce96,experiment-freeze-v2:cpu_classical
cpu_core_weighted,machine05_CU_wcontrib,0,8,0,test,91d484d0d5ebf1b8a2eb227aac01135634b012c5bff7b59ae5985b66a8825383,9c347608ec61ce96,experiment-freeze-v2:cpu_classical
cpu_core_weighted,machine06_CU_wcontrib,0,8,0,test,8fe7ed100b12ae01e1bc7cd1a117beac6e7333699fd77023e16a49dc1b95642c,9c347608ec61ce96,experiment-freeze-v2:cpu_classical
cpu_core_weighted,machine07_CU_wcontrib,0,8,0,test,2a9353b2d0c158eb32942aa8c341a791032f1aa70f2fde5619589282c107509d,9c347608ec61ce96,experiment-freeze-v2:cpu_classical
cpu_core_weighted,cluster_CU_wsum,0,8,0,test,105db023c252959c61643e9308d7541994a0401be7158bc2cc08269489394850,9c347608ec61ce96,experiment-freeze-v2:cpu_classical
cpu_core_weighted,machine01_CU_wcontrib,0,8,1,test,e4f5cc9c689479abc3bf6a395e1c16d5d24aafc3f7f9b2ebe85ea97e05e781bf,9c347608ec61ce96,robustness_extension
cpu_core_weighted,machine02_CU_wcontrib,0,8,1,test,e8238aa6e9d3b2c16f2cc2d0299577964b7af6644246f9be1cd45eaae7f10e4b,9c347608ec61ce96,robustness_extension
cpu_core_weighted,machine03_CU_wcontrib,0,8,1,test,c4dd067dc0223aab301f8035e4400dc6d36131f9699014be07a270ac285d6180,9c347608ec61ce96,robustness_extension
cpu_core_weighted,machine04_CU_wcontrib,0,8,1,test,886db153dc0836268c3c41bc9ce94da53bc003a1697cf2e30e1b9d8e58c5612d,9c347608ec61ce96,robustness_extension
cpu_core_weighted,machine05_CU_wcontrib,0,8,1,test,91d484d0d5ebf1b8a2eb227aac01135634b012c5bff7b59ae5985b66a8825383,9c347608ec61ce96,robustness_extension
cpu_core_weighted,machine06_CU_wcontrib,0,8,1,test,8fe7ed100b12ae01e1bc7cd1a117beac6e7333699fd77023e16a49dc1b95642c,9c347608ec61ce96,robustness_extension
cpu_core_weighted,machine07_CU_wcontrib,0,8,1,test,2a9353b2d0c158eb32942aa8c341a791032f1aa70f2fde5619589282c107509d,9c347608ec61ce96,robustness_extension
cpu_core_weighted,cluster_CU_wsum,0,8,1,test,105db023c252959c61643e9308d7541994a0401be7158bc2cc08269489394850,9c347608ec61ce96,robustness_extension
cpu_core_weighted,machine01_CU_wcontrib,0,8,2,test,e4f5cc9c689479abc3bf6a395e1c16d5d24aafc3f7f9b2ebe85ea97e05e781bf,9c347608ec61ce96,robustness_extension
cpu_core_weighted,machine02_CU_wcontrib,0,8,2,test,e8238aa6e9d3b2c16f2cc2d0299577964b7af6644246f9be1cd45eaae7f10e4b,9c347608ec61ce96,robustness_extension
cpu_core_weighted,machine03_CU_wcontrib,0,8,2,test,c4dd067dc0223aab301f8035e4400dc6d36131f9699014be07a270ac285d6180,9c347608ec61ce96,robustness_extension
cpu_core_weighted,machine04_CU_wcontrib,0,8,2,test,886db153dc0836268c3c41bc9ce94da53bc003a1697cf2e30e1b9d8e58c5612d,9c347608ec61ce96,robustness_extension
cpu_core_weighted,machine05_CU_wcontrib,0,8,2,test,91d484d0d5ebf1b8a2eb227aac01135634b012c5bff7b59ae5985b66a8825383,9c347608ec61ce96,robustness_extension
cpu_core_weighted,machine06_CU_wcontrib,0,8,2,test,8fe7ed100b12ae01e1bc7cd1a117beac6e7333699fd77023e16a49dc1b95642c,9c347608ec61ce96,robustness_extension
cpu_core_weighted,machine07_CU_wcontrib,0,8,2,test,2a9353b2d0c158eb32942aa8c341a791032f1aa70f2fde5619589282c107509d,9c347608ec61ce96,robustness_extension
cpu_core_weighted,cluster_CU_wsum,0,8,2,test,105db023c252959c61643e9308d7541994a0401be7158bc2cc08269489394850,9c347608ec61ce96,robustness_extension
cpu_core_weighted,machine01_CU_wcontrib,0,16,0,test,75eb94f5834b89e0a581d8ee052d944a91bbd77ea34d79ccc85f56f252ef6dfc,9c347608ec61ce96,experiment-freeze-v2:cpu_classical
cpu_core_weighted,machine02_CU_wcontrib,0,16,0,test,d6b852f5a5046787babcbcab6be9720cb57eb7f6262444a1748103bd88817152,9c347608ec61ce96,experiment-freeze-v2:cpu_classical
cpu_core_weighted,machine03_CU_wcontrib,0,16,0,test,4bbb4a435dbb5edb40be77cf5d4beb330331159863d7b3cc9f7ebd48cf2c0043,9c347608ec61ce96,experiment-freeze-v2:cpu_classical
cpu_core_weighted,machine04_CU_wcontrib,0,16,0,test,9e10d3620ecf3ea3a369c3c96b8345e02c0ebd7138337037890fddf95df273b7,9c347608ec61ce96,experiment-freeze-v2:cpu_classical
cpu_core_weighted,machine05_CU_wcontrib,0,16,0,test,b246a69fa9c095141d42ce74fb1f99dfdf161fc37eac7a2ac631dfc90722252e,9c347608ec61ce96,experiment-freeze-v2:cpu_classical
cpu_core_weighted,machine06_CU_wcontrib,0,16,0,test,6f57d6cec255edd668f3d654b9c2ce235806e90a1445305c425542c5d99e4ed7,9c347608ec61ce96,experiment-freeze-v2:cpu_classical
cpu_core_weighted,machine07_CU_wcontrib,0,16,0,test,b5fcbd6096fef4c4e3adb548b4e23b2eace7d0db841dd454abffa252b3207b08,9c347608ec61ce96,experiment-freeze-v2:cpu_classical
cpu_core_weighted,cluster_CU_wsum,0,16,0,test,c38b7bbfc94bf3d64332982cc5cfd607eed3fb9ec754c37c9344368772628e49,9c347608ec61ce96,experiment-freeze-v2:cpu_classical
cpu_core_weighted,machine01_CU_wcontrib,0,16,1,test,75eb94f5834b89e0a581d8ee052d944a91bbd77ea34d79ccc85f56f252ef6dfc,9c347608ec61ce96,robustness_extension
cpu_core_weighted,machine02_CU_wcontrib,0,16,1,test,d6b852f5a5046787babcbcab6be9720cb57eb7f6262444a1748103bd88817152,9c347608ec61ce96,robustness_extension
cpu_core_weighted,machine03_CU_wcontrib,0,16,1,test,4bbb4a435dbb5edb40be77cf5d4beb330331159863d7b3cc9f7ebd48cf2c0043,9c347608ec61ce96,robustness_extension
cpu_core_weighted,machine04_CU_wcontrib,0,16,1,test,9e10d3620ecf3ea3a369c3c96b8345e02c0ebd7138337037890fddf95df273b7,9c347608ec61ce96,robustness_extension
cpu_core_weighted,machine05_CU_wcontrib,0,16,1,test,b246a69fa9c095141d42ce74fb1f99dfdf161fc37eac7a2ac631dfc90722252e,9c347608ec61ce96,robustness_extension
cpu_core_weighted,machine06_CU_wcontrib,0,16,1,test,6f57d6cec255edd668f3d654b9c2ce235806e90a1445305c425542c5d99e4ed7,9c347608ec61ce96,robustness_extension
cpu_core_weighted,machine07_CU_wcontrib,0,16,1,test,b5fcbd6096fef4c4e3adb548b4e23b2eace7d0db841dd454abffa252b3207b08,9c347608ec61ce96,robustness_extension
cpu_core_weighted,cluster_CU_wsum,0,16,1,test,c38b7bbfc94bf3d64332982cc5cfd607eed3fb9ec754c37c9344368772628e49,9c347608ec61ce96,robustness_extension
cpu_core_weighted,machine01_CU_wcontrib,0,16,2,test,75eb94f5834b89e0a581d8ee052d944a91bbd77ea34d79ccc85f56f252ef6dfc,9c347608ec61ce96,robustness_extension
cpu_core_weighted,machine02_CU_wcontrib,0,16,2,test,d6b852f5a5046787babcbcab6be9720cb57eb7f6262444a1748103bd88817152,9c347608ec61ce96,robustness_extension
cpu_core_weighted,machine03_CU_wcontrib,0,16,2,test,4bbb4a435dbb5edb40be77cf5d4beb330331159863d7b3cc9f7ebd48cf2c0043,9c347608ec61ce96,robustness_extension
cpu_core_weighted,machine04_CU_wcontrib,0,16,2,test,9e10d3620ecf3ea3a369c3c96b8345e02c0ebd7138337037890fddf95df273b7,9c347608ec61ce96,robustness_extension
cpu_core_weighted,machine05_CU_wcontrib,0,16,2,test,b246a69fa9c095141d42ce74fb1f99dfdf161fc37eac7a2ac631dfc90722252e,9c347608ec61ce96,robustness_extension
cpu_core_weighted,machine06_CU_wcontrib,0,16,2,test,6f57d6cec255edd668f3d654b9c2ce235806e90a1445305c425542c5d99e4ed7,9c347608ec61ce96,robustness_extension
cpu_core_weighted,machine07_CU_wcontrib,0,16,2,test,b5fcbd6096fef4c4e3adb548b4e23b2eace7d0db841dd454abffa252b3207b08,9c347608ec61ce96,robustness_extension
cpu_core_weighted,cluster_CU_wsum,0,16,2,test,c38b7bbfc94bf3d64332982cc5cfd607eed3fb9ec754c37c9344368772628e49,9c347608ec61ce96,robustness_extension
cpu_core_weighted,machine01_CU_wcontrib,1,1,0,test,c3928287932b05d23c14d7acadf57f7c1e3df54466be330d7dcfca5a05985134,9c347608ec61ce96,experiment-freeze-v2:cpu_classical
cpu_core_weighted,machine02_CU_wcontrib,1,1,0,test,554093f4fc9883091ef996768a7ec680ac8a27f80a0f5a0cfa585700e3d233a6,9c347608ec61ce96,experiment-freeze-v2:cpu_classical
cpu_core_weighted,machine03_CU_wcontrib,1,1,0,test,21be25b2b8c87bd1b1ff229ce6fb314c01f98bc165c0f41e343e6d9107ce9e24,9c347608ec61ce96,experiment-freeze-v2:cpu_classical
cpu_core_weighted,machine04_CU_wcontrib,1,1,0,test,0189a8d972a7438ed6743ce120f0aa3b4267cdb7e3f2311550753df50841a48d,9c347608ec61ce96,experiment-freeze-v2:cpu_classical
cpu_core_weighted,machine05_CU_wcontrib,1,1,0,test,f9a43b2329aad3855ab9528eaceb04b5a483b1b3264f60c44bbb478741772766,9c347608ec61ce96,experiment-freeze-v2:cpu_classical
cpu_core_weighted,machine06_CU_wcontrib,1,1,0,test,da415b0a66a9588e03dfa676b47ae743df4b0165c48e4517dc2025096940c316,9c347608ec61ce96,experiment-freeze-v2:cpu_classical
cpu_core_weighted,machine07_CU_wcontrib,1,1,0,test,9585e14e64a598c6bb2919efcb9ec28e799a487bfa6d709a73fbb513b87f3051,9c347608ec61ce96,experiment-freeze-v2:cpu_classical
cpu_core_weighted,cluster_CU_wsum,1,1,0,test,9a45fc00cfc188b54528981d06bceef9292fd9337b8b3658c087a5638c3a79b4,9c347608ec61ce96,experiment-freeze-v2:cpu_classical
cpu_core_weighted,machine01_CU_wcontrib,1,1,1,test,c3928287932b05d23c14d7acadf57f7c1e3df54466be330d7dcfca5a05985134,9c347608ec61ce96,robustness_extension
cpu_core_weighted,machine02_CU_wcontrib,1,1,1,test,554093f4fc9883091ef996768a7ec680ac8a27f80a0f5a0cfa585700e3d233a6,9c347608ec61ce96,robustness_extension
cpu_core_weighted,machine03_CU_wcontrib,1,1,1,test,21be25b2b8c87bd1b1ff229ce6fb314c01f98bc165c0f41e343e6d9107ce9e24,9c347608ec61ce96,robustness_extension
cpu_core_weighted,machine04_CU_wcontrib,1,1,1,test,0189a8d972a7438ed6743ce120f0aa3b4267cdb7e3f2311550753df50841a48d,9c347608ec61ce96,robustness_extension
cpu_core_weighted,machine05_CU_wcontrib,1,1,1,test,f9a43b2329aad3855ab9528eaceb04b5a483b1b3264f60c44bbb478741772766,9c347608ec61ce96,robustness_extension
cpu_core_weighted,machine06_CU_wcontrib,1,1,1,test,da415b0a66a9588e03dfa676b47ae743df4b0165c48e4517dc2025096940c316,9c347608ec61ce96,robustness_extension
cpu_core_weighted,machine07_CU_wcontrib,1,1,1,test,9585e14e64a598c6bb2919efcb9ec28e799a487bfa6d709a73fbb513b87f3051,9c347608ec61ce96,robustness_extension
cpu_core_weighted,cluster_CU_wsum,1,1,1,test,9a45fc00cfc188b54528981d06bceef9292fd9337b8b3658c087a5638c3a79b4,9c347608ec61ce96,robustness_extension
cpu_core_weighted,machine01_CU_wcontrib,1,1,2,test,c3928287932b05d23c14d7acadf57f7c1e3df54466be330d7dcfca5a05985134,9c347608ec61ce96,robustness_extension
cpu_core_weighted,machine02_CU_wcontrib,1,1,2,test,554093f4fc9883091ef996768a7ec680ac8a27f80a0f5a0cfa585700e3d233a6,9c347608ec61ce96,robustness_extension
cpu_core_weighted,machine03_CU_wcontrib,1,1,2,test,21be25b2b8c87bd1b1ff229ce6fb314c01f98bc165c0f41e343e6d9107ce9e24,9c347608ec61ce96,robustness_extension
cpu_core_weighted,machine04_CU_wcontrib,1,1,2,test,0189a8d972a7438ed6743ce120f0aa3b4267cdb7e3f2311550753df50841a48d,9c347608ec61ce96,robustness_extension
cpu_core_weighted,machine05_CU_wcontrib,1,1,2,test,f9a43b2329aad3855ab9528eaceb04b5a483b1b3264f60c44bbb478741772766,9c347608ec61ce96,robustness_extension
cpu_core_weighted,machine06_CU_wcontrib,1,1,2,test,da415b0a66a9588e03dfa676b47ae743df4b0165c48e4517dc2025096940c316,9c347608ec61ce96,robustness_extension
cpu_core_weighted,machine07_CU_wcontrib,1,1,2,test,9585e14e64a598c6bb2919efcb9ec28e799a487bfa6d709a73fbb513b87f3051,9c347608ec61ce96,robustness_extension
cpu_core_weighted,cluster_CU_wsum,1,1,2,test,9a45fc00cfc188b54528981d06bceef9292fd9337b8b3658c087a5638c3a79b4,9c347608ec61ce96,robustness_extension
cpu_core_weighted,machine01_CU_wcontrib,1,8,0,test,4f9b01873c6cb8347efa065b25f6889c728fb12cb92ef54beaf2c93cb6442cc2,9c347608ec61ce96,experiment-freeze-v2:cpu_classical
cpu_core_weighted,machine02_CU_wcontrib,1,8,0,test,4063ebadddb3ccc4061bc23e81bb7964c95451b6daf4c381498292c2862c4b51,9c347608ec61ce96,experiment-freeze-v2:cpu_classical
cpu_core_weighted,machine03_CU_wcontrib,1,8,0,test,3f125c38a5eb202d56880b7454f7e60b0e51270686ab9151433e448c1b2b4223,9c347608ec61ce96,experiment-freeze-v2:cpu_classical
cpu_core_weighted,machine04_CU_wcontrib,1,8,0,test,3aba0d08e24b44ef482f6a9cda27bf66675877da81f3c7f166103de7ea8ec60d,9c347608ec61ce96,experiment-freeze-v2:cpu_classical
cpu_core_weighted,machine05_CU_wcontrib,1,8,0,test,d770665678eaea6799a6f2b56f7c89e9912c0ab9a1814efc7e0a7504e94bde4b,9c347608ec61ce96,experiment-freeze-v2:cpu_classical
cpu_core_weighted,machine06_CU_wcontrib,1,8,0,test,389e7aec7c5711cc4b476508f617ac9a7365952a3275f2da9bef0523b676763a,9c347608ec61ce96,experiment-freeze-v2:cpu_classical
cpu_core_weighted,machine07_CU_wcontrib,1,8,0,test,517bef0d89efb2976bb1e8ffc6613158a28a13f9229b8ac2b7b07061dfbb18e2,9c347608ec61ce96,experiment-freeze-v2:cpu_classical
cpu_core_weighted,cluster_CU_wsum,1,8,0,test,0817ca9d46b94abd1e450571d5d7542ff011b211fc6be8e32409873074609407,9c347608ec61ce96,experiment-freeze-v2:cpu_classical
cpu_core_weighted,machine01_CU_wcontrib,1,8,1,test,4f9b01873c6cb8347efa065b25f6889c728fb12cb92ef54beaf2c93cb6442cc2,9c347608ec61ce96,robustness_extension
cpu_core_weighted,machine02_CU_wcontrib,1,8,1,test,4063ebadddb3ccc4061bc23e81bb7964c95451b6daf4c381498292c2862c4b51,9c347608ec61ce96,robustness_extension
cpu_core_weighted,machine03_CU_wcontrib,1,8,1,test,3f125c38a5eb202d56880b7454f7e60b0e51270686ab9151433e448c1b2b4223,9c347608ec61ce96,robustness_extension
cpu_core_weighted,machine04_CU_wcontrib,1,8,1,test,3aba0d08e24b44ef482f6a9cda27bf66675877da81f3c7f166103de7ea8ec60d,9c347608ec61ce96,robustness_extension
cpu_core_weighted,machine05_CU_wcontrib,1,8,1,test,d770665678eaea6799a6f2b56f7c89e9912c0ab9a1814efc7e0a7504e94bde4b,9c347608ec61ce96,robustness_extension
cpu_core_weighted,machine06_CU_wcontrib,1,8,1,test,389e7aec7c5711cc4b476508f617ac9a7365952a3275f2da9bef0523b676763a,9c347608ec61ce96,robustness_extension
cpu_core_weighted,machine07_CU_wcontrib,1,8,1,test,517bef0d89efb2976bb1e8ffc6613158a28a13f9229b8ac2b7b07061dfbb18e2,9c347608ec61ce96,robustness_extension
cpu_core_weighted,cluster_CU_wsum,1,8,1,test,0817ca9d46b94abd1e450571d5d7542ff011b211fc6be8e32409873074609407,9c347608ec61ce96,robustness_extension
cpu_core_weighted,machine01_CU_wcontrib,1,8,2,test,4f9b01873c6cb8347efa065b25f6889c728fb12cb92ef54beaf2c93cb6442cc2,9c347608ec61ce96,robustness_extension
cpu_core_weighted,machine02_CU_wcontrib,1,8,2,test,4063ebadddb3ccc4061bc23e81bb7964c95451b6daf4c381498292c2862c4b51,9c347608ec61ce96,robustness_extension
cpu_core_weighted,machine03_CU_wcontrib,1,8,2,test,3f125c38a5eb202d56880b7454f7e60b0e51270686ab9151433e448c1b2b4223,9c347608ec61ce96,robustness_extension
cpu_core_weighted,machine04_CU_wcontrib,1,8,2,test,3aba0d08e24b44ef482f6a9cda27bf66675877da81f3c7f166103de7ea8ec60d,9c347608ec61ce96,robustness_extension
cpu_core_weighted,machine05_CU_wcontrib,1,8,2,test,d770665678eaea6799a6f2b56f7c89e9912c0ab9a1814efc7e0a7504e94bde4b,9c347608ec61ce96,robustness_extension
cpu_core_weighted,machine06_CU_wcontrib,1,8,2,test,389e7aec7c5711cc4b476508f617ac9a7365952a3275f2da9bef0523b676763a,9c347608ec61ce96,robustness_extension
cpu_core_weighted,machine07_CU_wcontrib,1,8,2,test,517bef0d89efb2976bb1e8ffc6613158a28a13f9229b8ac2b7b07061dfbb18e2,9c347608ec61ce96,robustness_extension
cpu_core_weighted,cluster_CU_wsum,1,8,2,test,0817ca9d46b94abd1e450571d5d7542ff011b211fc6be8e32409873074609407,9c347608ec61ce96,robustness_extension
cpu_core_weighted,machine01_CU_wcontrib,1,16,0,test,93294c993da7224dc2b547333761e3836f66ce02e97c5eaacda315f0bad54833,9c347608ec61ce96,experiment-freeze-v2:cpu_classical
cpu_core_weighted,machine02_CU_wcontrib,1,16,0,test,854a4580d4f8384d88fb62d8b8b80d96b4ddc160a70a0fa1d8deb34ea228d10d,9c347608ec61ce96,experiment-freeze-v2:cpu_classical
cpu_core_weighted,machine03_CU_wcontrib,1,16,0,test,63786eec78ce812a4809de4a8d2536b7329abb8a1adb743024fb828fef4a2014,9c347608ec61ce96,experiment-freeze-v2:cpu_classical
cpu_core_weighted,machine04_CU_wcontrib,1,16,0,test,8afc03d9c8ff2b5bdde5343c30bf16b74c88d5891ffe30444521ed4cb12ebe1b,9c347608ec61ce96,experiment-freeze-v2:cpu_classical
cpu_core_weighted,machine05_CU_wcontrib,1,16,0,test,3da97731aae09f393ccd0ec43b95de7eadd80a99224a5e22f3b812d238207cb7,9c347608ec61ce96,experiment-freeze-v2:cpu_classical
cpu_core_weighted,machine06_CU_wcontrib,1,16,0,test,f8fd41973a5e7c9c4a6539b44438c8b1907009ae6a295c776de8c913da064dff,9c347608ec61ce96,experiment-freeze-v2:cpu_classical
cpu_core_weighted,machine07_CU_wcontrib,1,16,0,test,d0bce2346f807198128e2d05759ed5d4fafd012718ea00b56a49ef6a714ac0cb,9c347608ec61ce96,experiment-freeze-v2:cpu_classical
cpu_core_weighted,cluster_CU_wsum,1,16,0,test,649324a13209f20838b44b3c238f55494319f8a2a3d584721005f87e1951c204,9c347608ec61ce96,experiment-freeze-v2:cpu_classical
cpu_core_weighted,machine01_CU_wcontrib,1,16,1,test,93294c993da7224dc2b547333761e3836f66ce02e97c5eaacda315f0bad54833,9c347608ec61ce96,robustness_extension
cpu_core_weighted,machine02_CU_wcontrib,1,16,1,test,854a4580d4f8384d88fb62d8b8b80d96b4ddc160a70a0fa1d8deb34ea228d10d,9c347608ec61ce96,robustness_extension
cpu_core_weighted,machine03_CU_wcontrib,1,16,1,test,63786eec78ce812a4809de4a8d2536b7329abb8a1adb743024fb828fef4a2014,9c347608ec61ce96,robustness_extension
cpu_core_weighted,machine04_CU_wcontrib,1,16,1,test,8afc03d9c8ff2b5bdde5343c30bf16b74c88d5891ffe30444521ed4cb12ebe1b,9c347608ec61ce96,robustness_extension
cpu_core_weighted,machine05_CU_wcontrib,1,16,1,test,3da97731aae09f393ccd0ec43b95de7eadd80a99224a5e22f3b812d238207cb7,9c347608ec61ce96,robustness_extension
cpu_core_weighted,machine06_CU_wcontrib,1,16,1,test,f8fd41973a5e7c9c4a6539b44438c8b1907009ae6a295c776de8c913da064dff,9c347608ec61ce96,robustness_extension
cpu_core_weighted,machine07_CU_wcontrib,1,16,1,test,d0bce2346f807198128e2d05759ed5d4fafd012718ea00b56a49ef6a714ac0cb,9c347608ec61ce96,robustness_extension
cpu_core_weighted,cluster_CU_wsum,1,16,1,test,649324a13209f20838b44b3c238f55494319f8a2a3d584721005f87e1951c204,9c347608ec61ce96,robustness_extension
cpu_core_weighted,machine01_CU_wcontrib,1,16,2,test,93294c993da7224dc2b547333761e3836f66ce02e97c5eaacda315f0bad54833,9c347608ec61ce96,robustness_extension
cpu_core_weighted,machine02_CU_wcontrib,1,16,2,test,854a4580d4f8384d88fb62d8b8b80d96b4ddc160a70a0fa1d8deb34ea228d10d,9c347608ec61ce96,robustness_extension
cpu_core_weighted,machine03_CU_wcontrib,1,16,2,test,63786eec78ce812a4809de4a8d2536b7329abb8a1adb743024fb828fef4a2014,9c347608ec61ce96,robustness_extension
cpu_core_weighted,machine04_CU_wcontrib,1,16,2,test,8afc03d9c8ff2b5bdde5343c30bf16b74c88d5891ffe30444521ed4cb12ebe1b,9c347608ec61ce96,robustness_extension
cpu_core_weighted,machine05_CU_wcontrib,1,16,2,test,3da97731aae09f393ccd0ec43b95de7eadd80a99224a5e22f3b812d238207cb7,9c347608ec61ce96,robustness_extension
cpu_core_weighted,machine06_CU_wcontrib,1,16,2,test,f8fd41973a5e7c9c4a6539b44438c8b1907009ae6a295c776de8c913da064dff,9c347608ec61ce96,robustness_extension
cpu_core_weighted,machine07_CU_wcontrib,1,16,2,test,d0bce2346f807198128e2d05759ed5d4fafd012718ea00b56a49ef6a714ac0cb,9c347608ec61ce96,robustness_extension
cpu_core_weighted,cluster_CU_wsum,1,16,2,test,649324a13209f20838b44b3c238f55494319f8a2a3d584721005f87e1951c204,9c347608ec61ce96,robustness_extension
cpu_core_weighted,machine01_CU_wcontrib,2,1,0,test,95a6f7a00b7672639c76d624e0622e7b1a8026a891e69282b89c2c1547808d04,9c347608ec61ce96,experiment-freeze-v2:cpu_classical
cpu_core_weighted,machine02_CU_wcontrib,2,1,0,test,59a092edfe0a7a326de00f4bc2c04a5863fb3aaba41ba38a8a4a85ddf4f7c5f6,9c347608ec61ce96,experiment-freeze-v2:cpu_classical
cpu_core_weighted,machine03_CU_wcontrib,2,1,0,test,c6e392956348b4d04d39b2e7d02c069fb541cedf94ad25fa0b0a20b90e5e2655,9c347608ec61ce96,experiment-freeze-v2:cpu_classical
cpu_core_weighted,machine04_CU_wcontrib,2,1,0,test,d992fe649560be6f7bc77f913b8d27818f972a42ebbdc71f07dc0494499a4ea6,9c347608ec61ce96,experiment-freeze-v2:cpu_classical
cpu_core_weighted,machine05_CU_wcontrib,2,1,0,test,b4831aeba4e25eda9afb184458554c3412d3e0f6e0e875d3ab7fce78b82dd7ec,9c347608ec61ce96,experiment-freeze-v2:cpu_classical
cpu_core_weighted,machine06_CU_wcontrib,2,1,0,test,e6cffab85bd267e0692adc116976bd5465ee424a1b6a2cc077d9a1cc8bc377dc,9c347608ec61ce96,experiment-freeze-v2:cpu_classical
cpu_core_weighted,machine07_CU_wcontrib,2,1,0,test,0d0f30e5138f06d5507b5f175b32fedcedd3345617cab9bc26e22122aaa8f8ab,9c347608ec61ce96,experiment-freeze-v2:cpu_classical
cpu_core_weighted,cluster_CU_wsum,2,1,0,test,b67d6ef466e11223fb65888dee07badc0937b9f5a6ff042221fe6d2f79b7581a,9c347608ec61ce96,experiment-freeze-v2:cpu_classical
cpu_core_weighted,machine01_CU_wcontrib,2,1,1,test,95a6f7a00b7672639c76d624e0622e7b1a8026a891e69282b89c2c1547808d04,9c347608ec61ce96,robustness_extension
cpu_core_weighted,machine02_CU_wcontrib,2,1,1,test,59a092edfe0a7a326de00f4bc2c04a5863fb3aaba41ba38a8a4a85ddf4f7c5f6,9c347608ec61ce96,robustness_extension
cpu_core_weighted,machine03_CU_wcontrib,2,1,1,test,c6e392956348b4d04d39b2e7d02c069fb541cedf94ad25fa0b0a20b90e5e2655,9c347608ec61ce96,robustness_extension
cpu_core_weighted,machine04_CU_wcontrib,2,1,1,test,d992fe649560be6f7bc77f913b8d27818f972a42ebbdc71f07dc0494499a4ea6,9c347608ec61ce96,robustness_extension
cpu_core_weighted,machine05_CU_wcontrib,2,1,1,test,b4831aeba4e25eda9afb184458554c3412d3e0f6e0e875d3ab7fce78b82dd7ec,9c347608ec61ce96,robustness_extension
cpu_core_weighted,machine06_CU_wcontrib,2,1,1,test,e6cffab85bd267e0692adc116976bd5465ee424a1b6a2cc077d9a1cc8bc377dc,9c347608ec61ce96,robustness_extension
cpu_core_weighted,machine07_CU_wcontrib,2,1,1,test,0d0f30e5138f06d5507b5f175b32fedcedd3345617cab9bc26e22122aaa8f8ab,9c347608ec61ce96,robustness_extension
cpu_core_weighted,cluster_CU_wsum,2,1,1,test,b67d6ef466e11223fb65888dee07badc0937b9f5a6ff042221fe6d2f79b7581a,9c347608ec61ce96,robustness_extension
cpu_core_weighted,machine01_CU_wcontrib,2,1,2,test,95a6f7a00b7672639c76d624e0622e7b1a8026a891e69282b89c2c1547808d04,9c347608ec61ce96,robustness_extension
cpu_core_weighted,machine02_CU_wcontrib,2,1,2,test,59a092edfe0a7a326de00f4bc2c04a5863fb3aaba41ba38a8a4a85ddf4f7c5f6,9c347608ec61ce96,robustness_extension
cpu_core_weighted,machine03_CU_wcontrib,2,1,2,test,c6e392956348b4d04d39b2e7d02c069fb541cedf94ad25fa0b0a20b90e5e2655,9c347608ec61ce96,robustness_extension
cpu_core_weighted,machine04_CU_wcontrib,2,1,2,test,d992fe649560be6f7bc77f913b8d27818f972a42ebbdc71f07dc0494499a4ea6,9c347608ec61ce96,robustness_extension
cpu_core_weighted,machine05_CU_wcontrib,2,1,2,test,b4831aeba4e25eda9afb184458554c3412d3e0f6e0e875d3ab7fce78b82dd7ec,9c347608ec61ce96,robustness_extension
cpu_core_weighted,machine06_CU_wcontrib,2,1,2,test,e6cffab85bd267e0692adc116976bd5465ee424a1b6a2cc077d9a1cc8bc377dc,9c347608ec61ce96,robustness_extension
cpu_core_weighted,machine07_CU_wcontrib,2,1,2,test,0d0f30e5138f06d5507b5f175b32fedcedd3345617cab9bc26e22122aaa8f8ab,9c347608ec61ce96,robustness_extension
cpu_core_weighted,cluster_CU_wsum,2,1,2,test,b67d6ef466e11223fb65888dee07badc0937b9f5a6ff042221fe6d2f79b7581a,9c347608ec61ce96,robustness_extension
cpu_core_weighted,machine01_CU_wcontrib,2,8,0,test,a389fb8d1cb5d28a4952aecd5ce8487c4db561f71421c2ee4adc3adc9e473664,9c347608ec61ce96,experiment-freeze-v2:cpu_classical
cpu_core_weighted,machine02_CU_wcontrib,2,8,0,test,ed2d338b32c74a8d348ca1052cb5b3b6701798ea53ebe5f0fdf92b9d11cf4ac6,9c347608ec61ce96,experiment-freeze-v2:cpu_classical
cpu_core_weighted,machine03_CU_wcontrib,2,8,0,test,61c1911be2c2aa8b54b88e6809074bbb99fe5db8bbb186f6caa98b77c2717cd6,9c347608ec61ce96,experiment-freeze-v2:cpu_classical
cpu_core_weighted,machine04_CU_wcontrib,2,8,0,test,aabc1bbfd323527a519bc82bdb90feeb2b5340e93dfac7c300c322b6938f19ce,9c347608ec61ce96,experiment-freeze-v2:cpu_classical
cpu_core_weighted,machine05_CU_wcontrib,2,8,0,test,f19800954ae093f2fa08b17aab89b53f5b4a6d609975956e0990c98c82989552,9c347608ec61ce96,experiment-freeze-v2:cpu_classical
cpu_core_weighted,machine06_CU_wcontrib,2,8,0,test,0fe00e1e23261af86111933097632a7862bb0f6ce1c9300bb8f4bbd8441e4288,9c347608ec61ce96,experiment-freeze-v2:cpu_classical
cpu_core_weighted,machine07_CU_wcontrib,2,8,0,test,e477c73e7a9c431df56e976bf09a45725cd5666ccc913a18f55bc85a1b3b056b,9c347608ec61ce96,experiment-freeze-v2:cpu_classical
cpu_core_weighted,cluster_CU_wsum,2,8,0,test,e791502a0306625cc57c463442630a7369b43e37200967bd71aff4bf0f5b8389,9c347608ec61ce96,experiment-freeze-v2:cpu_classical
cpu_core_weighted,machine01_CU_wcontrib,2,8,1,test,a389fb8d1cb5d28a4952aecd5ce8487c4db561f71421c2ee4adc3adc9e473664,9c347608ec61ce96,robustness_extension
cpu_core_weighted,machine02_CU_wcontrib,2,8,1,test,ed2d338b32c74a8d348ca1052cb5b3b6701798ea53ebe5f0fdf92b9d11cf4ac6,9c347608ec61ce96,robustness_extension
cpu_core_weighted,machine03_CU_wcontrib,2,8,1,test,61c1911be2c2aa8b54b88e6809074bbb99fe5db8bbb186f6caa98b77c2717cd6,9c347608ec61ce96,robustness_extension
cpu_core_weighted,machine04_CU_wcontrib,2,8,1,test,aabc1bbfd323527a519bc82bdb90feeb2b5340e93dfac7c300c322b6938f19ce,9c347608ec61ce96,robustness_extension
cpu_core_weighted,machine05_CU_wcontrib,2,8,1,test,f19800954ae093f2fa08b17aab89b53f5b4a6d609975956e0990c98c82989552,9c347608ec61ce96,robustness_extension
cpu_core_weighted,machine06_CU_wcontrib,2,8,1,test,0fe00e1e23261af86111933097632a7862bb0f6ce1c9300bb8f4bbd8441e4288,9c347608ec61ce96,robustness_extension
cpu_core_weighted,machine07_CU_wcontrib,2,8,1,test,e477c73e7a9c431df56e976bf09a45725cd5666ccc913a18f55bc85a1b3b056b,9c347608ec61ce96,robustness_extension
cpu_core_weighted,cluster_CU_wsum,2,8,1,test,e791502a0306625cc57c463442630a7369b43e37200967bd71aff4bf0f5b8389,9c347608ec61ce96,robustness_extension
cpu_core_weighted,machine01_CU_wcontrib,2,8,2,test,a389fb8d1cb5d28a4952aecd5ce8487c4db561f71421c2ee4adc3adc9e473664,9c347608ec61ce96,robustness_extension
cpu_core_weighted,machine02_CU_wcontrib,2,8,2,test,ed2d338b32c74a8d348ca1052cb5b3b6701798ea53ebe5f0fdf92b9d11cf4ac6,9c347608ec61ce96,robustness_extension
cpu_core_weighted,machine03_CU_wcontrib,2,8,2,test,61c1911be2c2aa8b54b88e6809074bbb99fe5db8bbb186f6caa98b77c2717cd6,9c347608ec61ce96,robustness_extension
cpu_core_weighted,machine04_CU_wcontrib,2,8,2,test,aabc1bbfd323527a519bc82bdb90feeb2b5340e93dfac7c300c322b6938f19ce,9c347608ec61ce96,robustness_extension
cpu_core_weighted,machine05_CU_wcontrib,2,8,2,test,f19800954ae093f2fa08b17aab89b53f5b4a6d609975956e0990c98c82989552,9c347608ec61ce96,robustness_extension
cpu_core_weighted,machine06_CU_wcontrib,2,8,2,test,0fe00e1e23261af86111933097632a7862bb0f6ce1c9300bb8f4bbd8441e4288,9c347608ec61ce96,robustness_extension
cpu_core_weighted,machine07_CU_wcontrib,2,8,2,test,e477c73e7a9c431df56e976bf09a45725cd5666ccc913a18f55bc85a1b3b056b,9c347608ec61ce96,robustness_extension
cpu_core_weighted,cluster_CU_wsum,2,8,2,test,e791502a0306625cc57c463442630a7369b43e37200967bd71aff4bf0f5b8389,9c347608ec61ce96,robustness_extension
cpu_core_weighted,machine01_CU_wcontrib,2,16,0,test,67f91b26efe95c2ed333ed3d4efe438797e1d7d9d9e2a9c2c56d0c6bdfa833c4,9c347608ec61ce96,experiment-freeze-v2:cpu_classical
cpu_core_weighted,machine02_CU_wcontrib,2,16,0,test,bb8735f3fe6d03e19b3e6e9448cae3f8892799243f4ab2ccf49e14ffb69ce33b,9c347608ec61ce96,experiment-freeze-v2:cpu_classical
cpu_core_weighted,machine03_CU_wcontrib,2,16,0,test,63d61f4fc61ec6de72b173badc7c108551a07a4b9bfc8a536ba6a6fe6f4ace9a,9c347608ec61ce96,experiment-freeze-v2:cpu_classical
cpu_core_weighted,machine04_CU_wcontrib,2,16,0,test,8db6b1927320306d4b2a364c41725e2e84ccea8715ed15ddd9133cb458a06b08,9c347608ec61ce96,experiment-freeze-v2:cpu_classical
cpu_core_weighted,machine05_CU_wcontrib,2,16,0,test,4e9c5013a49a1ec81241c9f6e412987ec34b9401b59e03350718bdd7bc7835e9,9c347608ec61ce96,experiment-freeze-v2:cpu_classical
cpu_core_weighted,machine06_CU_wcontrib,2,16,0,test,e244df61864d339cb6453c67c24f22de5dd09ec3b7847932842e82de187db3d1,9c347608ec61ce96,experiment-freeze-v2:cpu_classical
cpu_core_weighted,machine07_CU_wcontrib,2,16,0,test,5d2dc733f8e1ec6305389dfcafb4c7bb14600ded23bc1739c5117c71d303c0b6,9c347608ec61ce96,experiment-freeze-v2:cpu_classical
cpu_core_weighted,cluster_CU_wsum,2,16,0,test,a55f546872a6b6782f70584a42192cbfae8a1c3d8c9b8f43077d16f79651ac83,9c347608ec61ce96,experiment-freeze-v2:cpu_classical
cpu_core_weighted,machine01_CU_wcontrib,2,16,1,test,67f91b26efe95c2ed333ed3d4efe438797e1d7d9d9e2a9c2c56d0c6bdfa833c4,9c347608ec61ce96,robustness_extension
cpu_core_weighted,machine02_CU_wcontrib,2,16,1,test,bb8735f3fe6d03e19b3e6e9448cae3f8892799243f4ab2ccf49e14ffb69ce33b,9c347608ec61ce96,robustness_extension
cpu_core_weighted,machine03_CU_wcontrib,2,16,1,test,63d61f4fc61ec6de72b173badc7c108551a07a4b9bfc8a536ba6a6fe6f4ace9a,9c347608ec61ce96,robustness_extension
cpu_core_weighted,machine04_CU_wcontrib,2,16,1,test,8db6b1927320306d4b2a364c41725e2e84ccea8715ed15ddd9133cb458a06b08,9c347608ec61ce96,robustness_extension
cpu_core_weighted,machine05_CU_wcontrib,2,16,1,test,4e9c5013a49a1ec81241c9f6e412987ec34b9401b59e03350718bdd7bc7835e9,9c347608ec61ce96,robustness_extension
cpu_core_weighted,machine06_CU_wcontrib,2,16,1,test,e244df61864d339cb6453c67c24f22de5dd09ec3b7847932842e82de187db3d1,9c347608ec61ce96,robustness_extension
cpu_core_weighted,machine07_CU_wcontrib,2,16,1,test,5d2dc733f8e1ec6305389dfcafb4c7bb14600ded23bc1739c5117c71d303c0b6,9c347608ec61ce96,robustness_extension
cpu_core_weighted,cluster_CU_wsum,2,16,1,test,a55f546872a6b6782f70584a42192cbfae8a1c3d8c9b8f43077d16f79651ac83,9c347608ec61ce96,robustness_extension
cpu_core_weighted,machine01_CU_wcontrib,2,16,2,test,67f91b26efe95c2ed333ed3d4efe438797e1d7d9d9e2a9c2c56d0c6bdfa833c4,9c347608ec61ce96,robustness_extension
cpu_core_weighted,machine02_CU_wcontrib,2,16,2,test,bb8735f3fe6d03e19b3e6e9448cae3f8892799243f4ab2ccf49e14ffb69ce33b,9c347608ec61ce96,robustness_extension
cpu_core_weighted,machine03_CU_wcontrib,2,16,2,test,63d61f4fc61ec6de72b173badc7c108551a07a4b9bfc8a536ba6a6fe6f4ace9a,9c347608ec61ce96,robustness_extension
cpu_core_weighted,machine04_CU_wcontrib,2,16,2,test,8db6b1927320306d4b2a364c41725e2e84ccea8715ed15ddd9133cb458a06b08,9c347608ec61ce96,robustness_extension
cpu_core_weighted,machine05_CU_wcontrib,2,16,2,test,4e9c5013a49a1ec81241c9f6e412987ec34b9401b59e03350718bdd7bc7835e9,9c347608ec61ce96,robustness_extension
cpu_core_weighted,machine06_CU_wcontrib,2,16,2,test,e244df61864d339cb6453c67c24f22de5dd09ec3b7847932842e82de187db3d1,9c347608ec61ce96,robustness_extension
cpu_core_weighted,machine07_CU_wcontrib,2,16,2,test,5d2dc733f8e1ec6305389dfcafb4c7bb14600ded23bc1739c5117c71d303c0b6,9c347608ec61ce96,robustness_extension
cpu_core_weighted,cluster_CU_wsum,2,16,2,test,a55f546872a6b6782f70584a42192cbfae8a1c3d8c9b8f43077d16f79651ac83,9c347608ec61ce96,robustness_extension
memory_um,machine01_UM,0,1,0,test,88a0cd6a39e88b4608f37673e74099d4398402700dfb332742533fd66284819f,3c8a7e96cfa669dc,experiment-freeze-v2:memory_classical
memory_um,machine02_UM,0,1,0,test,8c40085d35b13c0ca23735ee11c71f9c677650cbd69a8a3868920d82ed4fe267,3c8a7e96cfa669dc,experiment-freeze-v2:memory_classical
memory_um,machine03_UM,0,1,0,test,8d6e1bab2b77e7acd882477673692186fee22ea3b19ad9dab1108ab8767630f1,3c8a7e96cfa669dc,experiment-freeze-v2:memory_classical
memory_um,machine04_UM,0,1,0,test,835d477858f3d8813ca42dcab24e9ddba1cadfa8e24feda7dc4fdeb3698c7fcb,3c8a7e96cfa669dc,experiment-freeze-v2:memory_classical
memory_um,machine05_UM,0,1,0,test,142545b7aac8dbe13f5ab5ce1cad8077b1a2ae83f58cc4b55f759f092a385c83,3c8a7e96cfa669dc,experiment-freeze-v2:memory_classical
memory_um,machine06_UM,0,1,0,test,d28b8aa173850d23a351ceaa9dc39e0f0c0fefaf0fdcbeec7aa84609be6df2a8,3c8a7e96cfa669dc,experiment-freeze-v2:memory_classical
memory_um,machine07_UM,0,1,0,test,a6842b5e3ea1846263e690d99aa7f45c8f5900a8e40b12fc672c3e8555dcd228,3c8a7e96cfa669dc,experiment-freeze-v2:memory_classical
memory_um,cluster_UM,0,1,0,test,a180d13e3ecf4ce88eda14e6f355a1d76c00adfb3a22c84274be477177bbd2f5,3c8a7e96cfa669dc,experiment-freeze-v2:memory_classical
memory_um,machine01_UM,0,1,1,test,88a0cd6a39e88b4608f37673e74099d4398402700dfb332742533fd66284819f,3c8a7e96cfa669dc,robustness_extension
memory_um,machine02_UM,0,1,1,test,8c40085d35b13c0ca23735ee11c71f9c677650cbd69a8a3868920d82ed4fe267,3c8a7e96cfa669dc,robustness_extension
memory_um,machine03_UM,0,1,1,test,8d6e1bab2b77e7acd882477673692186fee22ea3b19ad9dab1108ab8767630f1,3c8a7e96cfa669dc,robustness_extension
memory_um,machine04_UM,0,1,1,test,835d477858f3d8813ca42dcab24e9ddba1cadfa8e24feda7dc4fdeb3698c7fcb,3c8a7e96cfa669dc,robustness_extension
memory_um,machine05_UM,0,1,1,test,142545b7aac8dbe13f5ab5ce1cad8077b1a2ae83f58cc4b55f759f092a385c83,3c8a7e96cfa669dc,robustness_extension
memory_um,machine06_UM,0,1,1,test,d28b8aa173850d23a351ceaa9dc39e0f0c0fefaf0fdcbeec7aa84609be6df2a8,3c8a7e96cfa669dc,robustness_extension
memory_um,machine07_UM,0,1,1,test,a6842b5e3ea1846263e690d99aa7f45c8f5900a8e40b12fc672c3e8555dcd228,3c8a7e96cfa669dc,robustness_extension
memory_um,cluster_UM,0,1,1,test,a180d13e3ecf4ce88eda14e6f355a1d76c00adfb3a22c84274be477177bbd2f5,3c8a7e96cfa669dc,robustness_extension
memory_um,machine01_UM,0,1,2,test,88a0cd6a39e88b4608f37673e74099d4398402700dfb332742533fd66284819f,3c8a7e96cfa669dc,robustness_extension
memory_um,machine02_UM,0,1,2,test,8c40085d35b13c0ca23735ee11c71f9c677650cbd69a8a3868920d82ed4fe267,3c8a7e96cfa669dc,robustness_extension
memory_um,machine03_UM,0,1,2,test,8d6e1bab2b77e7acd882477673692186fee22ea3b19ad9dab1108ab8767630f1,3c8a7e96cfa669dc,robustness_extension
memory_um,machine04_UM,0,1,2,test,835d477858f3d8813ca42dcab24e9ddba1cadfa8e24feda7dc4fdeb3698c7fcb,3c8a7e96cfa669dc,robustness_extension
memory_um,machine05_UM,0,1,2,test,142545b7aac8dbe13f5ab5ce1cad8077b1a2ae83f58cc4b55f759f092a385c83,3c8a7e96cfa669dc,robustness_extension
memory_um,machine06_UM,0,1,2,test,d28b8aa173850d23a351ceaa9dc39e0f0c0fefaf0fdcbeec7aa84609be6df2a8,3c8a7e96cfa669dc,robustness_extension
memory_um,machine07_UM,0,1,2,test,a6842b5e3ea1846263e690d99aa7f45c8f5900a8e40b12fc672c3e8555dcd228,3c8a7e96cfa669dc,robustness_extension
memory_um,cluster_UM,0,1,2,test,a180d13e3ecf4ce88eda14e6f355a1d76c00adfb3a22c84274be477177bbd2f5,3c8a7e96cfa669dc,robustness_extension
memory_um,machine01_UM,0,8,0,test,a648568c59af1f5a7ca949fc2d6f6a4c328896f79d10964a1630c1fabe29e21f,3c8a7e96cfa669dc,experiment-freeze-v2:memory_classical
memory_um,machine02_UM,0,8,0,test,161f502854691817ba059288a22ff1b64ddfcda304829e2bb73770384d3a9f09,3c8a7e96cfa669dc,experiment-freeze-v2:memory_classical
memory_um,machine03_UM,0,8,0,test,0c65e5ef9e573bb76037b0ae774d7352e3d328daa3120b35661d001ba40e05d9,3c8a7e96cfa669dc,experiment-freeze-v2:memory_classical
memory_um,machine04_UM,0,8,0,test,b27fa64fe8fcfdf514347b532683f43db25109e7c929d1a77c4e5750f388c2f1,3c8a7e96cfa669dc,experiment-freeze-v2:memory_classical
memory_um,machine05_UM,0,8,0,test,fe7e2fcd490a0442f89e058dfb0d38048b1237b141e5787947b7f6251efca133,3c8a7e96cfa669dc,experiment-freeze-v2:memory_classical
memory_um,machine06_UM,0,8,0,test,a635fb83843995ce4eae9c562d545951983da1807fa69e4ec2e78482795ece01,3c8a7e96cfa669dc,experiment-freeze-v2:memory_classical
memory_um,machine07_UM,0,8,0,test,70a5a44976aff6c64adffee036a9eec61fd80a2033a758b7402ae0f3b570a3be,3c8a7e96cfa669dc,experiment-freeze-v2:memory_classical
memory_um,cluster_UM,0,8,0,test,5e76e9e3c40c4611e5e9609686bad4bee566dc7f79ef3003e3ebfe801725043f,3c8a7e96cfa669dc,experiment-freeze-v2:memory_classical
memory_um,machine01_UM,0,8,1,test,a648568c59af1f5a7ca949fc2d6f6a4c328896f79d10964a1630c1fabe29e21f,3c8a7e96cfa669dc,robustness_extension
memory_um,machine02_UM,0,8,1,test,161f502854691817ba059288a22ff1b64ddfcda304829e2bb73770384d3a9f09,3c8a7e96cfa669dc,robustness_extension
memory_um,machine03_UM,0,8,1,test,0c65e5ef9e573bb76037b0ae774d7352e3d328daa3120b35661d001ba40e05d9,3c8a7e96cfa669dc,robustness_extension
memory_um,machine04_UM,0,8,1,test,b27fa64fe8fcfdf514347b532683f43db25109e7c929d1a77c4e5750f388c2f1,3c8a7e96cfa669dc,robustness_extension
memory_um,machine05_UM,0,8,1,test,fe7e2fcd490a0442f89e058dfb0d38048b1237b141e5787947b7f6251efca133,3c8a7e96cfa669dc,robustness_extension
memory_um,machine06_UM,0,8,1,test,a635fb83843995ce4eae9c562d545951983da1807fa69e4ec2e78482795ece01,3c8a7e96cfa669dc,robustness_extension
memory_um,machine07_UM,0,8,1,test,70a5a44976aff6c64adffee036a9eec61fd80a2033a758b7402ae0f3b570a3be,3c8a7e96cfa669dc,robustness_extension
memory_um,cluster_UM,0,8,1,test,5e76e9e3c40c4611e5e9609686bad4bee566dc7f79ef3003e3ebfe801725043f,3c8a7e96cfa669dc,robustness_extension
memory_um,machine01_UM,0,8,2,test,a648568c59af1f5a7ca949fc2d6f6a4c328896f79d10964a1630c1fabe29e21f,3c8a7e96cfa669dc,robustness_extension
memory_um,machine02_UM,0,8,2,test,161f502854691817ba059288a22ff1b64ddfcda304829e2bb73770384d3a9f09,3c8a7e96cfa669dc,robustness_extension
memory_um,machine03_UM,0,8,2,test,0c65e5ef9e573bb76037b0ae774d7352e3d328daa3120b35661d001ba40e05d9,3c8a7e96cfa669dc,robustness_extension
memory_um,machine04_UM,0,8,2,test,b27fa64fe8fcfdf514347b532683f43db25109e7c929d1a77c4e5750f388c2f1,3c8a7e96cfa669dc,robustness_extension
memory_um,machine05_UM,0,8,2,test,fe7e2fcd490a0442f89e058dfb0d38048b1237b141e5787947b7f6251efca133,3c8a7e96cfa669dc,robustness_extension
memory_um,machine06_UM,0,8,2,test,a635fb83843995ce4eae9c562d545951983da1807fa69e4ec2e78482795ece01,3c8a7e96cfa669dc,robustness_extension
memory_um,machine07_UM,0,8,2,test,70a5a44976aff6c64adffee036a9eec61fd80a2033a758b7402ae0f3b570a3be,3c8a7e96cfa669dc,robustness_extension
memory_um,cluster_UM,0,8,2,test,5e76e9e3c40c4611e5e9609686bad4bee566dc7f79ef3003e3ebfe801725043f,3c8a7e96cfa669dc,robustness_extension
memory_um,machine01_UM,0,16,0,test,ceb5d1eff74d25a3aa63903d87c3237a84e3033513f06997c45297909bbbb635,3c8a7e96cfa669dc,experiment-freeze-v2:memory_classical
memory_um,machine02_UM,0,16,0,test,48cd8894b7faefcc3e61b030e4c8df3cd30d76f4d741e84787728a848ea9ae0d,3c8a7e96cfa669dc,experiment-freeze-v2:memory_classical
memory_um,machine03_UM,0,16,0,test,c51970bd29177f1f9bdedbf3c4643327808328ea1360d046359e0f61487f371c,3c8a7e96cfa669dc,experiment-freeze-v2:memory_classical
memory_um,machine04_UM,0,16,0,test,db4e07ef3f54fcb50ab6b08ec7f5fea6f29446bf050b16dac52cca9154ff9d18,3c8a7e96cfa669dc,experiment-freeze-v2:memory_classical
memory_um,machine05_UM,0,16,0,test,c084fba3ad45a2d62a312f1d98f8d588e960e04a17d1b0980e3eeaa1d940230c,3c8a7e96cfa669dc,experiment-freeze-v2:memory_classical
memory_um,machine06_UM,0,16,0,test,2e6e8b2413f245c784da6a330fdc2f0ae4b1b2bffeea3b34b60855569512b8ab,3c8a7e96cfa669dc,experiment-freeze-v2:memory_classical
memory_um,machine07_UM,0,16,0,test,c701f1ff1bd0186a00d71f4999a4ec50ba430a5e148bd6a224b8702c3835fa77,3c8a7e96cfa669dc,experiment-freeze-v2:memory_classical
memory_um,cluster_UM,0,16,0,test,3c347307947d56a8ba2116b446b135d06c24552ddd9c907769ce0af28bb08465,3c8a7e96cfa669dc,experiment-freeze-v2:memory_classical
memory_um,machine01_UM,0,16,1,test,ceb5d1eff74d25a3aa63903d87c3237a84e3033513f06997c45297909bbbb635,3c8a7e96cfa669dc,robustness_extension
memory_um,machine02_UM,0,16,1,test,48cd8894b7faefcc3e61b030e4c8df3cd30d76f4d741e84787728a848ea9ae0d,3c8a7e96cfa669dc,robustness_extension
memory_um,machine03_UM,0,16,1,test,c51970bd29177f1f9bdedbf3c4643327808328ea1360d046359e0f61487f371c,3c8a7e96cfa669dc,robustness_extension
memory_um,machine04_UM,0,16,1,test,db4e07ef3f54fcb50ab6b08ec7f5fea6f29446bf050b16dac52cca9154ff9d18,3c8a7e96cfa669dc,robustness_extension
memory_um,machine05_UM,0,16,1,test,c084fba3ad45a2d62a312f1d98f8d588e960e04a17d1b0980e3eeaa1d940230c,3c8a7e96cfa669dc,robustness_extension
memory_um,machine06_UM,0,16,1,test,2e6e8b2413f245c784da6a330fdc2f0ae4b1b2bffeea3b34b60855569512b8ab,3c8a7e96cfa669dc,robustness_extension
memory_um,machine07_UM,0,16,1,test,c701f1ff1bd0186a00d71f4999a4ec50ba430a5e148bd6a224b8702c3835fa77,3c8a7e96cfa669dc,robustness_extension
memory_um,cluster_UM,0,16,1,test,3c347307947d56a8ba2116b446b135d06c24552ddd9c907769ce0af28bb08465,3c8a7e96cfa669dc,robustness_extension
memory_um,machine01_UM,0,16,2,test,ceb5d1eff74d25a3aa63903d87c3237a84e3033513f06997c45297909bbbb635,3c8a7e96cfa669dc,robustness_extension
memory_um,machine02_UM,0,16,2,test,48cd8894b7faefcc3e61b030e4c8df3cd30d76f4d741e84787728a848ea9ae0d,3c8a7e96cfa669dc,robustness_extension
memory_um,machine03_UM,0,16,2,test,c51970bd29177f1f9bdedbf3c4643327808328ea1360d046359e0f61487f371c,3c8a7e96cfa669dc,robustness_extension
memory_um,machine04_UM,0,16,2,test,db4e07ef3f54fcb50ab6b08ec7f5fea6f29446bf050b16dac52cca9154ff9d18,3c8a7e96cfa669dc,robustness_extension
memory_um,machine05_UM,0,16,2,test,c084fba3ad45a2d62a312f1d98f8d588e960e04a17d1b0980e3eeaa1d940230c,3c8a7e96cfa669dc,robustness_extension
memory_um,machine06_UM,0,16,2,test,2e6e8b2413f245c784da6a330fdc2f0ae4b1b2bffeea3b34b60855569512b8ab,3c8a7e96cfa669dc,robustness_extension
memory_um,machine07_UM,0,16,2,test,c701f1ff1bd0186a00d71f4999a4ec50ba430a5e148bd6a224b8702c3835fa77,3c8a7e96cfa669dc,robustness_extension
memory_um,cluster_UM,0,16,2,test,3c347307947d56a8ba2116b446b135d06c24552ddd9c907769ce0af28bb08465,3c8a7e96cfa669dc,robustness_extension
memory_um,machine01_UM,1,1,0,test,b687bda050c2a6d89e7af621ba84b89be8fec089c6716cdadb5ea92239705698,3c8a7e96cfa669dc,experiment-freeze-v2:memory_classical
memory_um,machine02_UM,1,1,0,test,14864a9fee913265de874dafcd88b37cb63877f7b2e4ab5e6c8dbad7d59f1b59,3c8a7e96cfa669dc,experiment-freeze-v2:memory_classical
memory_um,machine03_UM,1,1,0,test,e9616194668cc26c41e384b96674fb68d3a8f010b3f31f45d491caa1fd086e20,3c8a7e96cfa669dc,experiment-freeze-v2:memory_classical
memory_um,machine04_UM,1,1,0,test,71cc1ea50598074ea619e8460e3e4822e354b8d3c3fa4e2ba50fef776ca8dd19,3c8a7e96cfa669dc,experiment-freeze-v2:memory_classical
memory_um,machine05_UM,1,1,0,test,e2c0586713a5e53f0ae533bf7e08e6dc36b46ca0542b70bfff6e5786d8ec4e21,3c8a7e96cfa669dc,experiment-freeze-v2:memory_classical
memory_um,machine06_UM,1,1,0,test,682d5ee09561b59b907a6865944dd3befa1d45ddb6e6a1f3ff635f1bd554859c,3c8a7e96cfa669dc,experiment-freeze-v2:memory_classical
memory_um,machine07_UM,1,1,0,test,417034966d2296a595e823eebd6c8f859c2ade7af93924b350489701ac577d35,3c8a7e96cfa669dc,experiment-freeze-v2:memory_classical
memory_um,cluster_UM,1,1,0,test,a4c24efe786b34724d01c419bb185c666f2edd014d112b574f0bdfe7191b6cad,3c8a7e96cfa669dc,experiment-freeze-v2:memory_classical
memory_um,machine01_UM,1,1,1,test,b687bda050c2a6d89e7af621ba84b89be8fec089c6716cdadb5ea92239705698,3c8a7e96cfa669dc,robustness_extension
memory_um,machine02_UM,1,1,1,test,14864a9fee913265de874dafcd88b37cb63877f7b2e4ab5e6c8dbad7d59f1b59,3c8a7e96cfa669dc,robustness_extension
memory_um,machine03_UM,1,1,1,test,e9616194668cc26c41e384b96674fb68d3a8f010b3f31f45d491caa1fd086e20,3c8a7e96cfa669dc,robustness_extension
memory_um,machine04_UM,1,1,1,test,71cc1ea50598074ea619e8460e3e4822e354b8d3c3fa4e2ba50fef776ca8dd19,3c8a7e96cfa669dc,robustness_extension
memory_um,machine05_UM,1,1,1,test,e2c0586713a5e53f0ae533bf7e08e6dc36b46ca0542b70bfff6e5786d8ec4e21,3c8a7e96cfa669dc,robustness_extension
memory_um,machine06_UM,1,1,1,test,682d5ee09561b59b907a6865944dd3befa1d45ddb6e6a1f3ff635f1bd554859c,3c8a7e96cfa669dc,robustness_extension
memory_um,machine07_UM,1,1,1,test,417034966d2296a595e823eebd6c8f859c2ade7af93924b350489701ac577d35,3c8a7e96cfa669dc,robustness_extension
memory_um,cluster_UM,1,1,1,test,a4c24efe786b34724d01c419bb185c666f2edd014d112b574f0bdfe7191b6cad,3c8a7e96cfa669dc,robustness_extension
memory_um,machine01_UM,1,1,2,test,b687bda050c2a6d89e7af621ba84b89be8fec089c6716cdadb5ea92239705698,3c8a7e96cfa669dc,robustness_extension
memory_um,machine02_UM,1,1,2,test,14864a9fee913265de874dafcd88b37cb63877f7b2e4ab5e6c8dbad7d59f1b59,3c8a7e96cfa669dc,robustness_extension
memory_um,machine03_UM,1,1,2,test,e9616194668cc26c41e384b96674fb68d3a8f010b3f31f45d491caa1fd086e20,3c8a7e96cfa669dc,robustness_extension
memory_um,machine04_UM,1,1,2,test,71cc1ea50598074ea619e8460e3e4822e354b8d3c3fa4e2ba50fef776ca8dd19,3c8a7e96cfa669dc,robustness_extension
memory_um,machine05_UM,1,1,2,test,e2c0586713a5e53f0ae533bf7e08e6dc36b46ca0542b70bfff6e5786d8ec4e21,3c8a7e96cfa669dc,robustness_extension
memory_um,machine06_UM,1,1,2,test,682d5ee09561b59b907a6865944dd3befa1d45ddb6e6a1f3ff635f1bd554859c,3c8a7e96cfa669dc,robustness_extension
memory_um,machine07_UM,1,1,2,test,417034966d2296a595e823eebd6c8f859c2ade7af93924b350489701ac577d35,3c8a7e96cfa669dc,robustness_extension
memory_um,cluster_UM,1,1,2,test,a4c24efe786b34724d01c419bb185c666f2edd014d112b574f0bdfe7191b6cad,3c8a7e96cfa669dc,robustness_extension
memory_um,machine01_UM,1,8,0,test,fe8655939eea836e0332809a0ce8a7f656d6f18340e07fe728edce1ad680dc25,3c8a7e96cfa669dc,experiment-freeze-v2:memory_classical
memory_um,machine02_UM,1,8,0,test,4a81db22b09f1a5106860059a4e3ce8cd036b512e6bf0c79185b6c019c71c446,3c8a7e96cfa669dc,experiment-freeze-v2:memory_classical
memory_um,machine03_UM,1,8,0,test,42fbfefe05287b7dd6205a06956d7c85305f5292e8854bab3080bf0f0a391aa5,3c8a7e96cfa669dc,experiment-freeze-v2:memory_classical
memory_um,machine04_UM,1,8,0,test,87addd6002c9d1f8210af39a7249fa28a91d7a49c618fd5d48adfb4b28fe062b,3c8a7e96cfa669dc,experiment-freeze-v2:memory_classical
memory_um,machine05_UM,1,8,0,test,60d1019de9b0407c99721cf480812b4d574460b06834f5c8a3c2ae8fb931499b,3c8a7e96cfa669dc,experiment-freeze-v2:memory_classical
memory_um,machine06_UM,1,8,0,test,5dd3a2841c17d03bab9fddb2e403d718ddecd0ff9dec0b8a829b3a5f2882f446,3c8a7e96cfa669dc,experiment-freeze-v2:memory_classical
memory_um,machine07_UM,1,8,0,test,34024d8435949ed588fa639f7faadfb631bff938d9894aa14f6824a4faac7dc5,3c8a7e96cfa669dc,experiment-freeze-v2:memory_classical
memory_um,cluster_UM,1,8,0,test,4437c3e7ea784a7ede7bc1075b87deb9ab6e07fcccd213ec071b56161c6975d9,3c8a7e96cfa669dc,experiment-freeze-v2:memory_classical
memory_um,machine01_UM,1,8,1,test,fe8655939eea836e0332809a0ce8a7f656d6f18340e07fe728edce1ad680dc25,3c8a7e96cfa669dc,robustness_extension
memory_um,machine02_UM,1,8,1,test,4a81db22b09f1a5106860059a4e3ce8cd036b512e6bf0c79185b6c019c71c446,3c8a7e96cfa669dc,robustness_extension
memory_um,machine03_UM,1,8,1,test,42fbfefe05287b7dd6205a06956d7c85305f5292e8854bab3080bf0f0a391aa5,3c8a7e96cfa669dc,robustness_extension
memory_um,machine04_UM,1,8,1,test,87addd6002c9d1f8210af39a7249fa28a91d7a49c618fd5d48adfb4b28fe062b,3c8a7e96cfa669dc,robustness_extension
memory_um,machine05_UM,1,8,1,test,60d1019de9b0407c99721cf480812b4d574460b06834f5c8a3c2ae8fb931499b,3c8a7e96cfa669dc,robustness_extension
memory_um,machine06_UM,1,8,1,test,5dd3a2841c17d03bab9fddb2e403d718ddecd0ff9dec0b8a829b3a5f2882f446,3c8a7e96cfa669dc,robustness_extension
memory_um,machine07_UM,1,8,1,test,34024d8435949ed588fa639f7faadfb631bff938d9894aa14f6824a4faac7dc5,3c8a7e96cfa669dc,robustness_extension
memory_um,cluster_UM,1,8,1,test,4437c3e7ea784a7ede7bc1075b87deb9ab6e07fcccd213ec071b56161c6975d9,3c8a7e96cfa669dc,robustness_extension
memory_um,machine01_UM,1,8,2,test,fe8655939eea836e0332809a0ce8a7f656d6f18340e07fe728edce1ad680dc25,3c8a7e96cfa669dc,robustness_extension
memory_um,machine02_UM,1,8,2,test,4a81db22b09f1a5106860059a4e3ce8cd036b512e6bf0c79185b6c019c71c446,3c8a7e96cfa669dc,robustness_extension
memory_um,machine03_UM,1,8,2,test,42fbfefe05287b7dd6205a06956d7c85305f5292e8854bab3080bf0f0a391aa5,3c8a7e96cfa669dc,robustness_extension
memory_um,machine04_UM,1,8,2,test,87addd6002c9d1f8210af39a7249fa28a91d7a49c618fd5d48adfb4b28fe062b,3c8a7e96cfa669dc,robustness_extension
memory_um,machine05_UM,1,8,2,test,60d1019de9b0407c99721cf480812b4d574460b06834f5c8a3c2ae8fb931499b,3c8a7e96cfa669dc,robustness_extension
memory_um,machine06_UM,1,8,2,test,5dd3a2841c17d03bab9fddb2e403d718ddecd0ff9dec0b8a829b3a5f2882f446,3c8a7e96cfa669dc,robustness_extension
memory_um,machine07_UM,1,8,2,test,34024d8435949ed588fa639f7faadfb631bff938d9894aa14f6824a4faac7dc5,3c8a7e96cfa669dc,robustness_extension
memory_um,cluster_UM,1,8,2,test,4437c3e7ea784a7ede7bc1075b87deb9ab6e07fcccd213ec071b56161c6975d9,3c8a7e96cfa669dc,robustness_extension
memory_um,machine01_UM,1,16,0,test,274325874e3a09f6a5ddbd9caa7ace1d2ed0c3aa054fead86ca385d57d8d91c9,3c8a7e96cfa669dc,experiment-freeze-v2:memory_classical
memory_um,machine02_UM,1,16,0,test,6db09b59485fda3948e8459a9e36fcdc6837c87670433791e13bc8972f0fa022,3c8a7e96cfa669dc,experiment-freeze-v2:memory_classical
memory_um,machine03_UM,1,16,0,test,8cf28c72359cbdf497618a7c062adaf43c4695ef466b2721e86dcb30e1f24e3e,3c8a7e96cfa669dc,experiment-freeze-v2:memory_classical
memory_um,machine04_UM,1,16,0,test,d8aab874b51b06047f49280fdccd156800a5f0a0ebb6d830fad3c37beb24ba30,3c8a7e96cfa669dc,experiment-freeze-v2:memory_classical
memory_um,machine05_UM,1,16,0,test,34c224a5b5e17a4e977ea0e1dddf0525d01b3ce5c2ab3d0509a64fc88a40f9cc,3c8a7e96cfa669dc,experiment-freeze-v2:memory_classical
memory_um,machine06_UM,1,16,0,test,b277708390fe3bb5863c0ebff002e3c586f3d3f2abfe7a67ba5603305a54c439,3c8a7e96cfa669dc,experiment-freeze-v2:memory_classical
memory_um,machine07_UM,1,16,0,test,edddc331c90da0ca2a6a2be615d9dc212b1f2fb5c843cdc6fd961d9987263db2,3c8a7e96cfa669dc,experiment-freeze-v2:memory_classical
memory_um,cluster_UM,1,16,0,test,848e5438eeeaddd05bf8e864a62d5d3fb3646d63651e3ce660c51f5c18deda15,3c8a7e96cfa669dc,experiment-freeze-v2:memory_classical
memory_um,machine01_UM,1,16,1,test,274325874e3a09f6a5ddbd9caa7ace1d2ed0c3aa054fead86ca385d57d8d91c9,3c8a7e96cfa669dc,robustness_extension
memory_um,machine02_UM,1,16,1,test,6db09b59485fda3948e8459a9e36fcdc6837c87670433791e13bc8972f0fa022,3c8a7e96cfa669dc,robustness_extension
memory_um,machine03_UM,1,16,1,test,8cf28c72359cbdf497618a7c062adaf43c4695ef466b2721e86dcb30e1f24e3e,3c8a7e96cfa669dc,robustness_extension
memory_um,machine04_UM,1,16,1,test,d8aab874b51b06047f49280fdccd156800a5f0a0ebb6d830fad3c37beb24ba30,3c8a7e96cfa669dc,robustness_extension
memory_um,machine05_UM,1,16,1,test,34c224a5b5e17a4e977ea0e1dddf0525d01b3ce5c2ab3d0509a64fc88a40f9cc,3c8a7e96cfa669dc,robustness_extension
memory_um,machine06_UM,1,16,1,test,b277708390fe3bb5863c0ebff002e3c586f3d3f2abfe7a67ba5603305a54c439,3c8a7e96cfa669dc,robustness_extension
memory_um,machine07_UM,1,16,1,test,edddc331c90da0ca2a6a2be615d9dc212b1f2fb5c843cdc6fd961d9987263db2,3c8a7e96cfa669dc,robustness_extension
memory_um,cluster_UM,1,16,1,test,848e5438eeeaddd05bf8e864a62d5d3fb3646d63651e3ce660c51f5c18deda15,3c8a7e96cfa669dc,robustness_extension
memory_um,machine01_UM,1,16,2,test,274325874e3a09f6a5ddbd9caa7ace1d2ed0c3aa054fead86ca385d57d8d91c9,3c8a7e96cfa669dc,robustness_extension
memory_um,machine02_UM,1,16,2,test,6db09b59485fda3948e8459a9e36fcdc6837c87670433791e13bc8972f0fa022,3c8a7e96cfa669dc,robustness_extension
memory_um,machine03_UM,1,16,2,test,8cf28c72359cbdf497618a7c062adaf43c4695ef466b2721e86dcb30e1f24e3e,3c8a7e96cfa669dc,robustness_extension
memory_um,machine04_UM,1,16,2,test,d8aab874b51b06047f49280fdccd156800a5f0a0ebb6d830fad3c37beb24ba30,3c8a7e96cfa669dc,robustness_extension
memory_um,machine05_UM,1,16,2,test,34c224a5b5e17a4e977ea0e1dddf0525d01b3ce5c2ab3d0509a64fc88a40f9cc,3c8a7e96cfa669dc,robustness_extension
memory_um,machine06_UM,1,16,2,test,b277708390fe3bb5863c0ebff002e3c586f3d3f2abfe7a67ba5603305a54c439,3c8a7e96cfa669dc,robustness_extension
memory_um,machine07_UM,1,16,2,test,edddc331c90da0ca2a6a2be615d9dc212b1f2fb5c843cdc6fd961d9987263db2,3c8a7e96cfa669dc,robustness_extension
memory_um,cluster_UM,1,16,2,test,848e5438eeeaddd05bf8e864a62d5d3fb3646d63651e3ce660c51f5c18deda15,3c8a7e96cfa669dc,robustness_extension
memory_um,machine01_UM,2,1,0,test,0cda4de610480e6f0613c3048153cf9f951a86ec7c6f9448541984b5bcfc1332,3c8a7e96cfa669dc,experiment-freeze-v2:memory_classical
memory_um,machine02_UM,2,1,0,test,e265604383714474d222e6f581cb88e6c33b7109a4752ca472b38c99147d073c,3c8a7e96cfa669dc,experiment-freeze-v2:memory_classical
memory_um,machine03_UM,2,1,0,test,4e14183a2ae806529980872f079d1a3fd7eb45a7ef7edb0c644430b9b5fcbdaa,3c8a7e96cfa669dc,experiment-freeze-v2:memory_classical
memory_um,machine04_UM,2,1,0,test,951afdda3a4af5f62ad6b7acaef76d983e078c32fb6e602ad095708db750d82e,3c8a7e96cfa669dc,experiment-freeze-v2:memory_classical
memory_um,machine05_UM,2,1,0,test,4cb7ce413da8870441ccef81fc5cabc08375a39f487f5a6d6161e8386c9e4b89,3c8a7e96cfa669dc,experiment-freeze-v2:memory_classical
memory_um,machine06_UM,2,1,0,test,a48be4f06fe0f9ddb5dcf684db743ad0c1c972753064f399b4b858d7881278f1,3c8a7e96cfa669dc,experiment-freeze-v2:memory_classical
memory_um,machine07_UM,2,1,0,test,bc85e061b1bef0233fffa5e7949c01ef2a0d86121d2485bf7ad13a8cf7b27903,3c8a7e96cfa669dc,experiment-freeze-v2:memory_classical
memory_um,cluster_UM,2,1,0,test,cc60fb70685e72e3b2e0fdde87dade73c7da74391be6d8f50a9ef94ee7b34f05,3c8a7e96cfa669dc,experiment-freeze-v2:memory_classical
memory_um,machine01_UM,2,1,1,test,0cda4de610480e6f0613c3048153cf9f951a86ec7c6f9448541984b5bcfc1332,3c8a7e96cfa669dc,robustness_extension
memory_um,machine02_UM,2,1,1,test,e265604383714474d222e6f581cb88e6c33b7109a4752ca472b38c99147d073c,3c8a7e96cfa669dc,robustness_extension
memory_um,machine03_UM,2,1,1,test,4e14183a2ae806529980872f079d1a3fd7eb45a7ef7edb0c644430b9b5fcbdaa,3c8a7e96cfa669dc,robustness_extension
memory_um,machine04_UM,2,1,1,test,951afdda3a4af5f62ad6b7acaef76d983e078c32fb6e602ad095708db750d82e,3c8a7e96cfa669dc,robustness_extension
memory_um,machine05_UM,2,1,1,test,4cb7ce413da8870441ccef81fc5cabc08375a39f487f5a6d6161e8386c9e4b89,3c8a7e96cfa669dc,robustness_extension
memory_um,machine06_UM,2,1,1,test,a48be4f06fe0f9ddb5dcf684db743ad0c1c972753064f399b4b858d7881278f1,3c8a7e96cfa669dc,robustness_extension
memory_um,machine07_UM,2,1,1,test,bc85e061b1bef0233fffa5e7949c01ef2a0d86121d2485bf7ad13a8cf7b27903,3c8a7e96cfa669dc,robustness_extension
memory_um,cluster_UM,2,1,1,test,cc60fb70685e72e3b2e0fdde87dade73c7da74391be6d8f50a9ef94ee7b34f05,3c8a7e96cfa669dc,robustness_extension
memory_um,machine01_UM,2,1,2,test,0cda4de610480e6f0613c3048153cf9f951a86ec7c6f9448541984b5bcfc1332,3c8a7e96cfa669dc,robustness_extension
memory_um,machine02_UM,2,1,2,test,e265604383714474d222e6f581cb88e6c33b7109a4752ca472b38c99147d073c,3c8a7e96cfa669dc,robustness_extension
memory_um,machine03_UM,2,1,2,test,4e14183a2ae806529980872f079d1a3fd7eb45a7ef7edb0c644430b9b5fcbdaa,3c8a7e96cfa669dc,robustness_extension
memory_um,machine04_UM,2,1,2,test,951afdda3a4af5f62ad6b7acaef76d983e078c32fb6e602ad095708db750d82e,3c8a7e96cfa669dc,robustness_extension
memory_um,machine05_UM,2,1,2,test,4cb7ce413da8870441ccef81fc5cabc08375a39f487f5a6d6161e8386c9e4b89,3c8a7e96cfa669dc,robustness_extension
memory_um,machine06_UM,2,1,2,test,a48be4f06fe0f9ddb5dcf684db743ad0c1c972753064f399b4b858d7881278f1,3c8a7e96cfa669dc,robustness_extension
memory_um,machine07_UM,2,1,2,test,bc85e061b1bef0233fffa5e7949c01ef2a0d86121d2485bf7ad13a8cf7b27903,3c8a7e96cfa669dc,robustness_extension
memory_um,cluster_UM,2,1,2,test,cc60fb70685e72e3b2e0fdde87dade73c7da74391be6d8f50a9ef94ee7b34f05,3c8a7e96cfa669dc,robustness_extension
memory_um,machine01_UM,2,8,0,test,19852f869b56481bef0159e34c08677c35dab48f5e6b758f1734d39cd2c05ebb,3c8a7e96cfa669dc,experiment-freeze-v2:memory_classical
memory_um,machine02_UM,2,8,0,test,627d67422b344b07512409365b71388e368e4cac94b99d2a32fab550c46ced5f,3c8a7e96cfa669dc,experiment-freeze-v2:memory_classical
memory_um,machine03_UM,2,8,0,test,24c3105bf19bd940ff1100f0eb57cf54de0b84cc18474f1aaa588d3bb69aefad,3c8a7e96cfa669dc,experiment-freeze-v2:memory_classical
memory_um,machine04_UM,2,8,0,test,1d41d84fcf9c70de748d7d00e150b43d0899d557d2b3c1de6926d2a755d5e2d5,3c8a7e96cfa669dc,experiment-freeze-v2:memory_classical
memory_um,machine05_UM,2,8,0,test,e6bc65837328c62818cdda860760d6458128bbca86cd6e5591310b32ca603186,3c8a7e96cfa669dc,experiment-freeze-v2:memory_classical
memory_um,machine06_UM,2,8,0,test,51b03027fa982c1b0072ae21b002f74788220f1a7a6100f77c7cd491933e9909,3c8a7e96cfa669dc,experiment-freeze-v2:memory_classical
memory_um,machine07_UM,2,8,0,test,0f0748d8e4ec85bca4b4bef9a9c034608fb94c628c8066ddf8fa700a9aae4a03,3c8a7e96cfa669dc,experiment-freeze-v2:memory_classical
memory_um,cluster_UM,2,8,0,test,af8e73ec1f71ddfe120e4b838531154736c52e6ddc26e20a268954f824028513,3c8a7e96cfa669dc,experiment-freeze-v2:memory_classical
memory_um,machine01_UM,2,8,1,test,19852f869b56481bef0159e34c08677c35dab48f5e6b758f1734d39cd2c05ebb,3c8a7e96cfa669dc,robustness_extension
memory_um,machine02_UM,2,8,1,test,627d67422b344b07512409365b71388e368e4cac94b99d2a32fab550c46ced5f,3c8a7e96cfa669dc,robustness_extension
memory_um,machine03_UM,2,8,1,test,24c3105bf19bd940ff1100f0eb57cf54de0b84cc18474f1aaa588d3bb69aefad,3c8a7e96cfa669dc,robustness_extension
memory_um,machine04_UM,2,8,1,test,1d41d84fcf9c70de748d7d00e150b43d0899d557d2b3c1de6926d2a755d5e2d5,3c8a7e96cfa669dc,robustness_extension
memory_um,machine05_UM,2,8,1,test,e6bc65837328c62818cdda860760d6458128bbca86cd6e5591310b32ca603186,3c8a7e96cfa669dc,robustness_extension
memory_um,machine06_UM,2,8,1,test,51b03027fa982c1b0072ae21b002f74788220f1a7a6100f77c7cd491933e9909,3c8a7e96cfa669dc,robustness_extension
memory_um,machine07_UM,2,8,1,test,0f0748d8e4ec85bca4b4bef9a9c034608fb94c628c8066ddf8fa700a9aae4a03,3c8a7e96cfa669dc,robustness_extension
memory_um,cluster_UM,2,8,1,test,af8e73ec1f71ddfe120e4b838531154736c52e6ddc26e20a268954f824028513,3c8a7e96cfa669dc,robustness_extension
memory_um,machine01_UM,2,8,2,test,19852f869b56481bef0159e34c08677c35dab48f5e6b758f1734d39cd2c05ebb,3c8a7e96cfa669dc,robustness_extension
memory_um,machine02_UM,2,8,2,test,627d67422b344b07512409365b71388e368e4cac94b99d2a32fab550c46ced5f,3c8a7e96cfa669dc,robustness_extension
memory_um,machine03_UM,2,8,2,test,24c3105bf19bd940ff1100f0eb57cf54de0b84cc18474f1aaa588d3bb69aefad,3c8a7e96cfa669dc,robustness_extension
memory_um,machine04_UM,2,8,2,test,1d41d84fcf9c70de748d7d00e150b43d0899d557d2b3c1de6926d2a755d5e2d5,3c8a7e96cfa669dc,robustness_extension
memory_um,machine05_UM,2,8,2,test,e6bc65837328c62818cdda860760d6458128bbca86cd6e5591310b32ca603186,3c8a7e96cfa669dc,robustness_extension
memory_um,machine06_UM,2,8,2,test,51b03027fa982c1b0072ae21b002f74788220f1a7a6100f77c7cd491933e9909,3c8a7e96cfa669dc,robustness_extension
memory_um,machine07_UM,2,8,2,test,0f0748d8e4ec85bca4b4bef9a9c034608fb94c628c8066ddf8fa700a9aae4a03,3c8a7e96cfa669dc,robustness_extension
memory_um,cluster_UM,2,8,2,test,af8e73ec1f71ddfe120e4b838531154736c52e6ddc26e20a268954f824028513,3c8a7e96cfa669dc,robustness_extension
memory_um,machine01_UM,2,16,0,test,a241d76ec47f49f5e857efc6a889e2d26b217cce7a38816a8c9573efc68ed505,3c8a7e96cfa669dc,experiment-freeze-v2:memory_classical
memory_um,machine02_UM,2,16,0,test,46a151d01fc16a30bd9266614814eb185b29c4cc3268f6fe7307f531c1f8e668,3c8a7e96cfa669dc,experiment-freeze-v2:memory_classical
memory_um,machine03_UM,2,16,0,test,fa0bb004f4b0a7b1d3564471054f006252078939cdfdb679c42e6eb2a01f91e6,3c8a7e96cfa669dc,experiment-freeze-v2:memory_classical
memory_um,machine04_UM,2,16,0,test,a09a36c47c173af7bb50339f85e9de33927c518a78c0e1a5801f30fe98e14642,3c8a7e96cfa669dc,experiment-freeze-v2:memory_classical
memory_um,machine05_UM,2,16,0,test,480445f058db97d090b381ea29a9fbbf120c46d83b3bd306f360873df53bfab7,3c8a7e96cfa669dc,experiment-freeze-v2:memory_classical
memory_um,machine06_UM,2,16,0,test,5905ecc7b3d128eb0cb55fbf4a00607f763c05da89f66e670d361926ccfd0b91,3c8a7e96cfa669dc,experiment-freeze-v2:memory_classical
memory_um,machine07_UM,2,16,0,test,f62458f7467faeceeb2d3f2e97d96dda7ec1d4497aef8e23f36a8f297f235f88,3c8a7e96cfa669dc,experiment-freeze-v2:memory_classical
memory_um,cluster_UM,2,16,0,test,fce43bedcdeaa7fd052e57262e0935e7764efcce9e32942cac960a1c3507ed83,3c8a7e96cfa669dc,experiment-freeze-v2:memory_classical
memory_um,machine01_UM,2,16,1,test,a241d76ec47f49f5e857efc6a889e2d26b217cce7a38816a8c9573efc68ed505,3c8a7e96cfa669dc,robustness_extension
memory_um,machine02_UM,2,16,1,test,46a151d01fc16a30bd9266614814eb185b29c4cc3268f6fe7307f531c1f8e668,3c8a7e96cfa669dc,robustness_extension
memory_um,machine03_UM,2,16,1,test,fa0bb004f4b0a7b1d3564471054f006252078939cdfdb679c42e6eb2a01f91e6,3c8a7e96cfa669dc,robustness_extension
memory_um,machine04_UM,2,16,1,test,a09a36c47c173af7bb50339f85e9de33927c518a78c0e1a5801f30fe98e14642,3c8a7e96cfa669dc,robustness_extension
memory_um,machine05_UM,2,16,1,test,480445f058db97d090b381ea29a9fbbf120c46d83b3bd306f360873df53bfab7,3c8a7e96cfa669dc,robustness_extension
memory_um,machine06_UM,2,16,1,test,5905ecc7b3d128eb0cb55fbf4a00607f763c05da89f66e670d361926ccfd0b91,3c8a7e96cfa669dc,robustness_extension
memory_um,machine07_UM,2,16,1,test,f62458f7467faeceeb2d3f2e97d96dda7ec1d4497aef8e23f36a8f297f235f88,3c8a7e96cfa669dc,robustness_extension
memory_um,cluster_UM,2,16,1,test,fce43bedcdeaa7fd052e57262e0935e7764efcce9e32942cac960a1c3507ed83,3c8a7e96cfa669dc,robustness_extension
memory_um,machine01_UM,2,16,2,test,a241d76ec47f49f5e857efc6a889e2d26b217cce7a38816a8c9573efc68ed505,3c8a7e96cfa669dc,robustness_extension
memory_um,machine02_UM,2,16,2,test,46a151d01fc16a30bd9266614814eb185b29c4cc3268f6fe7307f531c1f8e668,3c8a7e96cfa669dc,robustness_extension
memory_um,machine03_UM,2,16,2,test,fa0bb004f4b0a7b1d3564471054f006252078939cdfdb679c42e6eb2a01f91e6,3c8a7e96cfa669dc,robustness_extension
memory_um,machine04_UM,2,16,2,test,a09a36c47c173af7bb50339f85e9de33927c518a78c0e1a5801f30fe98e14642,3c8a7e96cfa669dc,robustness_extension
memory_um,machine05_UM,2,16,2,test,480445f058db97d090b381ea29a9fbbf120c46d83b3bd306f360873df53bfab7,3c8a7e96cfa669dc,robustness_extension
memory_um,machine06_UM,2,16,2,test,5905ecc7b3d128eb0cb55fbf4a00607f763c05da89f66e670d361926ccfd0b91,3c8a7e96cfa669dc,robustness_extension
memory_um,machine07_UM,2,16,2,test,f62458f7467faeceeb2d3f2e97d96dda7ec1d4497aef8e23f36a8f297f235f88,3c8a7e96cfa669dc,robustness_extension
memory_um,cluster_UM,2,16,2,test,fce43bedcdeaa7fd052e57262e0935e7764efcce9e32942cac960a1c3507ed83,3c8a7e96cfa669dc,robustness_extension
