hierarchy,horizon,fold,reconciliation_method,mean_mae_report,std_mae_report,cv,min_mae_report,max_mae_report,identical_prediction_hashes,n_unique_hashes,pairwise_max_abs_pred_diff,stability_class,seed0_mae,seed1_mae,seed2_mae
cpu_core_weighted,1,0,bottom_up,1.0059544225288457,0.0,0.0,1.0059544225288457,1.0059544225288457,True,1,0.0,seed_invariant,1.0059544225288457,1.0059544225288457,1.0059544225288457
cpu_core_weighted,1,0,independent,1.1094787687062333,0.0,0.0,1.1094787687062333,1.1094787687062333,True,1,0.0,seed_invariant,1.1094787687062333,1.1094787687062333,1.1094787687062333
cpu_core_weighted,1,0,mint,0.9977431249325431,0.0,0.0,0.9977431249325431,0.9977431249325431,True,1,0.0,seed_invariant,0.9977431249325431,0.9977431249325431,0.9977431249325431
cpu_core_weighted,1,0,wls,0.9998981625281598,0.0,0.0,0.9998981625281598,0.9998981625281598,True,1,0.0,seed_invariant,0.9998981625281598,0.9998981625281598,0.9998981625281598
cpu_core_weighted,1,1,bottom_up,0.7805449359194853,1.1102230246251565e-16,1.422369134093874e-16,0.7805449359194851,0.7805449359194851,True,1,0.0,seed_invariant,0.7805449359194851,0.7805449359194851,0.7805449359194851
cpu_core_weighted,1,1,independent,0.845825083496615,0.0,0.0,0.845825083496615,0.845825083496615,True,1,0.0,seed_invariant,0.845825083496615,0.845825083496615,0.845825083496615
cpu_core_weighted,1,1,mint,0.7730862362246635,0.0,0.0,0.7730862362246635,0.7730862362246635,True,1,0.0,seed_invariant,0.7730862362246635,0.7730862362246635,0.7730862362246635
cpu_core_weighted,1,1,wls,0.7733649699892714,1.1102230246251565e-16,1.435574492907997e-16,0.7733649699892713,0.7733649699892713,True,1,0.0,seed_invariant,0.7733649699892713,0.7733649699892713,0.7733649699892713
cpu_core_weighted,1,2,bottom_up,1.0205550544242874,0.0,0.0,1.0205550544242874,1.0205550544242874,True,1,0.0,seed_invariant,1.0205550544242874,1.0205550544242874,1.0205550544242874
cpu_core_weighted,1,2,independent,1.1492168649705437,0.0,0.0,1.1492168649705437,1.1492168649705437,True,1,0.0,seed_invariant,1.1492168649705437,1.1492168649705437,1.1492168649705437
cpu_core_weighted,1,2,mint,1.0112159355198143,0.0,0.0,1.0112159355198143,1.0112159355198143,True,1,0.0,seed_invariant,1.0112159355198143,1.0112159355198143,1.0112159355198143
cpu_core_weighted,1,2,wls,1.0165011232696677,0.0,0.0,1.0165011232696677,1.0165011232696677,True,1,0.0,seed_invariant,1.0165011232696677,1.0165011232696677,1.0165011232696677
cpu_core_weighted,8,0,bottom_up,0.9965505384455932,0.0,0.0,0.9965505384455932,0.9965505384455932,True,1,0.0,seed_invariant,0.9965505384455932,0.9965505384455932,0.9965505384455932
cpu_core_weighted,8,0,independent,1.08977444725631,0.0,0.0,1.08977444725631,1.08977444725631,True,1,0.0,seed_invariant,1.08977444725631,1.08977444725631,1.08977444725631
cpu_core_weighted,8,0,mint,0.9801360741347102,0.0,0.0,0.9801360741347102,0.9801360741347102,True,1,0.0,seed_invariant,0.9801360741347102,0.9801360741347102,0.9801360741347102
cpu_core_weighted,8,0,wls,0.9863593395653419,0.0,0.0,0.9863593395653419,0.9863593395653419,True,1,0.0,seed_invariant,0.9863593395653419,0.9863593395653419,0.9863593395653419
cpu_core_weighted,8,1,bottom_up,0.794109324195644,0.0,0.0,0.794109324195644,0.794109324195644,True,1,0.0,seed_invariant,0.794109324195644,0.794109324195644,0.794109324195644
cpu_core_weighted,8,1,independent,0.8619293246865777,0.0,0.0,0.8619293246865777,0.8619293246865777,True,1,0.0,seed_invariant,0.8619293246865777,0.8619293246865777,0.8619293246865777
cpu_core_weighted,8,1,mint,0.7877895503581098,0.0,0.0,0.7877895503581098,0.7877895503581098,True,1,0.0,seed_invariant,0.7877895503581098,0.7877895503581098,0.7877895503581098
cpu_core_weighted,8,1,wls,0.7873944212939675,0.0,0.0,0.7873944212939675,0.7873944212939675,True,1,0.0,seed_invariant,0.7873944212939675,0.7873944212939675,0.7873944212939675
cpu_core_weighted,8,2,bottom_up,1.021055775499171,0.0,0.0,1.021055775499171,1.021055775499171,True,1,0.0,seed_invariant,1.021055775499171,1.021055775499171,1.021055775499171
cpu_core_weighted,8,2,independent,1.132114434314775,0.0,0.0,1.132114434314775,1.132114434314775,True,1,0.0,seed_invariant,1.132114434314775,1.132114434314775,1.132114434314775
cpu_core_weighted,8,2,mint,1.0098630269075288,0.0,0.0,1.0098630269075288,1.0098630269075288,True,1,0.0,seed_invariant,1.0098630269075288,1.0098630269075288,1.0098630269075288
cpu_core_weighted,8,2,wls,1.0116825627701151,0.0,0.0,1.0116825627701151,1.0116825627701151,True,1,0.0,seed_invariant,1.0116825627701151,1.0116825627701151,1.0116825627701151
cpu_core_weighted,16,0,bottom_up,1.0307048936504906,0.0,0.0,1.0307048936504906,1.0307048936504906,True,1,0.0,seed_invariant,1.0307048936504906,1.0307048936504906,1.0307048936504906
cpu_core_weighted,16,0,independent,1.117143297745833,0.0,0.0,1.117143297745833,1.117143297745833,True,1,0.0,seed_invariant,1.117143297745833,1.117143297745833,1.117143297745833
cpu_core_weighted,16,0,mint,1.0129957773486316,0.0,0.0,1.0129957773486316,1.0129957773486316,True,1,0.0,seed_invariant,1.0129957773486316,1.0129957773486316,1.0129957773486316
cpu_core_weighted,16,0,wls,1.0180193510570834,0.0,0.0,1.0180193510570834,1.0180193510570834,True,1,0.0,seed_invariant,1.0180193510570834,1.0180193510570834,1.0180193510570834
cpu_core_weighted,16,1,bottom_up,0.7993938475030506,0.0,0.0,0.7993938475030506,0.7993938475030506,True,1,0.0,seed_invariant,0.7993938475030506,0.7993938475030506,0.7993938475030506
cpu_core_weighted,16,1,independent,0.8648501103571508,0.0,0.0,0.8648501103571508,0.8648501103571508,True,1,0.0,seed_invariant,0.8648501103571508,0.8648501103571508,0.8648501103571508
cpu_core_weighted,16,1,mint,0.7901883349375972,0.0,0.0,0.7901883349375972,0.7901883349375972,True,1,0.0,seed_invariant,0.7901883349375972,0.7901883349375972,0.7901883349375972
cpu_core_weighted,16,1,wls,0.7892731254510011,0.0,0.0,0.7892731254510011,0.7892731254510011,True,1,0.0,seed_invariant,0.7892731254510011,0.7892731254510011,0.7892731254510011
cpu_core_weighted,16,2,bottom_up,1.0266075964353594,0.0,0.0,1.0266075964353594,1.0266075964353594,True,1,0.0,seed_invariant,1.0266075964353594,1.0266075964353594,1.0266075964353594
cpu_core_weighted,16,2,independent,1.1549701444181844,0.0,0.0,1.1549701444181844,1.1549701444181844,True,1,0.0,seed_invariant,1.1549701444181844,1.1549701444181844,1.1549701444181844
cpu_core_weighted,16,2,mint,1.0172490640950174,0.0,0.0,1.0172490640950174,1.0172490640950174,True,1,0.0,seed_invariant,1.0172490640950174,1.0172490640950174,1.0172490640950174
cpu_core_weighted,16,2,wls,1.020968838113624,0.0,0.0,1.020968838113624,1.020968838113624,True,1,0.0,seed_invariant,1.020968838113624,1.020968838113624,1.020968838113624
memory_um,1,0,bottom_up,2075080793.3826783,2.384185791015625e-07,1.1489604639099673e-16,2075080793.3826785,2075080793.3826785,True,1,0.0,seed_invariant,2075080793.3826785,2075080793.3826785,2075080793.3826785
memory_um,1,0,independent,1848635679.4026902,0.0,0.0,1848635679.4026902,1848635679.4026902,True,1,0.0,seed_invariant,1848635679.4026902,1848635679.4026902,1848635679.4026902
memory_um,1,0,mint,1832887965.9285433,0.0,0.0,1832887965.9285433,1832887965.9285433,True,1,0.0,seed_invariant,1832887965.9285433,1832887965.9285433,1832887965.9285433
memory_um,1,0,wls,1868845404.0685003,0.0,0.0,1868845404.0685003,1868845404.0685003,True,1,0.0,seed_invariant,1868845404.0685003,1868845404.0685003,1868845404.0685003
memory_um,1,1,bottom_up,1196299637.4371316,0.0,0.0,1196299637.4371316,1196299637.4371316,True,1,0.0,seed_invariant,1196299637.4371316,1196299637.4371316,1196299637.4371316
memory_um,1,1,independent,1352577183.8579013,0.0,0.0,1352577183.8579013,1352577183.8579013,True,1,0.0,seed_invariant,1352577183.8579013,1352577183.8579013,1352577183.8579013
memory_um,1,1,mint,1220404550.4824648,0.0,0.0,1220404550.4824648,1220404550.4824648,True,1,0.0,seed_invariant,1220404550.4824648,1220404550.4824648,1220404550.4824648
memory_um,1,1,wls,1221869948.1311007,0.0,0.0,1221869948.1311007,1221869948.1311007,True,1,0.0,seed_invariant,1221869948.1311007,1221869948.1311007,1221869948.1311007
memory_um,1,2,bottom_up,1173657905.0886176,0.0,0.0,1173657905.0886176,1173657905.0886176,True,1,0.0,seed_invariant,1173657905.0886176,1173657905.0886176,1173657905.0886176
memory_um,1,2,independent,1263368437.7287288,0.0,0.0,1263368437.7287288,1263368437.7287288,True,1,0.0,seed_invariant,1263368437.7287288,1263368437.7287288,1263368437.7287288
memory_um,1,2,mint,1166472261.9314036,0.0,0.0,1166472261.9314036,1166472261.9314036,True,1,0.0,seed_invariant,1166472261.9314036,1166472261.9314036,1166472261.9314036
memory_um,1,2,wls,1167809504.6159296,0.0,0.0,1167809504.6159296,1167809504.6159296,True,1,0.0,seed_invariant,1167809504.6159296,1167809504.6159296,1167809504.6159296
memory_um,8,0,bottom_up,2008866215.1720126,0.0,0.0,2008866215.1720126,2008866215.1720126,True,1,0.0,seed_invariant,2008866215.1720126,2008866215.1720126,2008866215.1720126
memory_um,8,0,independent,1526324191.3500135,0.0,0.0,1526324191.3500135,1526324191.3500135,True,1,0.0,seed_invariant,1526324191.3500135,1526324191.3500135,1526324191.3500135
memory_um,8,0,mint,1758572960.4194782,2.384185791015625e-07,1.3557502842798842e-16,1758572960.419478,1758572960.419478,True,1,0.0,seed_invariant,1758572960.419478,1758572960.419478,1758572960.419478
memory_um,8,0,wls,1616183556.033786,2.384185791015625e-07,1.4751949319831986e-16,1616183556.0337863,1616183556.0337863,True,1,0.0,seed_invariant,1616183556.0337863,1616183556.0337863,1616183556.0337863
memory_um,8,1,bottom_up,1340514100.6138046,0.0,0.0,1340514100.6138046,1340514100.6138046,True,1,0.0,seed_invariant,1340514100.6138046,1340514100.6138046,1340514100.6138046
memory_um,8,1,independent,1349230704.7903304,0.0,0.0,1349230704.7903304,1349230704.7903304,True,1,0.0,seed_invariant,1349230704.7903304,1349230704.7903304,1349230704.7903304
memory_um,8,1,mint,1316686002.217671,0.0,0.0,1316686002.217671,1316686002.217671,True,1,0.0,seed_invariant,1316686002.217671,1316686002.217671,1316686002.217671
memory_um,8,1,wls,1316136713.382926,0.0,0.0,1316136713.382926,1316136713.382926,True,1,0.0,seed_invariant,1316136713.382926,1316136713.382926,1316136713.382926
memory_um,8,2,bottom_up,1167561614.072031,0.0,0.0,1167561614.072031,1167561614.072031,True,1,0.0,seed_invariant,1167561614.072031,1167561614.072031,1167561614.072031
memory_um,8,2,independent,1262294522.4928114,0.0,0.0,1262294522.4928114,1262294522.4928114,True,1,0.0,seed_invariant,1262294522.4928114,1262294522.4928114,1262294522.4928114
memory_um,8,2,mint,1160263172.3851845,0.0,0.0,1160263172.3851845,1160263172.3851845,True,1,0.0,seed_invariant,1160263172.3851845,1160263172.3851845,1160263172.3851845
memory_um,8,2,wls,1162557010.7609544,0.0,0.0,1162557010.7609544,1162557010.7609544,True,1,0.0,seed_invariant,1162557010.7609544,1162557010.7609544,1162557010.7609544
memory_um,16,0,bottom_up,2111881147.9847877,0.0,0.0,2111881147.9847877,2111881147.9847877,True,1,0.0,seed_invariant,2111881147.9847877,2111881147.9847877,2111881147.9847877
memory_um,16,0,independent,1735274052.5911322,0.0,0.0,1735274052.5911322,1735274052.5911322,True,1,0.0,seed_invariant,1735274052.5911322,1735274052.5911322,1735274052.5911322
memory_um,16,0,mint,1896120912.491208,0.0,0.0,1896120912.491208,1896120912.491208,True,1,0.0,seed_invariant,1896120912.491208,1896120912.491208,1896120912.491208
memory_um,16,0,wls,1841620625.639331,2.384185791015625e-07,1.2946128848811837e-16,1841620625.6393313,1841620625.6393313,True,1,0.0,seed_invariant,1841620625.6393313,1841620625.6393313,1841620625.6393313
memory_um,16,1,bottom_up,1398288473.5837512,0.0,0.0,1398288473.5837512,1398288473.5837512,True,1,0.0,seed_invariant,1398288473.5837512,1398288473.5837512,1398288473.5837512
memory_um,16,1,independent,1348125215.317614,0.0,0.0,1348125215.317614,1348125215.317614,True,1,0.0,seed_invariant,1348125215.317614,1348125215.317614,1348125215.317614
memory_um,16,1,mint,1355061135.6553676,0.0,0.0,1355061135.6553676,1355061135.6553676,True,1,0.0,seed_invariant,1355061135.6553676,1355061135.6553676,1355061135.6553676
memory_um,16,1,wls,1354999717.5109816,0.0,0.0,1354999717.5109816,1354999717.5109816,True,1,0.0,seed_invariant,1354999717.5109816,1354999717.5109816,1354999717.5109816
memory_um,16,2,bottom_up,1130609376.3134103,0.0,0.0,1130609376.3134103,1130609376.3134103,True,1,0.0,seed_invariant,1130609376.3134103,1130609376.3134103,1130609376.3134103
memory_um,16,2,independent,1266339742.2184117,0.0,0.0,1266339742.2184117,1266339742.2184117,True,1,0.0,seed_invariant,1266339742.2184117,1266339742.2184117,1266339742.2184117
memory_um,16,2,mint,1128115358.949221,0.0,0.0,1128115358.949221,1128115358.949221,True,1,0.0,seed_invariant,1128115358.949221,1128115358.949221,1128115358.949221
memory_um,16,2,wls,1135057345.1545937,0.0,0.0,1135057345.1545937,1135057345.1545937,True,1,0.0,seed_invariant,1135057345.1545937,1135057345.1545937,1135057345.1545937
