experiment_stage,eligible_for_final_claims,target,model,method,threshold_mode,threshold,outer_fold,mae,peak_precision,peak_recall,peak_f1,peak_magnitude_mae,peak_timing_mae_steps,high_load_mae,false_alarms_per_day,n_true_peaks,n_pred_peaks
development,False,cluster_mean_CU,persistence,point,q90,4.366886243505207,outer_0,1.3395330964227814,1.0,1.0,1.0,4.671325024431392,0.33091962346125997,4.671325024431392,0.0,1381,1381
development,False,cluster_mean_CU,persistence,point,q95,6.027853174564223,outer_0,1.3395330964227814,1.0,1.0,1.0,7.353112258141876,0.3146853146853147,7.353112258141876,0.0,715,715
development,False,cluster_mean_CU,persistence,point,mad,3.9919684298720957,outer_0,1.3395330964227814,1.0,1.0,1.0,4.165839201737409,0.31363088057901084,4.165839201737409,0.0,1658,1658
development,False,cluster_mean_CU,ridge,point,q90,4.366886243505207,outer_0,1.2557048729676177,0.914179104477612,0.9855177407675597,0.9485089454737852,4.162505736033719,0.2762674504041146,4.1242192871628,60.982311049220485,1381,1608
development,False,cluster_mean_CU,ridge,point,q95,6.027853174564223,outer_0,1.2557048729676177,0.8973277074542897,0.9818181818181818,0.9376735071580208,6.818875054445471,0.3504273504273504,6.726042465407148,2.2220275281092485,715,711
development,False,cluster_mean_CU,ridge,point,mad,3.9919684298720957,outer_0,1.2557048729676177,0.9174832387828777,0.9788902291917974,0.9471925156714938,3.7157748475178796,0.23166974738139248,3.6632630213555406,78.0178554313914,1658,1939
development,False,cluster_mean_CU,lightgbm,point,q90,4.366886243505207,outer_0,1.0510354943278968,0.9235709698137444,0.9790007241129616,0.9504783983737731,3.5892293162073554,0.3091715976331361,3.5386741721429606,50.61284925137733,1381,1557
development,False,cluster_mean_CU,lightgbm,point,q95,6.027853174564223,outer_0,1.0510354943278968,0.8611449451887941,0.9538461538461539,0.9051281786551307,5.701618990883289,0.26099706744868034,5.567710294665108,34.317980711909506,715,821
development,False,cluster_mean_CU,lightgbm,point,mad,3.9919684298720957,outer_0,1.0510354943278968,0.9438085327783559,0.96562123039807,0.9545902910464122,3.2247675378316316,0.21424109931292942,3.153746931581877,79.25231516922986,1658,1922
development,False,machine01_DWT,persistence,point,q90,2398276.266666671,outer_0,15221065.07279147,1.0,1.0,1.0,94871238.30525254,0.23138297872340424,94871238.30525254,0.0,1128,1128
development,False,machine01_DWT,persistence,point,q95,52713417.386666514,outer_0,15221065.07279147,1.0,1.0,1.0,142896039.94246048,0.47305389221556887,142896039.94246048,0.0,501,501
development,False,machine01_DWT,persistence,point,mad,330484.8861866666,outer_0,15221065.07279147,1.0,1.0,1.0,61108781.72720308,0.27372836916622967,61108781.72720308,-0.2560819348377288,1907,1906
development,False,machine01_DWT,ridge,point,q90,2398276.266666671,outer_0,16461154.290743522,0.6265060240963856,1.0,0.7703703703703704,75686948.55777334,0.09131205673758866,75686948.55777334,348.7835952489866,1128,2490
development,False,machine01_DWT,ridge,point,q95,52713417.386666514,outer_0,16461154.290743522,0.8683834048640916,0.9321357285429142,0.8991309036698701,129665643.9996512,0.3554603854389722,125269224.52748547,59.41100888235308,501,699
development,False,machine01_DWT,ridge,point,mad,330484.8861866666,outer_0,16461154.290743522,0.4050615961435458,0.995280545359203,0.5757877512436859,52635243.4639789,0.09430979978925184,52521089.90057379,1426.3763770461494,1907,7468
development,False,machine01_DWT,lightgbm,point,q90,2398276.266666671,outer_0,14076058.522791646,0.7140096618357488,0.999113475177305,0.8328375925045386,67948808.74712317,0.09316770186335403,67905820.668214,241.48526455197825,1128,2070
development,False,machine01_DWT,lightgbm,point,q95,52713417.386666514,outer_0,14076058.522791646,0.8316455696202532,0.9141716566866267,0.8709580781994191,100078022.6521166,0.21397379912663755,103745298.5270443,85.01920236612595,501,790
development,False,machine01_DWT,lightgbm,point,mad,330484.8861866666,outer_0,14076058.522791646,0.8239901071723,0.9344520188778186,0.8757515618805872,51019913.94676704,0.21717171717171718,47695725.71141733,164.91676603549735,1907,2426
development,False,machine01_tx_bond0,persistence,point,q90,18.205444444444435,outer_0,49.813159476236564,1.0,0.9992012779552716,0.9996004794246904,208.85637586294888,0.5075939248601119,208.70436420313644,-0.8202640538218537,1252,1248
development,False,machine01_tx_bond0,persistence,point,q95,48.18438888888888,outer_0,49.813159476236564,1.0,0.9986263736263736,0.9993127147766323,307.774395779532,0.6038514442916093,307.4672499367335,-0.27342135127395123,728,726
development,False,machine01_tx_bond0,persistence,point,mad,7.051822555560002,outer_0,49.813159476236564,1.0,0.9995755517826825,0.9997877308427086,139.25218651526643,0.22760084925690022,139.20094949967327,-1.3671067563697563,2356,2350
development,False,machine01_tx_bond0,ridge,point,q90,18.205444444444435,outer_0,44.85616551510368,0.8563869992441421,0.9592651757188498,0.9049114545631681,175.9684294488239,0.11823480432972523,169.62451048761284,395.09385259085957,1252,2646
development,False,machine01_tx_bond0,ridge,point,q95,48.18438888888888,outer_0,44.85616551510368,0.7557346559206448,0.8736263736263736,0.8104155124653739,287.5975102783145,0.2358490566037736,261.39076010225193,267.1326601946504,728,1613
development,False,machine01_tx_bond0,ridge,point,mad,7.051822555560002,outer_0,44.85616551510368,0.46319762739282827,1.0,0.6331306430808918,112.61758608545514,0.01400679117147708,112.61758608545514,1384.0588801487413,2356,7418
development,False,machine01_tx_bond0,lightgbm,point,q90,18.205444444444435,outer_0,47.313497389857524,0.79279643868879,0.9928115015974441,0.88160161589509,177.18845152215187,0.2670957361222848,176.11326619728996,335.7614193644121,1252,2471
development,False,machine01_tx_bond0,lightgbm,point,q95,48.18438888888888,outer_0,47.313497389857524,0.6983523447401775,0.9601648351648352,0.8085938115067722,270.00277237335484,0.42775393419170243,265.0669222376703,240.33736776980314,728,1578
development,False,machine01_tx_bond0,lightgbm,point,mad,7.051822555560002,outer_0,47.313497389857524,0.8636963696369637,0.9974533106960951,0.9257684241456818,120.22155448913465,0.21659574468085108,119.93268130979706,185.92651886628684,2356,3030
development,False,machine01_rx_bond0,persistence,point,q90,17.03222222222222,outer_0,19.905000525807964,1.0,0.9992331288343558,0.9996164173379363,78.70381671542681,0.4834996162701458,78.665101279977,0.0,1304,1303
development,False,machine01_rx_bond0,persistence,point,q95,32.11333333333333,outer_0,19.905000525807964,1.0,0.9986130374479889,0.9993060374739764,119.47903050283169,0.5986111111111111,119.3524561039219,0.520050332927014,721,722
development,False,machine01_rx_bond0,persistence,point,mad,13.94470933333778,outer_0,19.905000525807964,1.0,1.0,1.0,66.9337807354203,0.4358974358974359,66.9337807354203,-1.040100665854028,1638,1634
development,False,machine01_rx_bond0,ridge,point,q90,17.03222222222222,outer_0,16.260608161007188,0.8779946761313221,0.950920245398773,0.91300355533993,61.94924696916633,0.23225806451612904,59.534727134070266,263.66551879399606,1304,2254
development,False,machine01_rx_bond0,ridge,point,q95,32.11333333333333,outer_0,16.260608161007188,0.7824074074074074,0.8488210818307905,0.8142622647525399,103.47427959439815,0.5702614379084967,93.38023660344624,121.69177790492127,721,1080
development,False,machine01_rx_bond0,ridge,point,mad,13.94470933333778,outer_0,16.260608161007188,0.9101707498144024,0.9713064713064713,0.939745354729221,52.041488887077016,0.15021998742928974,50.80935497197221,286.8077586092482,1638,2694
development,False,machine01_rx_bond0,lightgbm,point,q90,17.03222222222222,outer_0,17.19278106402385,0.801980198019802,0.9961656441717791,0.8885876794061387,60.09750754488213,0.3094688221709007,59.928314831933456,266.26577045863115,1304,2323
development,False,machine01_rx_bond0,lightgbm,point,q95,32.11333333333333,outer_0,17.19278106402385,0.6962115796997855,0.9764216366158114,0.8128453308834426,91.13996301562784,0.4758522727272727,90.90308124158807,180.71749069213735,721,1399
development,False,machine01_rx_bond0,lightgbm,point,mad,13.94470933333778,outer_0,17.19278106402385,0.830078125,0.9945054945054945,0.9048828975073814,52.53331644464619,0.283609576427256,52.30388306925308,242.083429977525,1638,2560
development,False,averageRttWithGoogleDns,persistence,point,q90,4.556600000000002,outer_0,0.2731413931926314,1.0,0.9935897435897436,0.9967845659163987,5.688651612903226,0.864516129032258,5.852358974358975,-0.24927141125658628,156,154
development,False,averageRttWithGoogleDns,persistence,point,q95,6.1049,outer_0,0.2731413931926314,1.0,0.9887640449438202,0.9943502824858756,8.409204545454545,0.8522727272727273,8.665584269662922,-0.24927141125658628,89,87
development,False,averageRttWithGoogleDns,persistence,point,mad,2.887269200004447,outer_0,0.2731413931926314,1.0,0.998745294855709,0.9993722536095417,1.7277550251256284,0.7123115577889447,1.7647678795483064,-0.24927141125658628,797,795
development,False,averageRttWithGoogleDns,ridge,point,q90,4.556600000000002,outer_0,0.35306911136897506,0.5048543689320388,0.3076923076923077,0.3823529411764706,14.266236327160998,0.75,6.837894595501409,13.709927619112246,156,103
development,False,averageRttWithGoogleDns,ridge,point,q95,6.1049,outer_0,0.35306911136897506,0.4444444444444444,0.2247191011235955,0.29850746268656714,22.382414499059472,0.45,10.546459597928271,6.231785281414657,89,45
development,False,averageRttWithGoogleDns,ridge,point,mad,2.887269200004447,outer_0,0.35306911136897506,0.3566023166023166,1.0,0.525728597449909,1.702480149259774,0.14554579673776663,1.702480149259774,1415.363073114897,797,6475
development,False,averageRttWithGoogleDns,lightgbm,point,q90,4.556600000000002,outer_0,0.4482428011298185,0.3010752688172043,0.44871794871794873,0.36036036036036034,9.657154789323215,0.7571428571428571,6.837304853083414,52.097724952626535,156,279
development,False,averageRttWithGoogleDns,lightgbm,point,q95,6.1049,outer_0,0.4482428011298185,0.4375,0.25842696629213485,0.32492431886982853,21.604723077732004,0.6956521739130435,10.653110001255166,6.231785281414657,89,48
development,False,averageRttWithGoogleDns,lightgbm,point,mad,2.887269200004447,outer_0,0.4482428011298185,0.4608131997642899,0.9598494353826851,0.6226830757252692,1.893967377150202,0.4091503267973856,1.8362402575084191,655.3345401935653,797,3394
development,False,jitterWithGoogleDns,persistence,point,q90,0.387,outer_0,0.28628376235208003,1.0,1.0,1.0,2.047333884297521,0.7669421487603306,2.047333884297521,-0.49854282251317256,605,603
development,False,jitterWithGoogleDns,persistence,point,q95,0.7431499999999982,outer_0,0.28628376235208003,1.0,1.0,1.0,2.838774535809018,0.8169761273209549,2.838774535809018,-0.49854282251317256,377,375
development,False,jitterWithGoogleDns,persistence,point,mad,0.06392580000444835,outer_0,0.28628376235208003,1.0,1.0,1.0,1.1553084112149532,0.67601246105919,1.1553084112149532,-0.49854282251317256,1284,1282
development,False,jitterWithGoogleDns,ridge,point,q90,0.387,outer_0,0.28041284195434285,0.6386066763425254,0.5768595041322314,0.6061646742101721,2.5941992229702717,0.6561604584527221,1.7760281769172808,84.75227982723933,605,689
development,False,jitterWithGoogleDns,ridge,point,q95,0.7431499999999982,outer_0,0.28041284195434285,0.7342995169082126,0.3978779840848806,0.5161056658442176,4.483053511273664,0.7533333333333333,2.6327196456974225,14.208470441625417,377,207
development,False,jitterWithGoogleDns,ridge,point,mad,0.06392580000444835,outer_0,0.28041284195434285,0.46846846846846846,1.0,0.6380368098159509,0.9208406783735306,0.014797507788161994,0.9208406783735306,1699.781753358662,1284,8103
development,False,jitterWithGoogleDns,lightgbm,point,q90,0.387,outer_0,0.3210117081759219,0.51242983159583,0.7008264462809918,0.592000856528242,2.1145453499279405,0.6320754716981132,1.7825288757733455,205.15037146417052,605,1247
development,False,jitterWithGoogleDns,lightgbm,point,q95,0.7431499999999982,outer_0,0.3210117081759219,0.4620355411954766,0.5596816976127321,0.5061925672416758,3.2138619970384052,0.7772511848341233,2.585815008256351,101.7027357926872,377,619
development,False,jitterWithGoogleDns,lightgbm,point,mad,0.06392580000444835,outer_0,0.3210117081759219,0.6183047321892876,0.9524922118380063,0.7498492331452455,1.0556041501707583,0.35568274734260014,1.0210395737797517,653.8389117260258,1284,3846
development,False,cluster_UM,persistence,point,q90,117321784524.8,outer_0,1294154012.0869985,1.0,1.0,1.0,1548415919.8581944,0.008261979870812678,1548415919.8581944,-0.24689194756769428,6657,6656
development,False,cluster_UM,persistence,point,q95,124038940671.99998,outer_0,1294154012.0869985,1.0,1.0,1.0,8477078433.344538,0.21608643457382953,8477078433.344538,-0.24689194756769428,833,832
development,False,cluster_UM,persistence,point,mad,117830686688.4608,outer_0,1294154012.0869985,1.0,1.0,1.0,1566501215.7210584,0.004587857470561248,1566501215.7210584,-0.24689194756769428,6539,6538
development,False,cluster_UM,ridge,point,q90,117321784524.8,outer_0,1358694507.6124406,0.9977331116820312,0.9944419408141806,0.996084807660282,1625222068.3189642,0.01027190332326284,1620287920.1545098,-0.7406758427030828,6657,6617
development,False,cluster_UM,ridge,point,q95,124038940671.99998,outer_0,1358694507.6124406,0.9715909090909091,0.9951980792316927,0.9832528169185044,6998490690.404047,0.24246079613992763,7009679672.981138,12.591489325952407,833,880
development,False,cluster_UM,ridge,point,mad,117830686688.4608,outer_0,1358694507.6124406,0.9974006116207951,0.9981648570117755,0.9977825879740513,1637581722.6170504,0.005362341044890455,1636480016.5163903,3.2095953183800257,6539,6540
development,False,cluster_UM,lightgbm,point,q90,117321784524.8,outer_0,2548658026.0004625,0.9820472440944882,0.9983476040258374,0.9901303410402935,3058038322.440593,0.07402949142341259,3054160306.0939484,-73.0800164800375,6657,6350
development,False,cluster_UM,lightgbm,point,q95,124038940671.99998,outer_0,2548658026.0004625,0.9675745784695201,0.9807923169267707,0.9741386130701456,8372932306.704729,0.25458996328029376,8405786645.839103,-11.357029588113937,833,771
development,False,cluster_UM,lightgbm,point,mad,117830686688.4608,outer_0,2548658026.0004625,0.9768142824020404,0.9059489218534944,0.9400479507917086,3185800781.7690167,0.3777852802160702,3083446141.7419744,-397.7429275315555,6539,4313
development,False,cluster_UM,ridge,c1_bottom_up,q90,117325735526.4,outer_0,1263401149.574385,0.9972916039723142,0.9977463942307693,0.9975189472643889,1502607837.7904856,0.009185363650052703,1500521922.6253865,1.2344597378384714,6656,6646
development,False,cluster_UM,ridge,c1_bottom_up,q95,124176743423.99985,outer_0,1263401149.574385,0.9723889555822329,0.9963811821471653,0.9842388793922686,7070797775.457133,0.23728813559322035,7057023297.723967,1.72824363297386,829,833
development,False,cluster_mean_CU,persistence,point,q90,4.626388888940077,outer_1,1.0552762254921197,1.0,1.0,1.0,5.184045881964525,0.3679890560875513,5.184045881964525,0.0,731,731
development,False,cluster_mean_CU,persistence,point,q95,6.924550264438262,outer_1,1.0552762254921197,1.0,1.0,1.0,7.688403810430975,0.36246786632390743,7.688403810430975,0.0,389,389
development,False,cluster_mean_CU,persistence,point,mad,4.125117087505307,outer_1,1.0552762254921197,1.0,1.0,1.0,4.2746029460727275,0.35794871794871796,4.2746029460727275,0.0,975,975
development,False,cluster_mean_CU,ridge,point,q90,4.626388888940077,outer_1,1.0040855203986057,0.8968512486427795,0.9849521203830369,0.9388393639407511,4.629445690223484,0.2902777777777778,4.5804533549559725,49.625281461106546,731,921
development,False,cluster_mean_CU,ridge,point,q95,6.924550264438262,outer_1,1.0040855203986057,0.9567723342939481,0.9820051413881749,0.9692245378331079,7.1691937560620085,0.43717277486910994,7.078513783178044,-8.641218164869299,389,347
development,False,cluster_mean_CU,ridge,point,mad,4.125117087505307,outer_1,1.0040855203986057,0.9031719532554258,0.9774358974358974,0.9388376086430028,3.8206243008001204,0.2759706190975866,3.764139043029698,60.4885271540851,975,1198
development,False,cluster_mean_CU,lightgbm,point,q90,4.626388888940077,outer_1,0.8198032867351922,0.9077936333699231,0.9699042407660738,0.9378216877952971,4.017955440918165,0.307475317348378,3.93091703026281,49.87217340867424,731,911
development,False,cluster_mean_CU,lightgbm,point,q95,6.924550264438262,outer_1,0.8198032867351922,0.8404761904761905,0.9665809768637532,0.8991284967670041,5.85665909634499,0.38563829787234044,5.76981835560408,10.863245692978548,389,420
development,False,cluster_mean_CU,lightgbm,point,mad,4.125117087505307,outer_1,0.8198032867351922,0.9209650582362728,0.9528205128205128,0.9366220048151557,3.3362045976174266,0.2303552206673843,3.237747268135165,67.40150168598053,975,1202
development,False,machine01_DWT,persistence,point,q90,9112576.0,outer_1,5235345.267122638,1.0,1.0,1.0,81440375.77375223,0.40896358543417366,81440375.77375223,0.0,357,357
development,False,machine01_DWT,persistence,point,q95,66507332.266666666,outer_1,5235345.267122638,0.9912280701754386,1.0,0.9955947136563876,163250489.750447,0.7345132743362832,163250489.750447,0.2697040335361982,113,114
development,False,machine01_DWT,persistence,point,mad,363317.7668266663,outer_1,5235345.267122638,1.0,1.0,1.0,40340165.01520193,0.3575418994413408,40340165.01520193,0.2697040335361982,895,896
development,False,machine01_DWT,ridge,point,q90,9112576.0,outer_1,6899310.548662293,0.6732394366197183,0.9355742296918768,0.7830185440402565,66135819.67168043,0.23353293413173654,62615001.15139923,101.40871660961054,357,710
development,False,machine01_DWT,ridge,point,q95,66507332.266666666,outer_1,6899310.548662293,0.8910891089108911,0.7079646017699115,0.7890410958904109,174497384.27316093,0.6625,146810546.17511603,5.663784704260163,113,101
development,False,machine01_DWT,ridge,point,mad,363317.7668266663,outer_1,6899310.548662293,0.24976206662134603,0.9977653631284916,0.39951656878300756,32526951.834189165,0.051511758118701005,32492529.049521446,1742.8274647109129,895,7355
development,False,machine01_DWT,lightgbm,point,q90,9112576.0,outer_1,6374524.937212799,0.6088397790055249,1.0,0.7568681318681318,59286482.862765916,0.1792717086834734,59286482.862765916,147.7978103778366,357,905
development,False,machine01_DWT,lightgbm,point,q95,66507332.266666666,outer_1,6374524.937212799,0.660377358490566,0.7256637168141593,0.6914829538609807,119651471.87534659,0.36585365853658536,132085090.70146349,20.767210582287262,113,159
development,False,machine01_DWT,lightgbm,point,mad,363317.7668266663,outer_1,6374524.937212799,0.29365351629502573,1.0,0.4539909838239194,34196591.709556,0.08826815642458101,34196591.709556,1330.9894055011382,895,5830
development,False,machine01_tx_bond0,persistence,point,q90,24.211555555555627,outer_1,39.078021413551674,1.0,1.0,1.0,216.50454551955383,0.4376391982182628,216.50454551955383,-0.2622276383560367,898,897
development,False,machine01_tx_bond0,persistence,point,q95,63.06733333333317,outer_1,39.078021413551674,1.0,1.0,1.0,294.14854207434377,0.4069767441860465,294.14854207434377,-0.2622276383560367,602,601
development,False,machine01_tx_bond0,persistence,point,mad,7.595648666671119,outer_1,39.078021413551674,0.9993742177722152,1.0,0.9996870109546165,154.20492130047975,0.28115216030056356,154.20492130047975,0.2622276383560367,1597,1598
development,False,machine01_tx_bond0,ridge,point,q90,24.211555555555627,outer_1,45.498169388352686,0.8058981233243968,0.9242761692650334,0.861037449735026,256.2081676780692,0.07951807228915662,239.27313599093893,271.405605698498,898,1865
development,False,machine01_tx_bond0,ridge,point,q95,63.06733333333317,outer_1,45.498169388352686,0.673289183222958,0.9335548172757475,0.7823439739294744,340.3060961897245,0.18327402135231316,330.20425832457715,208.99542776976125,602,1359
development,False,machine01_tx_bond0,ridge,point,mad,7.595648666671119,outer_1,45.498169388352686,0.33102030326394244,1.0,0.49739331917358565,161.4294352568492,0.003757044458359424,161.4294352568492,1621.8779432320869,1597,7782
development,False,machine01_tx_bond0,lightgbm,point,q90,24.211555555555627,outer_1,44.959222850113484,0.7713075701429327,0.9955456570155902,0.8691971578351715,252.805602067648,0.17785234899328858,251.89896029279137,260.9165001642565,898,1889
development,False,machine01_tx_bond0,lightgbm,point,q95,63.06733333333317,outer_1,44.959222850113484,0.7030636292223095,0.9817275747508306,0.8193501366629155,342.78680676379855,0.2521150592216582,339.3675415309069,178.83924935881703,602,1273
development,False,machine01_tx_bond0,lightgbm,point,mad,7.595648666671119,outer_1,44.959222850113484,0.8437751004016064,1.0,0.9152690045741668,171.8567452876632,0.1340012523481528,171.8567452876632,234.16928105194077,1597,2490
development,False,machine01_rx_bond0,persistence,point,q90,19.953333333333333,outer_1,17.061195028430255,1.0,0.9987593052109182,0.9993792675356922,93.27787456623348,0.4968944099378882,93.18674403534072,0.2622276383560367,806,806
development,False,machine01_rx_bond0,persistence,point,q95,38.80333333333333,outer_1,17.061195028430255,1.0,1.0,1.0,133.8881529758742,0.571753986332574,133.8881529758742,0.2622276383560367,439,440
development,False,machine01_rx_bond0,persistence,point,mad,14.681580222226668,outer_1,17.061195028430255,0.9990654205607477,0.9981308411214953,0.998597912174898,79.5665002252299,0.43913857677902624,79.44457426426895,0.5244552767120734,1070,1070
development,False,machine01_rx_bond0,ridge,point,q90,19.953333333333333,outer_1,14.29825423501927,0.8334430546412114,0.9317617866004962,0.8798643324318134,80.42629793937166,0.18641810918774968,75.99915424479664,201.39082625743617,806,1519
development,False,machine01_rx_bond0,ridge,point,q95,38.80333333333333,outer_1,14.29825423501927,0.7525773195876289,0.8792710706150342,0.8110060585128582,129.17240295452712,0.38860103626943004,122.6190618891266,102.26877895885431,439,776
development,False,machine01_rx_bond0,ridge,point,mad,14.681580222226668,outer_1,14.29825423501927,0.8856068743286788,0.9476635514018692,0.9155848955974788,64.66290577165965,0.1291913214990138,61.70650259535044,222.36903732591912,1070,1862
development,False,machine01_rx_bond0,lightgbm,point,q90,19.953333333333333,outer_1,14.519389985559013,0.7940642035130224,0.9987593052109182,0.8847262525668341,77.325992157851,0.24472049689440994,77.24520828233996,221.84458204920705,806,1651
development,False,machine01_rx_bond0,lightgbm,point,q95,38.80333333333333,outer_1,14.519389985559013,0.6415289256198347,0.9567198177676538,0.7680449483862134,119.93123627264288,0.430952380952381,119.09395091226753,143.7007458191081,439,968
development,False,machine01_rx_bond0,lightgbm,point,mad,14.681580222226668,outer_1,14.519389985559013,0.8452075858534085,0.9981308411214953,0.9153259610332168,64.36965140327399,0.19194756554307116,64.2649562306735,231.5470046683804,1070,1951
development,False,averageRttWithGoogleDns,persistence,point,q90,3.345700000000001,outer_1,0.22476448439208066,1.0,0.9961977186311787,0.9980952380952381,3.461671755725191,0.7633587786259542,3.4535969581749053,0.0,263,262
development,False,averageRttWithGoogleDns,persistence,point,q95,4.846699999999998,outer_1,0.22476448439208066,1.0,1.0,1.0,8.51543373493976,0.9518072289156626,8.51543373493976,0.0,83,83
development,False,averageRttWithGoogleDns,persistence,point,mad,2.8699258000044483,outer_1,0.22476448439208066,1.0,1.0,1.0,1.6703193548387096,0.7387096774193549,1.6703193548387096,-0.24818143545126176,620,619
development,False,averageRttWithGoogleDns,ridge,point,q90,3.345700000000001,outer_1,0.25381493997743615,0.6454545454545455,0.6958174904942965,0.6696904878488776,4.127174617597208,0.5901639344262295,3.1025377842851802,63.78262891097427,263,440
development,False,averageRttWithGoogleDns,ridge,point,q95,4.846699999999998,outer_1,0.25381493997743615,0.7333333333333333,0.4819277108433735,0.5816259087904825,13.121609760097448,0.8,8.025347910560987,12.409071772563088,83,90
development,False,averageRttWithGoogleDns,ridge,point,mad,2.8699258000044483,outer_1,0.25381493997743615,0.3424568965517241,1.0,0.5101942526890352,1.4882063017746148,0.27419354838709675,1.4882063017746148,997.6893705140723,620,4640
development,False,averageRttWithGoogleDns,lightgbm,point,q90,3.345700000000001,outer_1,0.2777674196860344,0.31025299600532624,0.623574144486692,0.41435023286326944,3.7927042624607443,0.6097560975609756,3.1976989924352166,145.68250260989063,263,751
development,False,averageRttWithGoogleDns,lightgbm,point,q95,4.846699999999998,outer_1,0.2777674196860344,0.4523809523809524,0.3373493975903614,0.3864874682164911,13.49960466175375,1.0,8.377320167468424,13.898160385270659,83,84
development,False,averageRttWithGoogleDns,lightgbm,point,mad,2.8699258000044483,outer_1,0.2777674196860344,0.4357499041043345,0.9548387096774194,0.5984097267207199,1.5620783925214479,0.42736486486486486,1.5814170739352715,500.08559243429244,620,2607
development,False,jitterWithGoogleDns,persistence,point,q90,0.2760000000000002,outer_1,0.21076830308198322,1.0,1.0,1.0,1.9910254777070067,0.7664543524416136,1.9910254777070067,0.0,471,471
development,False,jitterWithGoogleDns,persistence,point,q95,0.6289499999999989,outer_1,0.21076830308198322,1.0,1.0,1.0,2.92479020979021,0.8286713286713286,2.92479020979021,0.0,286,286
development,False,jitterWithGoogleDns,persistence,point,mad,0.05303020000444726,outer_1,0.21076830308198322,1.0,1.0,1.0,1.0893796203796204,0.7122877122877123,1.0893796203796204,-0.2489070237629721,1001,1000
development,False,jitterWithGoogleDns,ridge,point,q90,0.2760000000000002,outer_1,0.20696962719478987,0.5964653902798233,0.5265392781316348,0.5593252902015052,2.684838168217852,0.5362903225806451,1.672642358205184,107.27892724184098,471,679
development,False,jitterWithGoogleDns,ridge,point,q95,0.6289499999999989,outer_1,0.20696962719478987,0.6358381502890174,0.32867132867132864,0.4333431121914421,5.024789317085675,0.7340425531914894,2.5709069346911697,19.663654877274794,286,173
development,False,jitterWithGoogleDns,ridge,point,mad,0.05303020000444726,outer_1,0.20696962719478987,0.38945827232796487,1.0,0.5605900948366702,0.855144976040688,0.001998001998001998,0.855144976040688,1790.8860359745843,1001,8196
development,False,jitterWithGoogleDns,lightgbm,point,q90,0.2760000000000002,outer_1,0.2149270456040615,0.5020576131687243,0.6475583864118896,0.5656003708854892,2.212229495569879,0.5967213114754099,1.7279734476695412,166.0209848499024,471,972
development,False,jitterWithGoogleDns,lightgbm,point,q95,0.6289499999999989,outer_1,0.2149270456040615,0.4804177545691906,0.486013986013986,0.4831996674884991,3.753696733754242,0.7697841726618705,2.608559303534261,60.73331379816519,286,383
development,False,jitterWithGoogleDns,lightgbm,point,mad,0.05303020000444726,outer_1,0.2149270456040615,0.5814648729446936,0.995004995004995,0.7339949399126467,0.940161536065772,0.36646586345381527,0.9363457940997267,584.6825988192214,1001,3345
development,False,cluster_UM,persistence,point,q90,121055662080.0,outer_1,843922661.6452392,1.0,1.0,1.0,2112548679.1053274,0.14436762911752746,2112548679.1053274,0.24689194756769428,2459,2460
development,False,cluster_UM,persistence,point,q95,127120771481.59999,outer_1,843922661.6452392,1.0,1.0,1.0,9155978127.36,0.275,9155978127.36,0.0,400,400
development,False,cluster_UM,persistence,point,mad,119733361508.352,outer_1,843922661.6452392,1.0,1.0,1.0,1257159858.779791,0.01918567469622682,1257159858.779791,0.24689194756769428,4691,4692
development,False,cluster_UM,ridge,point,q90,121055662080.0,outer_1,834422178.6472346,0.9661344944363812,0.8853192354615698,0.9239630871192358,2145791315.7795382,0.23334864492420762,1960033132.601646,-27.15811423244637,2459,2067
development,False,cluster_UM,ridge,point,q95,127120771481.59999,outer_1,834422178.6472346,1.0,0.94,0.9690721649484536,7295053736.803168,0.36436170212765956,7306766982.619329,-12.344597378384714,400,326
development,False,cluster_UM,ridge,point,mad,119733361508.352,outer_1,834422178.6472346,0.9871551905664351,0.9944574717544233,0.9907928766363534,1196326348.3242946,0.016934619506966776,1195549623.5191941,20.73892359568632,4691,4749
development,False,cluster_UM,lightgbm,point,q90,121055662080.0,outer_1,1387727524.6296232,0.8421833283892021,1.0,0.9143317230273753,2394550457.666778,0.10573403822692151,2394550457.666778,225.16545618173717,2459,3371
development,False,cluster_UM,lightgbm,point,q95,127120771481.59999,outer_1,1387727524.6296232,0.7945492662473794,0.995,0.8835482038155374,6367558858.362887,0.24874371859296482,6356988194.242236,19.50446385784785,400,477
development,False,cluster_UM,lightgbm,point,mad,119733361508.352,outer_1,1387727524.6296232,0.9605558961782138,0.9993604775101258,0.9795740389405755,1752760223.3459306,0.022610921501706484,1752313599.4544847,50.61284925137733,4691,4893
development,False,cluster_UM,ridge,c1_bottom_up,q90,121059018342.4,outer_1,792068860.7184273,0.9683746997598078,0.98531211750306,0.9767699894638184,1866460681.0696452,0.15734989648033126,1846315601.9431758,20.492031648118626,2451,2498
development,False,cluster_UM,ridge,c1_bottom_up,q95,127221156659.19992,outer_1,792068860.7184273,0.996742671009772,0.9221105527638191,0.9579752363972925,7522877643.219578,0.3542234332425068,7440389117.564318,-14.813516854061657,398,307
development,False,cluster_mean_CU,persistence,point,q90,4.890727513329626,outer_2,1.341430523059793,1.0,1.0,1.0,5.4950195755491045,0.3853564547206166,5.4950195755491045,0.0,1038,1038
development,False,cluster_mean_CU,persistence,point,q95,7.9033763228218685,outer_2,1.341430523059793,1.0,1.0,1.0,7.934947878490967,0.4125,7.934947878490967,0.0,560,560
development,False,cluster_mean_CU,persistence,point,mad,4.315366796079826,outer_2,1.341430523059793,1.0,1.0,1.0,4.55035629871302,0.35745296671490595,4.55035629871302,0.0,1382,1382
development,False,cluster_mean_CU,ridge,point,q90,4.890727513329626,outer_2,1.3009527738415996,0.8682816048448145,0.9816955684007708,0.9215121309898548,4.917020358661391,0.3395485770363101,4.861497803540258,74.53434991390408,1038,1321
development,False,cluster_mean_CU,ridge,point,q95,7.9033763228218685,outer_2,1.3009527738415996,0.9704016913319239,0.9857142857142858,0.9779980545648247,7.436227810361843,0.4746376811594203,7.360141316799068,-19.4973961695312,560,473
development,False,cluster_mean_CU,ridge,point,mad,4.315366796079826,outer_2,1.3009527738415996,0.8998292544109278,0.9811866859623734,0.9387485402087913,4.064340545448007,0.27949852507374634,4.012862071320932,98.96779574660773,1382,1757
development,False,cluster_mean_CU,lightgbm,point,q90,4.890727513329626,outer_2,1.090395081497911,0.9060014461315979,0.9614643545279383,0.9329092884042661,4.140636290255743,0.250501002004008,4.032804079021779,95.01895601606978,1038,1383
development,False,cluster_mean_CU,lightgbm,point,q95,7.9033763228218685,outer_2,1.090395081497911,0.9135135135135135,0.9589285714285715,0.9356702837848287,6.2157198942397,0.3761638733705773,6.084892329943278,4.44244469685521,560,555
development,False,cluster_mean_CU,lightgbm,point,mad,4.315366796079826,outer_2,1.090395081497911,0.9292709466811752,0.967438494934877,0.9479706973757239,3.4135576892068573,0.2011967090501122,3.346744581263475,123.64804406247002,1382,1838
development,False,machine01_DWT,persistence,point,q90,4884384.426666679,outer_2,5531376.351773693,1.0,1.0,1.0,97045179.23775491,0.366120218579235,97045179.23775491,-0.26138899297303797,366,365
development,False,machine01_DWT,persistence,point,q95,47072426.66666666,outer_2,5531376.351773693,1.0,1.0,1.0,175298429.55770454,0.6962962962962963,175298429.55770454,0.0,135,135
development,False,machine01_DWT,persistence,point,mad,427574.40170666657,outer_2,5531376.351773693,1.0,0.9984779299847792,0.9992383853769992,58310887.37950302,0.4329268292682927,58225221.60835207,0.0,657,656
development,False,machine01_DWT,ridge,point,q90,4884384.426666679,outer_2,7438933.864787575,0.4480633802816901,0.9808743169398907,0.6151336939799837,72646393.75025596,0.2646239554317549,71340562.91716877,203.0992475400505,366,1136
development,False,machine01_DWT,ridge,point,q95,47072426.66666666,outer_2,7438933.864787575,0.7653631284916201,0.7925925925925926,0.7787399065023374,177195955.72530743,0.616822429906542,151373298.63317788,18.820007494058736,135,179
development,False,machine01_DWT,ridge,point,mad,427574.40170666657,outer_2,7438933.864787575,0.2097547974413646,1.0,0.34677241683190124,43780626.13919143,0.0258751902587519,43780626.13919143,1789.730434886391,657,7504
development,False,machine01_DWT,lightgbm,point,q90,4884384.426666679,outer_2,6366962.346643989,0.4259699129057799,1.0,0.5974458634092171,63990656.215549804,0.20218579234972678,63990656.215549804,234.46592669681507,366,1263
development,False,machine01_DWT,lightgbm,point,q95,47072426.66666666,outer_2,6366962.346643989,0.5983263598326359,0.7555555555555555,0.667811276698029,139984977.21511203,0.4019607843137255,130762437.80628626,35.810292037306205,135,239
development,False,machine01_DWT,lightgbm,point,mad,427574.40170666657,outer_2,6366962.346643989,0.37217229625038734,1.0,0.542457091237579,41989995.217115484,0.213089802130898,41989995.217115484,671.7697119407076,657,3227
development,False,machine01_tx_bond0,persistence,point,q90,32.763333333333335,outer_2,55.263729857155,0.9990118577075099,1.0,0.9995056846267919,280.28018077393006,0.5222112537018756,280.28018077393006,-0.25496353357502344,1013,1012
development,False,machine01_tx_bond0,persistence,point,q95,106.06527777777778,outer_2,55.263729857155,1.0,1.0,1.0,387.7209410152739,0.5476190476190477,387.7209410152739,-0.25496353357502344,630,629
development,False,machine01_tx_bond0,persistence,point,mad,8.025502000004447,outer_2,55.263729857155,0.9995283018867924,1.0,0.9997640953054966,162.65122415401146,0.30957999056158564,162.65122415401146,0.25496353357502344,2119,2120
development,False,machine01_tx_bond0,ridge,point,q90,32.763333333333335,outer_2,55.71797201188356,0.7728203029062628,0.9151036525172754,0.8379650986724377,272.20804248616867,0.0970873786407767,252.5872780081807,386.5247168997355,1013,2443
development,False,machine01_tx_bond0,ridge,point,q95,106.06527777777778,outer_2,55.71797201188356,0.7920792079207921,0.8269841269841269,0.8091554149154055,398.93448172107514,0.44529750479846447,375.23440875168177,124.67716791818646,630,1010
development,False,machine01_tx_bond0,ridge,point,mad,8.025502000004447,outer_2,55.71797201188356,0.44734540911930043,1.0,0.6181598480925254,148.76845493203086,0.002831524303916942,148.76845493203086,1500.715358622588,2119,8005
development,False,machine01_tx_bond0,lightgbm,point,q90,32.763333333333335,outer_2,55.383498557507004,0.7651143790849673,0.9911154985192497,0.8635734181740614,251.5487178084076,0.1952191235059761,249.57518039302292,368.1673424823338,1013,2448
development,False,machine01_tx_bond0,lightgbm,point,q95,106.06527777777778,outer_2,55.383498557507004,0.7731685789938217,0.9587301587301588,0.8560085163386215,359.55109964932535,0.43211920529801323,358.69029012471776,134.87570926118738,630,1133
development,False,machine01_tx_bond0,lightgbm,point,mad,8.025502000004447,outer_2,55.383498557507004,0.8558758314855875,1.0,0.9223416965352449,153.750764498506,0.10099103350637093,153.750764498506,379.64070149320986,2119,3608
development,False,machine01_rx_bond0,persistence,point,q90,23.283000000000005,outer_2,23.29577219965851,1.0,1.0,1.0,129.50237242948262,0.5995260663507109,129.50237242948262,0.2560177619433953,844,845
development,False,machine01_rx_bond0,persistence,point,q95,44.76672222222226,outer_2,23.29577219965851,1.0,1.0,1.0,203.95034823811403,0.8289473684210527,203.95034823811403,0.2560177619433953,380,381
development,False,machine01_rx_bond0,persistence,point,mad,15.705899111115556,outer_2,23.29577219965851,1.0,1.0,1.0,96.95414473886508,0.49003067484662577,96.95414473886508,0.2560177619433953,1304,1305
development,False,machine01_rx_bond0,ridge,point,q90,23.283000000000005,outer_2,18.12777280554524,0.8006853226727584,0.8827014218009479,0.839695423596029,104.47999983331643,0.2859060402684564,94.33202143815022,257.5538685150557,844,1751
development,False,machine01_rx_bond0,ridge,point,q95,44.76672222222226,outer_2,18.12777280554524,0.6986899563318777,0.7263157894736842,0.7122350891906714,228.51719027347414,0.6159420289855072,185.91408541547483,105.22330015873547,380,687
development,False,machine01_rx_bond0,ridge,point,mad,15.705899111115556,outer_2,18.12777280554524,0.8571428571428571,0.9371165644171779,0.8953474172670655,70.66072035926175,0.11538461538461539,66.8487677316346,352.0244226721685,1304,2597
development,False,machine01_rx_bond0,lightgbm,point,q90,23.283000000000005,outer_2,18.366673979577076,0.7513126491646778,0.9964454976303317,0.8566884473640696,93.66346766825501,0.29488703923900117,93.38948942354132,321.0462734770177,844,2095
development,False,machine01_rx_bond0,lightgbm,point,q95,44.76672222222226,outer_2,18.366673979577076,0.6043243243243244,0.9105263157894737,0.7264784870509137,190.57815723355966,0.5895953757225434,181.0659893723109,148.2342841652259,380,925
development,False,machine01_rx_bond0,lightgbm,point,mad,15.705899111115556,outer_2,18.366673979577076,0.8162962962962963,1.0,0.8988580750407831,68.14579598517192,0.19095092024539878,68.14579598517192,357.4007956729798,1304,2700
development,False,averageRttWithGoogleDns,persistence,point,q90,3.0879000000000016,outer_2,0.4196355840077303,1.0,1.0,1.0,3.353202551834131,0.6746411483253588,3.353202551834131,0.0,627,627
development,False,averageRttWithGoogleDns,persistence,point,q95,4.2397500000000035,outer_2,0.4196355840077303,1.0,1.0,1.0,6.321873684210526,0.6175438596491228,6.321873684210526,0.0,285,285
development,False,averageRttWithGoogleDns,persistence,point,mad,2.867925800004448,outer_2,0.4196355840077303,1.0,1.0,1.0,2.1424835271317826,0.6812015503875969,2.1424835271317826,0.0,1032,1032
development,False,averageRttWithGoogleDns,ridge,point,q90,3.0879000000000016,outer_2,0.4281653057269236,0.6514925373134328,0.8149920255183413,0.7241279397716601,3.6219015513657142,0.4657534246575342,3.028481979622538,204.5992585384983,627,1340
development,False,averageRttWithGoogleDns,ridge,point,q95,4.2397500000000035,outer_2,0.4281653057269236,0.760797342192691,0.624561403508772,0.6859806635645348,8.133717812860635,0.4157303370786517,5.986419227873823,30.356705428510605,285,301
development,False,averageRttWithGoogleDns,ridge,point,mad,2.867925800004448,outer_2,0.4281653057269236,0.42936716695033267,1.0,0.600779389478242,1.9503824202011681,0.1434108527131783,1.9503824202011681,1340.3842860344803,1032,6463
development,False,averageRttWithGoogleDns,lightgbm,point,q90,3.0879000000000016,outer_2,0.5601967148076067,0.4632390745501285,0.8181818181818182,0.5915523781733295,3.8308529161159477,0.5087719298245614,3.448872073501888,353.42115588314783,627,1945
development,False,averageRttWithGoogleDns,lightgbm,point,q95,4.2397500000000035,outer_2,0.5601967148076067,0.3772357723577236,0.5543859649122806,0.4489680935758467,7.6978303889471515,0.45569620253164556,6.822697439398968,112.78873480349061,285,615
development,False,averageRttWithGoogleDns,lightgbm,point,mad,2.867925800004448,outer_2,0.5601967148076067,0.5611660593440916,0.9912790697674418,0.716640039458306,2.30542163886554,0.32649071358748777,2.287439251733709,695.7362000241576,1032,3842
development,False,jitterWithGoogleDns,persistence,point,q90,0.2469999999999999,outer_2,0.37314758670870724,1.0,1.0,1.0,2.255190114068441,0.7629911280101395,2.255190114068441,0.0,789,789
development,False,jitterWithGoogleDns,persistence,point,q95,0.6380499999999992,outer_2,0.37314758670870724,1.0,1.0,1.0,3.236649269311065,0.7870563674321504,3.236649269311065,0.0,479,479
development,False,jitterWithGoogleDns,persistence,point,mad,0.05303020000444726,outer_2,0.37314758670870724,1.0,1.0,1.0,1.331913942628419,0.6771180787191461,1.331913942628419,0.0,1499,1499
development,False,jitterWithGoogleDns,ridge,point,q90,0.2469999999999999,outer_2,0.33100163948438543,0.6431560071727436,0.7237008871989861,0.6810553100545547,2.42325793971141,0.4763572679509632,1.898272399727948,273.06476951169077,789,1673
development,False,jitterWithGoogleDns,ridge,point,q95,0.6380499999999992,outer_2,0.33100163948438543,0.6314363143631436,0.3695198329853862,0.4662107167081167,5.354346095566545,0.6214689265536724,2.94055797248138,47.575713018370806,479,369
development,False,jitterWithGoogleDns,ridge,point,mad,0.05303020000444726,outer_2,0.33100163948438543,0.5314625850340136,1.0,0.6940588561910049,1.0756530195917633,0.0020013342228152103,1.0756530195917633,1668.371227878597,1499,8232
development,False,jitterWithGoogleDns,lightgbm,point,q90,0.2469999999999999,outer_2,0.339453736807541,0.6252873563218391,0.7756653992395437,0.6924056003394145,2.244456885473797,0.5065359477124183,1.932496131157214,279.50731398292845,789,1740
development,False,jitterWithGoogleDns,lightgbm,point,q95,0.6380499999999992,outer_2,0.339453736807541,0.5709969788519638,0.569937369519833,0.5704666821453448,3.5479180810449464,0.6776556776556777,2.9183981501021536,96.39037689659501,479,662
development,False,jitterWithGoogleDns,lightgbm,point,mad,0.05303020000444726,outer_2,0.339453736807541,0.6394633873672443,0.9993328885923949,0.779885582388917,1.1329443869529332,0.22830440587449932,1.1322105421269677,958.7001753545658,1499,5367
development,False,cluster_UM,persistence,point,q90,122228619264.0,outer_2,1042314122.8689455,1.0,1.0,1.0,7580146247.44186,0.29651162790697677,7580146247.44186,0.0,688,688
development,False,cluster_UM,persistence,point,q95,129458165760.0,outer_2,1042314122.8689455,1.0,1.0,1.0,11236939283.292753,0.3536231884057971,11236939283.292753,0.0,345,345
development,False,cluster_UM,persistence,point,mad,131456119360.3072,outer_2,1042314122.8689455,1.0,1.0,1.0,12913978090.743683,0.4007220216606498,12913978090.743683,0.0,277,277
development,False,cluster_UM,ridge,point,q90,122228619264.0,outer_2,1062872941.5920458,0.8486707566462167,0.9651162790697675,0.9031556039173014,6138321380.38062,0.21385542168674698,6028435917.305159,77.49597971180755,688,978
development,False,cluster_UM,ridge,point,q95,129458165760.0,outer_2,1062872941.5920458,1.0,0.8318840579710145,0.9082278481012658,9403162597.406927,0.40069686411149824,9408946421.67058,-10.118901809503534,345,246
development,False,cluster_UM,ridge,point,mad,131456119360.3072,outer_2,1062872941.5920458,1.0,0.7617328519855595,0.8647540983606558,10354399988.975618,0.4218009478672986,10920416873.849863,-13.574136573724253,277,156
development,False,cluster_UM,lightgbm,point,q90,122228619264.0,outer_2,1301076111.0727248,0.7238175675675675,1.0,0.8397844194022538,5206637374.250943,0.19622093023255813,5206637374.250943,122.4140316466769,688,1184
development,False,cluster_UM,lightgbm,point,q95,129458165760.0,outer_2,1301076111.0727248,0.8106508875739645,0.9536231884057971,0.8763439814904829,7942378668.936053,0.3434650455927052,7905702443.771446,2.221222348427605,345,338
development,False,cluster_UM,lightgbm,point,mad,131456119360.3072,outer_2,1301076111.0727248,0.8432203389830508,0.855595667870036,0.8493629282787807,9350838087.966043,0.3206751054852321,9227418511.742899,-0.2468024831586228,277,236
development,False,cluster_UM,ridge,c1_bottom_up,q90,122230747955.2,outer_2,1104382836.436448,0.837948717948718,0.9781976744186046,0.9026579472055068,6232581933.575494,0.23328380386329867,6151599011.777195,74.53434991390408,688,975
development,False,cluster_UM,ridge,c1_bottom_up,q95,129465074073.59999,outer_2,1104382836.436448,1.0,0.7623188405797101,0.8651315789473684,9501670062.275978,0.44866920152091255,9821422175.423792,-18.510186236896708,345,188
