experiment_stage,eligible_for_final_claims,resolution,factor,target,model,horizon_steps,wallclock_horizon_sec,context_steps,outer_fold,mae,mase,mase_valid,peak_recall,peak_magnitude_mae,train_seconds,infer_seconds,n_test
development,False,native,1,cluster_mean_CU,persistence,1,42.285166,32,outer_0,1.3395330964227814,1.3063091627227412,True,1.0,7.353112258141876,1.820800025598146e-05,1.7499987734481692e-06,8276
development,False,native,1,cluster_mean_CU,ridge,1,42.285166,32,outer_0,1.2557048729676177,1.224560099047731,True,0.9818181818181818,6.818875054445471,0.007384166998235742,0.0001622500021767337,8276
development,False,native,1,cluster_mean_CU,persistence,8,338.281328,32,outer_0,1.3394145173648353,1.3061935247364045,True,1.0,7.3693209443966445,2.89999989036005e-05,7.204199937405065e-05,8269
development,False,native,1,cluster_mean_CU,ridge,8,338.281328,32,outer_0,1.254969648818895,1.2238431103860128,True,0.9817671809256662,6.830108124685399,0.005604125002719229,0.0010979580001730938,8269
development,False,native,1,cluster_UM,persistence,1,42.285166,32,outer_0,1294154012.0869985,1.4945747471212496,True,1.0,8477078433.344538,1.9290997443022206e-05,2.0000006770715117e-06,8276
development,False,native,1,cluster_UM,ridge,1,42.285166,32,outer_0,1358694507.6124406,1.5691103849805041,True,0.9951980792316927,6998490690.404047,0.000865624999278225,0.00014733300122315995,8276
development,False,native,1,cluster_UM,persistence,8,338.281328,32,outer_0,1291570370.298706,1.4915909865051837,True,1.0,8509157163.027811,2.599999788799323e-05,6.741700053680688e-05,8269
development,False,native,1,cluster_UM,ridge,8,338.281328,32,outer_0,1357156730.2391167,1.567334457844013,True,0.9951632406287787,7026863108.557362,0.006003416998282773,0.0013452919993142132,8269
development,False,native,1,machine01_DWT,persistence,1,42.285166,32,outer_0,15221065.07279147,1.5878048351506426,True,1.0,142896039.94246048,1.758399957907386e-05,1.8330028979107738e-06,7979
development,False,native,1,machine01_DWT,ridge,1,42.285166,32,outer_0,16461154.290743522,1.7171663250901466,True,0.9321357285429142,129665643.9996512,0.0010220000003755558,0.000136500002554385,7979
development,False,native,1,machine01_DWT,persistence,8,338.281328,32,outer_0,15351644.764977008,1.601426422446482,True,1.0,142896039.94246048,2.4708002456463873e-05,6.554200081154704e-05,7909
development,False,native,1,machine01_DWT,ridge,8,338.281328,32,outer_0,16575247.512118064,1.729068105135765,True,0.93812375249501,129233000.79026471,0.005314207999617793,0.0011371670007065404,7909
development,False,native,1,machine01_tx_bond0,persistence,1,42.285166,32,outer_0,49.813159476236564,2.006674316607653,True,0.9986263736263736,307.774395779532,1.7541999113745987e-05,1.7089987522922456e-06,7473
development,False,native,1,machine01_tx_bond0,ridge,1,42.285166,32,outer_0,44.85616551510368,1.8069866723390764,True,0.8736263736263736,287.5975102783145,0.0008162080011970829,0.00013504199887393042,7473
development,False,native,1,machine01_tx_bond0,persistence,8,338.281328,32,outer_0,49.46389347951344,1.992604478182266,True,1.0,307.82984672134813,2.5499997718725353e-05,6.429199856938794e-05,7307
development,False,native,1,machine01_tx_bond0,ridge,8,338.281328,32,outer_0,44.52767405407328,1.7937537157266958,True,0.8746438746438746,289.1113348160778,0.005091333001473686,0.0016003329983504955,7307
development,False,native,1,averageRttWithGoogleDns,persistence,1,42.285166,32,outer_0,0.2731413931926314,0.7026766572388125,True,0.9887640449438202,8.409204545454545,1.7334001313429326e-05,1.8749997252598405e-06,8197
development,False,native,1,averageRttWithGoogleDns,ridge,1,42.285166,32,outer_0,0.35306911136897506,0.9082966885801264,True,0.2247191011235955,22.382414499059472,0.000967125000897795,0.0001597500013303943,8197
development,False,native,1,averageRttWithGoogleDns,persistence,8,338.281328,32,outer_0,0.2650880626223092,0.6819588621853097,True,1.0,8.243141176470587,2.7582998882280663e-05,6.912499884492718e-05,8176
development,False,native,1,averageRttWithGoogleDns,ridge,8,338.281328,32,outer_0,0.33754161746231104,0.8683510494878635,True,0.2,20.759346798935507,0.005365958000766113,0.0010864590003620833,8176
development,False,native,1,jitterWithGoogleDns,persistence,1,42.285166,32,outer_0,0.28628376235208003,0.8999381768480046,True,1.0,2.838774535809018,1.7082998965634033e-05,1.6660014807712287e-06,8197
development,False,native,1,jitterWithGoogleDns,ridge,1,42.285166,32,outer_0,0.28041284195434285,0.8814828325569036,True,0.3978779840848806,4.483053511273664,0.0008335839993378613,0.00014024999836692587,8197
development,False,native,1,jitterWithGoogleDns,persistence,8,338.281328,32,outer_0,0.2843819716242662,0.8939598633513754,True,1.0,2.8330215053763443,2.725000013015233e-05,6.783299977541901e-05,8176
development,False,native,1,jitterWithGoogleDns,ridge,8,338.281328,32,outer_0,0.27818916758793116,0.8744926720295627,True,0.3978494623655914,4.506501099138779,0.005973999999696389,0.0013622080005006865,8176
development,False,2x,2,cluster_mean_CU,persistence,1,84.570332,16,outer_0,1.5923687343443653,1.4318377231025117,True,1.0,9.899776951089281,1.537499701953493e-05,1.3749995559919626e-06,4138
development,False,2x,2,cluster_mean_CU,ridge,1,84.570332,16,outer_0,1.372399989731228,1.2340446242758933,True,0.9799426934097422,8.33675542207484,0.0005784169989055954,0.0001095000006898772,4138
development,False,2x,2,cluster_mean_CU,persistence,8,676.562656,16,outer_0,1.591329180315065,1.430902969334586,True,1.0,9.95625015247369,2.1666997781721875e-05,3.9041999116307124e-05,4131
development,False,2x,2,cluster_mean_CU,ridge,8,676.562656,16,outer_0,1.370834274331926,1.232636752892833,True,0.9797687861271677,8.378217775231155,0.0033669999975245446,0.0006347079979605041,4131
development,False,2x,2,cluster_UM,persistence,1,84.570332,16,outer_0,1470935775.4586756,1.505976926279223,True,1.0,7589640842.091287,1.8708000425249338e-05,1.625001459615305e-06,4138
development,False,2x,2,cluster_UM,ridge,1,84.570332,16,outer_0,1491443605.6035738,1.5269733011866453,True,0.966804979253112,6671644223.874852,0.0005754580015491229,8.69169998622965e-05,4138
development,False,2x,2,cluster_UM,persistence,8,676.562656,16,outer_0,1463730690.1069958,1.4986001988431672,True,1.0,7602565305.008404,2.1916999685345218e-05,3.608399856602773e-05,4131
development,False,2x,2,cluster_UM,ridge,8,676.562656,16,outer_0,1485095960.7630067,1.5204744405119646,True,0.9663865546218487,6680210623.217723,0.0035301249990880024,0.0006127500018919818,4131
development,False,2x,2,machine01_DWT,persistence,1,84.570332,16,outer_0,14109280.920981156,1.5264818334208738,True,1.0,108152345.8073165,1.529200017102994e-05,1.45800004247576e-06,4138
development,False,2x,2,machine01_DWT,ridge,1,84.570332,16,outer_0,15282715.13961836,1.653435575960685,True,0.8678571428571429,102112729.39543964,0.0005756659993494395,9.620800119591877e-05,4138
development,False,2x,2,machine01_DWT,persistence,8,676.562656,16,outer_0,14078307.638397487,1.5231308367648306,True,0.9964285714285714,107841919.44342396,1.9082999642705545e-05,3.22499981848523e-05,4131
development,False,2x,2,machine01_DWT,ridge,8,676.562656,16,outer_0,15241952.040139494,1.6490254198955459,True,0.8642857142857143,101618532.18583499,0.0032273329998133704,0.000847625000460539,4131
development,False,2x,2,machine01_tx_bond0,persistence,1,84.570332,16,outer_0,47.91784490180719,2.0241865277506723,True,1.0,246.49479306048687,1.4958000974729657e-05,1.958000211743638e-06,4138
development,False,2x,2,machine01_tx_bond0,ridge,1,84.570332,16,outer_0,42.09811355673334,1.7783444660309367,True,0.8133640552995391,245.1135520907964,0.0005923340031586122,0.00011187499694642611,4138
development,False,2x,2,machine01_tx_bond0,persistence,8,676.562656,16,outer_0,47.90915744998799,2.023819544991557,True,1.0,247.24433814152823,2.0083996787434444e-05,3.933300104108639e-05,4131
development,False,2x,2,machine01_tx_bond0,ridge,8,676.562656,16,outer_0,42.05301013137023,1.776439168616946,True,0.8125,246.0760765148923,0.0033634999999776483,0.000994124999124324,4131
development,False,2x,2,averageRttWithGoogleDns,persistence,1,84.570332,16,outer_0,0.33238641855969064,0.9038721012270606,True,1.0,8.154732142857142,1.591700129210949e-05,1.625001459615305e-06,4138
development,False,2x,2,averageRttWithGoogleDns,ridge,1,84.570332,16,outer_0,0.4097828267426159,1.114339347135801,True,0.375,18.113939424345865,0.0006461249977292027,0.00012991600306122564,4138
development,False,2x,2,averageRttWithGoogleDns,persistence,8,676.562656,16,outer_0,0.3328583877995643,0.9051555466530431,True,1.0,8.154732142857142,2.070800110232085e-05,3.858299896819517e-05,4131
development,False,2x,2,averageRttWithGoogleDns,ridge,8,676.562656,16,outer_0,0.41044598352595923,1.1161426967365486,True,0.375,18.11407211334598,0.003449750001891516,0.0007671669991395902,4131
development,False,2x,2,jitterWithGoogleDns,persistence,1,84.570332,16,outer_0,0.2779706379893669,0.9265023021034045,True,1.0,2.2962930232558145,1.6999998479150236e-05,1.5420009731315076e-06,4138
development,False,2x,2,jitterWithGoogleDns,ridge,1,84.570332,16,outer_0,0.26496651257653797,0.8831583280096793,True,0.26976744186046514,3.462644523789938,0.000590666000789497,0.00014658299915026873,4138
development,False,2x,2,jitterWithGoogleDns,persistence,8,676.562656,16,outer_0,0.27827075768579035,0.9275026293021842,True,1.0,2.2962930232558145,2.0916999346809462e-05,3.5624998417915776e-05,4131
development,False,2x,2,jitterWithGoogleDns,ridge,8,676.562656,16,outer_0,0.2649979041943932,0.8832629592269186,True,0.26976744186046514,3.4626035451272914,0.003674083000078099,0.0007598329975735396,4131
development,False,approx_3min,4,cluster_mean_CU,persistence,1,169.140664,8,outer_0,1.736330490282924,1.4581447695938607,True,1.0,8.989109494150998,1.6000001778593287e-05,1.6670019249431789e-06,2069
development,False,approx_3min,4,cluster_mean_CU,ridge,1,169.140664,8,outer_0,1.329778105864745,1.1167280656755387,True,0.5581395348837209,7.488831020697909,0.0010581659989838954,0.0001170840005215723,2069
development,False,approx_3min,4,cluster_mean_CU,persistence,8,1353.125312,8,outer_0,1.7186606869332,1.4433059290169417,True,1.0,8.955243313667543,1.8292001186637208e-05,2.058299651253037e-05,2062
development,False,approx_3min,4,cluster_mean_CU,ridge,8,1353.125312,8,outer_0,1.3181371770837271,1.1069521851561048,True,0.5588235294117647,7.512061293953072,0.0029627080002683215,0.0005316250026226044,2062
development,False,approx_3min,4,cluster_UM,persistence,1,169.140664,8,outer_0,1903932076.481392,1.562037272755175,True,1.0,8627562942.836363,1.5583002095809206e-05,1.5420009731315076e-06,2069
development,False,approx_3min,4,cluster_UM,ridge,1,169.140664,8,outer_0,1730295225.3546765,1.4195809127126366,True,0.8763636363636363,7048299440.959068,0.0005313330002536532,6.916699931025505e-05,2069
development,False,approx_3min,4,cluster_UM,persistence,8,1353.125312,8,outer_0,1890397664.217265,1.550933275568221,True,1.0,8629710092.280443,1.7750000552041456e-05,2.0500003302004188e-05,2062
development,False,approx_3min,4,cluster_UM,ridge,8,1353.125312,8,outer_0,1719406730.8494904,1.4106476978824507,True,0.8745387453874539,7047431416.303314,0.0036741670010087546,0.00042445899816812016,2062
development,False,approx_3min,4,machine01_DWT,persistence,1,169.140664,8,outer_0,11709597.057315279,1.4597085701895556,True,1.0,69957621.5028126,1.633300053072162e-05,1.8339997041039169e-06,2069
development,False,approx_3min,4,machine01_DWT,ridge,1,169.140664,8,outer_0,13420836.651160687,1.6730302659368341,True,0.803030303030303,79121881.32293724,0.0005211249990679789,6.541599941556342e-05,2069
development,False,approx_3min,4,machine01_DWT,persistence,8,1353.125312,8,outer_0,11594656.671650348,1.4453801978984548,True,1.0,69668853.38090898,1.716599945211783e-05,2.037499871221371e-05,2062
development,False,approx_3min,4,machine01_DWT,ridge,8,1353.125312,8,outer_0,13311242.284002434,1.6593683238390518,True,0.8015267175572519,78725630.73986897,0.0026648750026652124,0.0005238750018179417,2062
development,False,approx_3min,4,machine01_tx_bond0,persistence,1,169.140664,8,outer_0,41.18306237038437,1.893434795349335,True,1.0,185.7350720928643,1.6040998161770403e-05,1.625001459615305e-06,2069
development,False,approx_3min,4,machine01_tx_bond0,ridge,1,169.140664,8,outer_0,38.09730632876556,1.7515639017617304,True,0.5512820512820513,216.2299305966353,0.0006070419985917397,6.658300117123872e-05,2069
development,False,approx_3min,4,machine01_tx_bond0,persistence,8,1353.125312,8,outer_0,41.016671214512726,1.8857847861943011,True,1.0,186.1729578295201,1.912500010803342e-05,2.2374999389285222e-05,2062
development,False,approx_3min,4,machine01_tx_bond0,ridge,8,1353.125312,8,outer_0,37.920968210265976,1.74345657049261,True,0.5584415584415584,216.2375245536814,0.002658749999682186,0.00037599999996018596,2062
development,False,approx_3min,4,averageRttWithGoogleDns,persistence,1,169.140664,8,outer_0,0.3523321652972451,1.052276157942438,True,1.0,8.359616666666666,1.6709000192349777e-05,1.624997821636498e-06,2069
development,False,approx_3min,4,averageRttWithGoogleDns,ridge,1,169.140664,8,outer_0,0.39251881913944464,1.1722977224509088,True,0.44,15.562396231274597,0.000513833001605235,6.741600009263493e-05,2069
development,False,approx_3min,4,averageRttWithGoogleDns,persistence,8,1353.125312,8,outer_0,0.3533228661493695,1.0552349876747853,True,1.0,8.359616666666666,1.879199771792628e-05,2.13330022234004e-05,2062
development,False,approx_3min,4,averageRttWithGoogleDns,ridge,8,1353.125312,8,outer_0,0.3934289203705434,1.1750158331462275,True,0.44,15.56261806236384,0.002885166999476496,0.0003828750013781246,2062
development,False,approx_3min,4,jitterWithGoogleDns,persistence,1,169.140664,8,outer_0,0.2579507410987595,0.9881332594331074,True,1.0,1.745234848484849,2.2083000658312812e-05,2.291999408043921e-06,2069
development,False,approx_3min,4,jitterWithGoogleDns,ridge,1,169.140664,8,outer_0,0.2355149344815556,0.9021882971265999,True,0.19090909090909092,2.3359407264361822,0.0005220000020926818,6.020799992256798e-05,2069
development,False,approx_3min,4,jitterWithGoogleDns,persistence,8,1353.125312,8,outer_0,0.2587072421597155,0.9910311920226512,True,1.0,1.745234848484849,1.8583999917609617e-05,2.2125001123640686e-05,2062
development,False,approx_3min,4,jitterWithGoogleDns,ridge,8,1353.125312,8,outer_0,0.23497966619915137,0.9001378421044112,True,0.19090909090909092,2.335923186755725,0.0029758749988104682,0.00037774999873363413,2062
development,False,approx_5min,7,cluster_mean_CU,persistence,1,295.99616199999997,5,outer_0,1.7705412617132257,1.5188900187448433,True,1.0,8.461819914740582,1.4958000974729657e-05,1.45800004247576e-06,1182
development,False,approx_5min,7,cluster_mean_CU,ridge,1,295.99616199999997,5,outer_0,1.2210265469665875,1.047479138111395,True,0.023809523809523808,5.839928974024643,0.00054854099653312,6.175000089569949e-05,1182
development,False,approx_5min,7,cluster_mean_CU,persistence,8,2367.9692959999998,5,outer_0,1.7609609944729683,1.5106714176860605,True,1.0,8.519407114498021,1.758299913490191e-05,1.716699989628978e-05,1175
development,False,approx_5min,7,cluster_mean_CU,ridge,8,2367.9692959999998,5,outer_0,1.2129592597482417,1.040558473623499,True,0.024096385542168676,5.841156194046506,0.0026132499988307245,0.0003449579999141861,1175
development,False,approx_5min,7,cluster_UM,persistence,1,295.99616199999997,5,outer_0,2091418923.749577,1.4951276949158092,True,1.0,6891323399.223987,2.849999873433262e-05,2.625001798151061e-06,1182
development,False,approx_5min,7,cluster_UM,ridge,1,295.99616199999997,5,outer_0,1928103546.2044246,1.3783756940609933,True,0.8271604938271605,5867808333.948447,0.0005176250015210826,5.8750003518071026e-05,1182
development,False,approx_5min,7,cluster_UM,persistence,8,2367.9692959999998,5,outer_0,2077883031.5769,1.4854510648380435,True,1.0,6913284813.906363,1.6125002730404958e-05,1.662499926169403e-05,1175
development,False,approx_5min,7,cluster_UM,ridge,8,2367.9692959999998,5,outer_0,1919488153.3153756,1.3722166637659512,True,0.8235294117647058,5903735058.06702,0.0027166250001755543,0.0003454159996181261,1175
development,False,approx_5min,7,machine01_DWT,persistence,1,295.99616199999997,5,outer_0,12892682.462474769,1.3653459564984352,True,1.0,67374902.64087039,1.966700074262917e-05,2.0420011423993856e-06,1182
development,False,approx_5min,7,machine01_DWT,ridge,1,295.99616199999997,5,outer_0,14143807.381494338,1.4978411415950752,True,0.7076923076923077,86015683.88962929,0.0006047499991836958,6.170800043037161e-05,1182
development,False,approx_5min,7,machine01_DWT,persistence,8,2367.9692959999998,5,outer_0,12838637.146410584,1.3596225119033567,True,1.0,67374902.64087039,1.6250000044237822e-05,1.620799957890995e-05,1175
development,False,approx_5min,7,machine01_DWT,ridge,8,2367.9692959999998,5,outer_0,14114626.588251138,1.494750870956829,True,0.7076923076923077,86014685.66200255,0.0030017499993846286,0.00039245800144271925,1175
development,False,approx_5min,7,machine01_tx_bond0,persistence,1,295.99616199999997,5,outer_0,35.72390807440197,1.8675473191186682,True,1.0,129.70561893810014,1.591700129210949e-05,1.5000005078036338e-06,1182
development,False,approx_5min,7,machine01_tx_bond0,ridge,1,295.99616199999997,5,outer_0,35.1302139657551,1.8365106296649045,True,0.5975609756097561,140.36542606962288,0.0004972910028300248,5.762499858974479e-05,1182
development,False,approx_5min,7,machine01_tx_bond0,persistence,8,2367.9692959999998,5,outer_0,35.49043321402792,1.8553418977894829,True,1.0,129.14159848753047,1.5624998923158273e-05,1.6040998161770403e-05,1175
development,False,approx_5min,7,machine01_tx_bond0,ridge,8,2367.9692959999998,5,outer_0,35.01427331129638,1.8304495722363532,True,0.6012269938650306,140.38160535369678,0.002581541997642489,0.000338249999913387,1175
development,False,approx_5min,7,averageRttWithGoogleDns,persistence,1,295.99616199999997,5,outer_0,0.3647200870195794,1.1013989622314313,True,1.0,12.782329365079368,1.4708002709085122e-05,1.3749995559919626e-06,1182
development,False,approx_5min,7,averageRttWithGoogleDns,ridge,1,295.99616199999997,5,outer_0,0.37663100499740687,1.1373681154722248,True,0.5833333333333334,14.699145326290784,0.0009075000016309787,8.2665999798337e-05,1182
development,False,approx_5min,7,averageRttWithGoogleDns,persistence,8,2367.9692959999998,5,outer_0,0.3647450455927052,1.1014743333105625,True,1.0,12.782329365079368,1.733299723127857e-05,1.716599945211783e-05,1175
development,False,approx_5min,7,averageRttWithGoogleDns,ridge,8,2367.9692959999998,5,outer_0,0.37752814564714615,1.1400773432218483,True,0.5833333333333334,14.698116766728395,0.0027340000015101396,0.0003291670000180602,1175
development,False,approx_5min,7,jitterWithGoogleDns,persistence,1,295.99616199999997,5,outer_0,0.22929510111997425,0.9600026544024755,True,1.0,1.43365873015873,1.3958000636193901e-05,1.5410005289595574e-06,1182
development,False,approx_5min,7,jitterWithGoogleDns,ridge,1,295.99616199999997,5,outer_0,0.20470524124540584,0.8570509095301808,True,0.23809523809523808,1.014814359331858,0.0004940829967381433,5.8292000176152214e-05,1182
development,False,approx_5min,7,jitterWithGoogleDns,persistence,8,2367.9692959999998,5,outer_0,0.22707971631205676,0.9507273786301819,True,0.9836065573770492,1.442422619047619,1.870900086942129e-05,1.7374997696606442e-05,1175
development,False,approx_5min,7,jitterWithGoogleDns,ridge,8,2367.9692959999998,5,outer_0,0.20360627207382492,0.8524497936900646,True,0.2459016393442623,1.0135919766632395,0.003701041998283472,0.0003860420001728926,1175
development,False,native,1,cluster_mean_CU,persistence,1,42.285166,32,outer_1,1.0552762254921197,0.9695430417325795,True,1.0,7.688403810430975,2.0250001398380846e-05,1.958000211743638e-06,8276
development,False,native,1,cluster_mean_CU,ridge,1,42.285166,32,outer_1,1.0040855203986057,0.9225111928897273,True,0.9820051413881749,7.1691937560620085,0.0015377089985122439,0.00015245900067384355,8276
development,False,native,1,cluster_mean_CU,persistence,8,338.281328,32,outer_1,1.055611723758723,0.969851283311458,True,1.0,7.688403810430975,3.920900053344667e-05,7.624999852851033e-05,8269
development,False,native,1,cluster_mean_CU,ridge,8,338.281328,32,outer_1,1.0045411548424104,0.9229298104932447,True,0.9820051413881749,7.169039733214255,0.009902292000333546,0.0010499160016479436,8269
development,False,native,1,cluster_UM,persistence,1,42.285166,32,outer_1,843922661.6452392,0.8660559197370332,True,1.0,9155978127.36,2.504199801478535e-05,2.082997525576502e-06,8276
development,False,native,1,cluster_UM,ridge,1,42.285166,32,outer_1,834422178.6472346,0.8563062709662057,True,0.94,7295053736.803168,0.0012821249983971938,0.00016195799980778247,8276
development,False,native,1,cluster_UM,persistence,8,338.281328,32,outer_1,844465442.1477809,0.8666129355498656,True,1.0,9155978127.36,3.908299913746305e-05,8.008399890968576e-05,8269
development,False,native,1,cluster_UM,ridge,8,338.281328,32,outer_1,835005834.3233938,0.8569052339712284,True,0.94,7294425124.591923,0.009706125001684995,0.001434290999895893,8269
development,False,native,1,machine01_DWT,persistence,1,42.285166,32,outer_1,5235345.267122638,0.45522479157561285,True,1.0,163250489.750447,2.0832998416153714e-05,1.9170001905877143e-06,7576
development,False,native,1,machine01_DWT,ridge,1,42.285166,32,outer_1,6899310.548662293,0.5999102344316591,True,0.7079646017699115,174497384.27316093,0.0012825830017391127,0.0001466249996155966,7576
development,False,native,1,machine01_DWT,persistence,8,338.281328,32,outer_1,5267041.348522698,0.4579808356019194,True,0.9911504424778761,161986247.82798076,4.68340003862977e-05,8.712500130059198e-05,7443
development,False,native,1,machine01_DWT,ridge,8,338.281328,32,outer_1,6940948.161704368,0.603530716511001,True,0.6991150442477876,172398982.896022,0.012072792000253685,0.001558791998832021,7443
development,False,native,1,machine01_tx_bond0,persistence,1,42.285166,32,outer_1,39.078021413551674,1.271153344038345,True,1.0,294.14854207434377,1.995799902942963e-05,2.0420011423993856e-06,7792
development,False,native,1,machine01_tx_bond0,ridge,1,42.285166,32,outer_1,45.498169388352686,1.4799917721927243,True,0.9335548172757475,340.3060961897245,0.0012893330022052396,0.00017554200167069212,7792
development,False,native,1,machine01_tx_bond0,persistence,8,338.281328,32,outer_1,38.34106089197566,1.2471810497015408,True,1.0,285.99319980391607,8.183400132111274e-05,0.0001262500009033829,7687
development,False,native,1,machine01_tx_bond0,ridge,8,338.281328,32,outer_1,44.99882959288649,1.463748947508715,True,0.9338983050847458,336.75139406451177,0.008902207999199163,0.001210166999953799,7687
development,False,native,1,averageRttWithGoogleDns,persistence,1,42.285166,32,outer_1,0.22476448439208066,0.7964798188494452,True,1.0,8.51543373493976,2.0415998733369634e-05,2.0420011423993856e-06,8233
development,False,native,1,averageRttWithGoogleDns,ridge,1,42.285166,32,outer_1,0.25381493997743615,0.8994235809153218,True,0.4819277108433735,13.121609760097448,0.0012509579973993823,0.00015699999858043157,8233
development,False,native,1,averageRttWithGoogleDns,persistence,8,338.281328,32,outer_1,0.2249588757756418,0.7971686679546918,True,1.0,8.51543373493976,3.8624999433523044e-05,7.724999886704609e-05,8219
development,False,native,1,averageRttWithGoogleDns,ridge,8,338.281328,32,outer_1,0.25330841502115825,0.8976286491826234,True,0.4819277108433735,13.12154723196549,0.009186790997773642,0.0010780000011436641,8219
development,False,native,1,jitterWithGoogleDns,persistence,1,42.285166,32,outer_1,0.21076830308198322,0.8034656940352705,True,1.0,2.92479020979021,2.058300015050918e-05,1.9999970390927047e-06,8209
development,False,native,1,jitterWithGoogleDns,ridge,1,42.285166,32,outer_1,0.20696962719478987,0.7889848365558055,True,0.32867132867132864,5.024789317085675,0.0012480419973144308,0.00015474999963771552,8209
development,False,native,1,jitterWithGoogleDns,persistence,8,338.281328,32,outer_1,0.2060564978645516,0.7855039142333514,True,1.0,2.8833886925795054,3.770800321944989e-05,6.891600060043857e-05,8195
development,False,native,1,jitterWithGoogleDns,ridge,8,338.281328,32,outer_1,0.20386945954744945,0.7771667485702171,True,0.3321554770318021,4.892189979601692,0.00945129200044903,0.0011323750004521571,8195
development,False,2x,2,cluster_mean_CU,persistence,1,84.570332,16,outer_1,1.116783835980783,0.9114019984816338,True,1.0,9.488720237785055,1.5375000657513738e-05,1.7499987734481692e-06,4138
development,False,2x,2,cluster_mean_CU,ridge,1,84.570332,16,outer_1,1.0215491179391976,0.8336813962025825,True,0.8711340206185567,8.882022941842967,0.0008607499985373579,0.00026916600108961575,4138
development,False,2x,2,cluster_mean_CU,persistence,8,676.562656,16,outer_1,1.1180169806067475,0.9124083619696352,True,1.0,9.488720237785055,2.9999999242136255e-05,4.654100121115334e-05,4131
development,False,2x,2,cluster_mean_CU,ridge,8,676.562656,16,outer_1,1.0200212094359422,0.8324344773105831,True,0.8711340206185567,8.886302461422245,0.004454291000001831,0.001015666999592213,4131
development,False,2x,2,cluster_UM,persistence,1,84.570332,16,outer_1,958848435.0391494,0.8606477739003692,True,1.0,9038721689.6,1.687500116531737e-05,1.9170001905877143e-06,4138
development,False,2x,2,cluster_UM,ridge,1,84.570332,16,outer_1,926718843.6093328,0.8318087412337819,True,0.895,7658506269.873306,0.0006785839977965225,8.983299994724803e-05,4138
development,False,2x,2,cluster_UM,persistence,8,676.562656,16,outer_1,959901106.0411522,0.8615926353835984,True,1.0,9038721689.6,2.516699896659702e-05,3.4249998861923814e-05,4131
development,False,2x,2,cluster_UM,ridge,8,676.562656,16,outer_1,927715349.0209721,0.8327031893372219,True,0.895,7657501405.570686,0.004384458999993512,0.0007769169969833456,4131
development,False,2x,2,machine01_DWT,persistence,1,84.570332,16,outer_1,4947294.663948565,0.45778825156032044,True,1.0,130316162.4478432,2.0749997929669917e-05,1.625001459615305e-06,4138
development,False,2x,2,machine01_DWT,ridge,1,84.570332,16,outer_1,6677626.860457324,0.6179011626894219,True,0.3584905660377358,119681248.45572357,0.0007439159999194089,0.00012187500033178367,4138
development,False,2x,2,machine01_DWT,persistence,8,676.562656,16,outer_1,4955656.825874081,0.4585620278860045,True,1.0,130316162.4478432,2.587499693618156e-05,3.608299812185578e-05,4131
development,False,2x,2,machine01_DWT,ridge,8,676.562656,16,outer_1,6685633.507682231,0.6186420421564688,True,0.3584905660377358,119630169.98645562,0.004944000000250526,0.0009072499997273553,4131
development,False,2x,2,machine01_tx_bond0,persistence,1,84.570332,16,outer_1,39.4319411022176,1.345550983401732,True,0.9971988795518207,256.7849797294,1.8374998035142198e-05,1.6660014807712287e-06,4138
development,False,2x,2,machine01_tx_bond0,ridge,1,84.570332,16,outer_1,42.48056993977891,1.4495804938885188,True,0.8235294117647058,282.8234592967786,0.0007083749987941701,0.00012704099935945123,4138
development,False,2x,2,machine01_tx_bond0,persistence,8,676.562656,16,outer_1,39.40122503372301,1.3445028474232879,True,1.0,257.21833491486626,2.5707999157020822e-05,3.654200190794654e-05,4131
development,False,2x,2,machine01_tx_bond0,ridge,8,676.562656,16,outer_1,42.47295213015496,1.4493205485004816,True,0.8253521126760563,287.2407832618644,0.004282792000594782,0.00116879100096412,4131
development,False,2x,2,averageRttWithGoogleDns,persistence,1,84.570332,16,outer_1,0.1998659980666989,0.7414781144880943,True,1.0,5.490527272727272,1.7708000086713582e-05,1.5839978004805744e-06,4138
development,False,2x,2,averageRttWithGoogleDns,ridge,1,84.570332,16,outer_1,0.2398260367050346,0.8897249117974427,True,0.6181818181818182,7.221239050073083,0.0006961660001252312,9.670800136518665e-05,4138
development,False,2x,2,averageRttWithGoogleDns,persistence,8,676.562656,16,outer_1,0.19459876543209878,0.7219373333634824,True,1.0,5.506292452830189,2.662499900907278e-05,3.96249997720588e-05,4131
development,False,2x,2,averageRttWithGoogleDns,ridge,8,676.562656,16,outer_1,0.23499150608380187,0.8717894015848936,True,0.6037735849056604,7.333103339590595,0.004361582999990787,0.0007333329995162785,4131
development,False,2x,2,jitterWithGoogleDns,persistence,1,84.570332,16,outer_1,0.20623791686805223,0.8380933896218953,True,1.0,2.3625718749999995,1.633300053072162e-05,1.7080019460991025e-06,4138
development,False,2x,2,jitterWithGoogleDns,ridge,1,84.570332,16,outer_1,0.20068493937334675,0.8155276373988969,True,0.28125,4.02687419903654,0.0006850829995528329,9.849999696598388e-05,4138
development,False,2x,2,jitterWithGoogleDns,persistence,8,676.562656,16,outer_1,0.1986062696683612,0.8070805033053623,True,1.0,2.24961935483871,2.725000013015233e-05,3.8540998502867296e-05,4131
development,False,2x,2,jitterWithGoogleDns,ridge,8,676.562656,16,outer_1,0.19582362550330887,0.7957726132926235,True,0.25806451612903225,4.055837656894156,0.004304125002818182,0.0007458330001099966,4131
development,False,approx_3min,4,cluster_mean_CU,persistence,1,169.140664,8,outer_1,1.076479412680491,0.838236304532551,True,1.0,8.536507496756967,1.841700213844888e-05,1.8339997041039169e-06,2069
development,False,approx_3min,4,cluster_mean_CU,ridge,1,169.140664,8,outer_1,0.921619030712352,0.7176491453445835,True,0.26373626373626374,5.786785995228165,0.0006124999999883585,6.887500057928264e-05,2069
development,False,approx_3min,4,cluster_mean_CU,persistence,8,1353.125312,8,outer_1,1.0796530449941704,0.8407075583170888,True,1.0,8.536507496756967,2.2415999410441145e-05,2.2542000806424767e-05,2062
development,False,approx_3min,4,cluster_mean_CU,ridge,8,1353.125312,8,outer_1,0.9228082980185448,0.7185752076734135,True,0.26373626373626374,5.808655644249541,0.00389004200042109,0.0004725840008177329,2062
development,False,approx_3min,4,cluster_UM,persistence,1,169.140664,8,outer_1,1142196496.7037215,0.8155968114112975,True,1.0,9057681319.384615,1.7250000382773578e-05,1.5830009942874312e-06,2069
development,False,approx_3min,4,cluster_UM,ridge,1,169.140664,8,outer_1,1031585143.833847,0.7366136706234296,True,0.8846153846153846,7784484243.047878,0.0005695840009138919,6.554100036737509e-05,2069
development,False,approx_3min,4,cluster_UM,persistence,8,1353.125312,8,outer_1,1145140052.1745877,0.8176986865817949,True,1.0,9057681319.384615,2.00829999812413e-05,2.1749998268205673e-05,2062
development,False,approx_3min,4,cluster_UM,ridge,8,1353.125312,8,outer_1,1034348669.3793769,0.73858699362844,True,0.8846153846153846,7778955288.537854,0.004217208999762079,0.0004072500014444813,2062
development,False,approx_3min,4,machine01_DWT,persistence,1,169.140664,8,outer_1,4635789.044193153,0.4968608361670173,True,1.0,90916664.00418334,1.4041001122677699e-05,1.624997821636498e-06,2069
development,False,approx_3min,4,machine01_DWT,ridge,1,169.140664,8,outer_1,6618548.006243782,0.7093716442323974,True,0.4117647058823529,113008324.17119321,0.0005501249979715794,6.566700176335871e-05,2069
development,False,approx_3min,4,machine01_DWT,persistence,8,1353.125312,8,outer_1,4651471.600469917,0.4985416822863354,True,1.0,90916664.00418334,2.0750001567648724e-05,2.216600114479661e-05,2062
development,False,approx_3min,4,machine01_DWT,ridge,8,1353.125312,8,outer_1,6617117.068919886,0.7092182773064057,True,0.4117647058823529,112948136.19029485,0.0030718330017407425,0.00039258399920072407,2062
development,False,approx_3min,4,machine01_tx_bond0,persistence,1,169.140664,8,outer_1,34.01215714672742,1.3349683745026204,True,1.0,195.8158940919367,1.4833000022917986e-05,1.4170000213198364e-06,2069
development,False,approx_3min,4,machine01_tx_bond0,ridge,1,169.140664,8,outer_1,39.045289859911364,1.532517532228467,True,0.5959595959595959,250.00021587702332,0.0007174999991548248,0.00017162499716505408,2069
development,False,approx_3min,4,machine01_tx_bond0,persistence,8,1353.125312,8,outer_1,34.057588141459824,1.3367515293001335,True,1.0,195.8158940919367,2.5749999622348696e-05,2.3332999262493104e-05,2062
development,False,approx_3min,4,machine01_tx_bond0,ridge,8,1353.125312,8,outer_1,39.07093068972994,1.5335239281696635,True,0.5858585858585859,252.46256171515273,0.0032474170002387837,0.0003917499998351559,2062
development,False,approx_3min,4,averageRttWithGoogleDns,persistence,1,169.140664,8,outer_1,0.20171145480908653,0.7947024062635819,True,1.0,5.21259375,1.4790999557590112e-05,1.6660014807712287e-06,2069
development,False,approx_3min,4,averageRttWithGoogleDns,ridge,1,169.140664,8,outer_1,0.230735306954249,0.9090505237794148,True,0.75,6.214753373129564,0.0005529579975700472,6.541699985973537e-05,2069
development,False,approx_3min,4,averageRttWithGoogleDns,persistence,8,1353.125312,8,outer_1,0.19588166828322018,0.7717342243896574,True,1.0,5.193358695652174,2.1042000298621133e-05,2.2542000806424767e-05,2062
development,False,approx_3min,4,averageRttWithGoogleDns,ridge,8,1353.125312,8,outer_1,0.22487071555589672,0.8859452177350239,True,0.7391304347826086,6.279899793854285,0.0036287920011091046,0.0003819580015260726,2062
development,False,approx_3min,4,jitterWithGoogleDns,persistence,1,169.140664,8,outer_1,0.17323775575962624,0.7947391753625072,True,1.0,1.6578183520599252,1.4792000001762062e-05,1.5419973351527005e-06,2069
development,False,approx_3min,4,jitterWithGoogleDns,ridge,1,169.140664,8,outer_1,0.1807779938129343,0.8293304949408898,True,0.23595505617977527,2.593685514030897,0.0005247080007393379,6.149999899207614e-05,2069
development,False,approx_3min,4,jitterWithGoogleDns,persistence,8,1353.125312,8,outer_1,0.16949672647914646,0.777576966626088,True,1.0,1.6466549019607843,2.1666997781721875e-05,2.28749995585531e-05,2062
development,False,approx_3min,4,jitterWithGoogleDns,ridge,8,1353.125312,8,outer_1,0.17600535877879425,0.807435729479938,True,0.2,2.746558231778571,0.003023458000825485,0.00036374999763211235,2062
development,False,approx_5min,7,cluster_mean_CU,persistence,1,295.99616199999997,5,outer_1,1.025355422434574,0.792073395071418,True,1.0,7.667395802557005,1.5249999705702066e-05,1.5410005289595574e-06,1182
development,False,approx_5min,7,cluster_mean_CU,ridge,1,295.99616199999997,5,outer_1,0.8310511027681471,0.6419758983518851,True,0.045454545454545456,4.55670365920669,0.0005294170005072374,6.137500167824328e-05,1182
development,False,approx_5min,7,cluster_mean_CU,persistence,8,2367.9692959999998,5,outer_1,1.0307339168731098,0.7962282103258091,True,1.0,7.667395802557005,1.7250000382773578e-05,1.6582998796366155e-05,1175
development,False,approx_5min,7,cluster_mean_CU,ridge,8,2367.9692959999998,5,outer_1,0.8333798590815548,0.6437748315599185,True,0.045454545454545456,4.601193258458629,0.0030179590030456893,0.0005627499995171092,1175
development,False,approx_5min,7,cluster_UM,persistence,1,295.99616199999997,5,outer_1,1282164455.8046896,0.818949368503592,True,1.0,8925115382.247618,1.4207998901838437e-05,1.45800004247576e-06,1182
development,False,approx_5min,7,cluster_UM,ridge,1,295.99616199999997,5,outer_1,1142325767.1082628,0.7296310246032882,True,0.65,8665065105.597721,0.0005847499996889383,6.0166999901412055e-05,1182
development,False,approx_5min,7,cluster_UM,persistence,8,2367.9692959999998,5,outer_1,1287294548.2232223,0.8222260822882411,True,1.0,8925115382.247618,1.599999814061448e-05,1.604200224392116e-05,1175
development,False,approx_5min,7,cluster_UM,ridge,8,2367.9692959999998,5,outer_1,1146569629.232345,0.7323416817196972,True,0.65,8670218883.399487,0.0028826670022681355,0.0003357499990670476,1175
development,False,approx_5min,7,machine01_DWT,persistence,1,295.99616199999997,5,outer_1,4477774.506525676,0.42614756050966285,True,1.0,86879176.71808064,1.300000076298602e-05,1.4159995771478862e-06,1182
development,False,approx_5min,7,machine01_DWT,ridge,1,295.99616199999997,5,outer_1,6965846.680579273,0.6629361450620356,True,0.0,,0.0004861249981331639,5.6834000133676454e-05,1182
development,False,approx_5min,7,machine01_DWT,persistence,8,2367.9692959999998,5,outer_1,4504366.893040743,0.42867834463579757,True,1.0,86879176.71808064,1.5416997484862804e-05,1.7624999600229785e-05,1175
development,False,approx_5min,7,machine01_DWT,ridge,8,2367.9692959999998,5,outer_1,6970613.087174439,0.6633897615940799,True,0.0,,0.0031706249974376988,0.0003219999998691492,1175
development,False,approx_5min,7,machine01_tx_bond0,persistence,1,295.99616199999997,5,outer_1,31.32494073074871,1.4069107259519682,True,1.0,160.70671338865264,1.3749999197898433e-05,1.4590004866477102e-06,1182
development,False,approx_5min,7,machine01_tx_bond0,ridge,1,295.99616199999997,5,outer_1,37.1624840750951,1.6690948563215633,True,0.5084745762711864,236.89891862385676,0.0005591670014837291,6.0708000091835856e-05,1182
development,False,approx_5min,7,machine01_tx_bond0,persistence,8,2367.9692959999998,5,outer_1,31.42861717603422,1.4115671913593415,True,1.0,160.70671338865264,1.6166999557754025e-05,1.6417001461377367e-05,1175
development,False,approx_5min,7,machine01_tx_bond0,ridge,8,2367.9692959999998,5,outer_1,37.26910556817575,1.6738835939450933,True,0.5,242.7266790172839,0.0026623339981597383,0.0003172920005454216,1175
development,False,approx_5min,7,averageRttWithGoogleDns,persistence,1,295.99616199999997,5,outer_1,0.18902425267907505,0.7230398676328735,True,1.0,3.3292089947089956,1.3792003301205114e-05,1.5419973351527005e-06,1182
development,False,approx_5min,7,averageRttWithGoogleDns,ridge,1,295.99616199999997,5,outer_1,0.22719279415353696,0.8690390015233249,True,0.2777777777777778,4.195500687289029,0.0005416249987320043,5.9250000049360096e-05,1182
development,False,approx_5min,7,averageRttWithGoogleDns,persistence,8,2367.9692959999998,5,outer_1,0.16963951367781155,0.6488909744463067,True,0.9333333333333333,3.397775510204082,1.604100179974921e-05,1.6707999748177826e-05,1175
development,False,approx_5min,7,averageRttWithGoogleDns,ridge,8,2367.9692959999998,5,outer_1,0.20855771588043512,0.7977576482739736,True,0.06666666666666667,4.9810762387314105,0.0028927499988640193,0.0003146660019410774,1175
development,False,approx_5min,7,jitterWithGoogleDns,persistence,1,295.99616199999997,5,outer_1,0.1625742889372331,0.8202069690151387,True,1.0,1.4423715986394556,1.458300175727345e-05,1.5420009731315076e-06,1182
development,False,approx_5min,7,jitterWithGoogleDns,ridge,1,295.99616199999997,5,outer_1,0.164797630547555,0.8314239965980882,True,0.23214285714285715,2.223634446572294,0.0004926670007989742,5.3750001825392246e-05,1182
development,False,approx_5min,7,jitterWithGoogleDns,persistence,8,2367.9692959999998,5,outer_1,0.15187866261398175,0.7662462393963274,True,1.0,1.350490196078431,1.7958001990336925e-05,1.6707999748177826e-05,1175
development,False,approx_5min,7,jitterWithGoogleDns,ridge,8,2367.9692959999998,5,outer_1,0.1566154552063742,0.7901439314634879,True,0.1568627450980392,2.6962044653464265,0.0029482089994417038,0.0004075420001754537,1175
development,False,native,1,cluster_mean_CU,persistence,1,42.285166,32,outer_2,1.341430523059793,1.141877730141291,True,1.0,7.934947878490967,2.6458001229912043e-05,2.1660016500391066e-06,8279
development,False,native,1,cluster_mean_CU,ridge,1,42.285166,32,outer_2,1.3009527738415996,1.1074214988240922,True,0.9857142857142858,7.436227810361843,0.0020615419998648576,0.00017816699983086437,8279
development,False,native,1,cluster_mean_CU,persistence,8,338.281328,32,outer_2,1.342198790256855,1.1425317090004588,True,1.0,7.934947878490967,5.458300074678846e-05,7.191699842223898e-05,8272
development,False,native,1,cluster_mean_CU,ridge,8,338.281328,32,outer_2,1.3018172984994685,1.1081574157702243,True,0.9857142857142858,7.435895173487706,0.012096166999981506,0.0010878749999392312,8272
development,False,native,1,cluster_UM,persistence,1,42.285166,32,outer_2,1042314122.8689455,0.9889313939551116,True,1.0,11236939283.292753,1.779200101736933e-05,1.7500024114269763e-06,8279
development,False,native,1,cluster_UM,ridge,1,42.285166,32,outer_2,1062872941.5920458,1.008437280723627,True,0.8318840579710145,9403162597.406927,0.0024684170020918828,0.00020079100067960098,8279
development,False,native,1,cluster_UM,persistence,8,338.281328,32,outer_2,1043003720.7891682,0.9895856737135375,True,1.0,11236939283.292753,4.470900239539333e-05,6.316600047284737e-05,8272
development,False,native,1,cluster_UM,ridge,8,338.281328,32,outer_2,1063739741.8137753,1.0092596872637938,True,0.8318840579710145,9403243105.656912,0.011117375001049368,0.001027291000355035,8272
development,False,native,1,machine01_DWT,persistence,1,42.285166,32,outer_2,5531376.351773693,0.5121202063610866,True,1.0,175298429.55770454,1.883400182123296e-05,1.5419973351527005e-06,7817
development,False,native,1,machine01_DWT,ridge,1,42.285166,32,outer_2,7438933.864787575,0.6887306347758984,True,0.7925925925925926,177195955.72530743,0.0015418330003740266,0.00013666700033354573,7817
development,False,native,1,machine01_DWT,persistence,8,338.281328,32,outer_2,5601496.444115009,0.5186122462940371,True,1.0,175298429.55770454,4.324999827076681e-05,6.520900205941871e-05,7712
development,False,native,1,machine01_DWT,ridge,8,338.281328,32,outer_2,7517110.065170278,0.695968546161132,True,0.7925925925925926,177130657.16302946,0.011647040999378078,0.0012277499990887009,7712
development,False,native,1,machine01_tx_bond0,persistence,1,42.285166,32,outer_2,55.263729857155,1.3717583152600155,True,1.0,387.7209410152739,2.091600254061632e-05,1.915999746415764e-06,8014
development,False,native,1,machine01_tx_bond0,ridge,1,42.285166,32,outer_2,55.71797201188356,1.3830335305685213,True,0.8269841269841269,398.93448172107514,0.0016329170030076057,0.00016045799929997884,8014
development,False,native,1,machine01_tx_bond0,persistence,8,338.281328,32,outer_2,54.78055694831715,1.3597649797193294,True,1.0,384.72365511767083,4.479199924389832e-05,6.824999945820309e-05,7952
development,False,native,1,machine01_tx_bond0,ridge,8,338.281328,32,outer_2,55.52220029252722,1.378174077820508,True,0.8225806451612904,398.7991885033573,0.011079874999268213,0.001082917002349859,7952
development,False,native,1,averageRttWithGoogleDns,persistence,1,42.285166,32,outer_2,0.4196355840077303,1.4291476088191983,True,1.0,6.321873684210526,2.1708001440856606e-05,1.5829973563086241e-06,8279
development,False,native,1,averageRttWithGoogleDns,ridge,1,42.285166,32,outer_2,0.4281653057269236,1.4581971743552176,True,0.624561403508772,8.133717812860635,0.002112666999892099,0.00019212500046705827,8279
development,False,native,1,averageRttWithGoogleDns,persistence,8,338.281328,32,outer_2,0.41983861218568663,1.4298390593207932,True,1.0,6.321873684210526,4.691699723480269e-05,7.116599954315461e-05,8272
development,False,native,1,averageRttWithGoogleDns,ridge,8,338.281328,32,outer_2,0.4257858529579539,1.4500935021103762,True,0.6035087719298246,8.322302607327462,0.012246292000781978,0.0010649590003595222,8272
development,False,native,1,jitterWithGoogleDns,persistence,1,42.285166,32,outer_2,0.37314758670870724,1.378939137857972,True,1.0,3.236649269311065,2.2791999072069302e-05,1.5420009731315076e-06,8246
development,False,native,1,jitterWithGoogleDns,ridge,1,42.285166,32,outer_2,0.33100163948438543,1.2231919262993405,True,0.3695198329853862,5.354346095566545,0.001634125001146458,0.00015358299788204022,8246
development,False,native,1,jitterWithGoogleDns,persistence,8,338.281328,32,outer_2,0.36831608357628765,1.3610846775819698,True,1.0,3.2158227848101264,4.579199958243407e-05,6.42910017631948e-05,8232
development,False,native,1,jitterWithGoogleDns,ridge,8,338.281328,32,outer_2,0.3267890908034918,1.2076247661377209,True,0.36075949367088606,5.341223203007698,0.0111742500012042,0.0010307500015187543,8232
development,False,2x,2,cluster_mean_CU,persistence,1,84.570332,16,outer_2,1.4752292825947653,1.1051134156464768,True,1.0,9.394704829412019,1.654099833103828e-05,1.5000005078036338e-06,4139
development,False,2x,2,cluster_mean_CU,ridge,1,84.570332,16,outer_2,1.3746516214251039,1.0297693833768364,True,0.6715328467153284,10.406172215944153,0.0007047090002743062,0.00011133400039398111,4139
development,False,2x,2,cluster_mean_CU,persistence,8,676.562656,16,outer_2,1.477256555333651,1.1066320719850877,True,1.0,9.394704829412019,3.120900146313943e-05,3.6166002246318385e-05,4132
development,False,2x,2,cluster_mean_CU,ridge,8,676.562656,16,outer_2,1.3766173486907145,1.0312419352020736,True,0.6715328467153284,10.40431126478024,0.004458499999600463,0.0005985829993733205,4132
development,False,2x,2,cluster_UM,persistence,1,84.570332,16,outer_2,1194275716.5460255,0.998226580639894,True,1.0,10415094202.81081,1.8208997062174603e-05,1.6670019249431789e-06,4139
development,False,2x,2,cluster_UM,ridge,1,84.570332,16,outer_2,1185221722.3167713,0.9906588661034714,True,0.7783783783783784,9312987283.44558,0.0007422499984386377,8.945800072979182e-05,4139
development,False,2x,2,cluster_UM,persistence,8,676.562656,16,outer_2,1196031787.8644724,0.9996943799456044,True,1.0,10415094202.81081,3.100000321865082e-05,3.566600207705051e-05,4132
development,False,2x,2,cluster_UM,ridge,8,676.562656,16,outer_2,1187521345.692665,0.9925809894016969,True,0.7783783783783784,9309837501.511148,0.004865124999923864,0.0006448329986596946,4132
development,False,2x,2,machine01_DWT,persistence,1,84.570332,16,outer_2,5793034.653366855,0.5621786133672136,True,1.0,134243593.87510768,1.6500001947861165e-05,1.5409968909807503e-06,4139
development,False,2x,2,machine01_DWT,ridge,1,84.570332,16,outer_2,7649967.033327833,0.7423825536071399,True,0.6266666666666667,149199471.14887252,0.0007214580000436399,8.737499956623651e-05,4139
development,False,2x,2,machine01_DWT,persistence,8,676.562656,16,outer_2,5802772.803199116,0.5631236413011103,True,1.0,134243593.87510768,3.054199987673201e-05,3.566699888324365e-05,4132
development,False,2x,2,machine01_DWT,ridge,8,676.562656,16,outer_2,7661178.046112172,0.7434705138902497,True,0.6266666666666667,149198461.68486172,0.0046593749975727405,0.0007434159997501411,4132
development,False,2x,2,machine01_tx_bond0,persistence,1,84.570332,16,outer_2,53.807134084363,1.4275779868464589,True,1.0,325.68463926507104,1.7541999113745987e-05,1.45800004247576e-06,4122
development,False,2x,2,machine01_tx_bond0,ridge,1,84.570332,16,outer_2,50.149404903000544,1.3305333523381058,True,0.4117647058823529,323.43897683151306,0.0008124999985739123,0.00033879199691000395,4122
development,False,2x,2,machine01_tx_bond0,persistence,8,676.562656,16,outer_2,53.96511874558311,1.431769539294943,True,1.0,325.68463926507104,3.108300006715581e-05,3.741699765669182e-05,4108
development,False,2x,2,machine01_tx_bond0,ridge,8,676.562656,16,outer_2,50.26647345443897,1.333639343575689,True,0.4117647058823529,323.3541274033487,0.004615624999132706,0.000850791999255307,4108
development,False,2x,2,averageRttWithGoogleDns,persistence,1,84.570332,16,outer_2,0.3935384150761053,1.3318370283951475,True,1.0,5.08010248447205,1.895900277304463e-05,1.4999968698248267e-06,4139
development,False,2x,2,averageRttWithGoogleDns,ridge,1,84.570332,16,outer_2,0.40703705925113776,1.3775199743458293,True,0.6832298136645962,6.322950849705703,0.0008708749992365483,0.00011874999836436473,4139
development,False,2x,2,averageRttWithGoogleDns,persistence,8,676.562656,16,outer_2,0.3915494917715392,1.3251059912150873,True,1.0,5.080478125000001,3.662500239443034e-05,5.8999998145736754e-05,4132
development,False,2x,2,averageRttWithGoogleDns,ridge,8,676.562656,16,outer_2,0.40536807879088455,1.3718717075147415,True,0.68125,6.332697471224636,0.005664374999469146,0.000882707998243859,4132
development,False,2x,2,jitterWithGoogleDns,persistence,1,84.570332,16,outer_2,0.36593210920512204,1.4214106060672353,True,1.0,2.843629496402878,2.183399919886142e-05,2.124997990904376e-06,4139
development,False,2x,2,jitterWithGoogleDns,ridge,1,84.570332,16,outer_2,0.3193248602348848,1.2403714560734962,True,0.3669064748201439,4.068410633040104,0.0008552920007787179,0.00011499999891384505,4139
development,False,2x,2,jitterWithGoogleDns,persistence,8,676.562656,16,outer_2,0.3661368586640852,1.4222059258690118,True,1.0,2.8512906137184113,2.883300112443976e-05,3.3332999009871855e-05,4132
development,False,2x,2,jitterWithGoogleDns,ridge,8,676.562656,16,outer_2,0.3195984185064102,1.2414340538033544,True,0.36823104693140796,4.068443478240447,0.005654458000208251,0.0005534999982046429,4132
development,False,approx_3min,4,cluster_mean_CU,persistence,1,169.140664,8,outer_2,1.5756089755778566,1.1132225121742876,True,1.0,8.870592320679584,1.6375000996049494e-05,1.624997821636498e-06,2069
development,False,approx_3min,4,cluster_mean_CU,ridge,1,169.140664,8,outer_2,1.337625466370031,0.9450788901952204,True,0.18248175182481752,7.070679271664225,0.0006537500012200326,6.891699740663171e-05,2069
development,False,approx_3min,4,cluster_mean_CU,persistence,8,1353.125312,8,outer_2,1.5801542302226672,1.116433892581861,True,1.0,8.870592320679584,2.1666000975528732e-05,2.049999966402538e-05,2062
development,False,approx_3min,4,cluster_mean_CU,ridge,8,1353.125312,8,outer_2,1.342267568839962,0.9483586969578416,True,0.18248175182481752,7.06621986139425,0.003123750000668224,0.00035616600143839605,2062
development,False,approx_3min,4,cluster_UM,persistence,1,169.140664,8,outer_2,1464700797.3397777,0.9712191490578598,True,1.0,11327606348.8,1.6374997358070686e-05,1.333999534836039e-06,2069
development,False,approx_3min,4,cluster_UM,ridge,1,169.140664,8,outer_2,1342286377.462362,0.8900481488633573,True,0.8625,10857577794.153234,0.0005757079998147674,6.245900294743478e-05,2069
development,False,approx_3min,4,cluster_UM,persistence,8,1353.125312,8,outer_2,1468645484.756547,0.9738348067834323,True,1.0,11327606348.8,2.2333002561936155e-05,2.070800110232085e-05,2062
development,False,approx_3min,4,cluster_UM,ridge,8,1353.125312,8,outer_2,1347181804.6504045,0.8932942265854972,True,0.8625,10855314346.416668,0.003081458999076858,0.00036433300192584284,2062
development,False,approx_3min,4,machine01_DWT,persistence,1,169.140664,8,outer_2,5474128.277120287,0.6138728657297233,True,1.0,85660622.45970291,1.662499926169403e-05,1.6670019249431789e-06,2069
development,False,approx_3min,4,machine01_DWT,ridge,1,169.140664,8,outer_2,7425356.409390164,0.8326850572991692,True,0.43902439024390244,107525878.1796427,0.000565500002267072,6.133400165708736e-05,2069
development,False,approx_3min,4,machine01_DWT,persistence,8,1353.125312,8,outer_2,5492638.375959525,0.6159486021473144,True,1.0,85660622.45970291,2.28749995585531e-05,2.1167001250432804e-05,2062
development,False,approx_3min,4,machine01_DWT,ridge,8,1353.125312,8,outer_2,7449910.746061326,0.8354385990971244,True,0.43902439024390244,107535381.66315313,0.003092208000452956,0.00036066599932382815,2062
development,False,approx_3min,4,machine01_tx_bond0,persistence,1,169.140664,8,outer_2,45.10685375036655,1.38799463389359,True,1.0,224.28555234216572,1.695800165180117e-05,1.333999534836039e-06,2069
development,False,approx_3min,4,machine01_tx_bond0,ridge,1,169.140664,8,outer_2,44.02563760790545,1.3547242530303951,True,0.2032967032967033,303.9330537601043,0.0005685420001100283,6.025000038789585e-05,2069
development,False,approx_3min,4,machine01_tx_bond0,persistence,8,1353.125312,8,outer_2,45.24587677473733,1.3922725472431272,True,1.0,224.28555234216572,2.4583998310845345e-05,2.175000190618448e-05,2062
development,False,approx_3min,4,machine01_tx_bond0,ridge,8,1353.125312,8,outer_2,44.1792824078427,1.3594520968081674,True,0.1978021978021978,295.7602811879842,0.003045500001462642,0.0003485830020508729,2062
development,False,approx_3min,4,averageRttWithGoogleDns,persistence,1,169.140664,8,outer_2,0.3587925326244562,1.2301887659409259,True,1.0,3.946561688311688,1.641699782339856e-05,1.45800004247576e-06,2069
development,False,approx_3min,4,averageRttWithGoogleDns,ridge,1,169.140664,8,outer_2,0.3817544174208711,1.3089179761470524,True,0.7142857142857143,5.088979966104804,0.0005891250002605375,6.354099969030358e-05,2069
development,False,approx_3min,4,averageRttWithGoogleDns,persistence,8,1353.125312,8,outer_2,0.35492846750727447,1.216940080235985,True,1.0,3.9843966666666666,2.3125001462176442e-05,2.099999983329326e-05,2062
development,False,approx_3min,4,averageRttWithGoogleDns,ridge,8,1353.125312,8,outer_2,0.3794230425124261,1.300924411730907,True,0.7333333333333333,5.088616527579029,0.003405458999623079,0.00036429100146051496,2062
development,False,approx_3min,4,jitterWithGoogleDns,persistence,1,169.140664,8,outer_2,0.3158763492830675,1.360074541773028,True,1.0,1.910155077262693,1.662499926169403e-05,1.5419973351527005e-06,2069
development,False,approx_3min,4,jitterWithGoogleDns,ridge,1,169.140664,8,outer_2,0.28335139891990185,1.2200312714814263,True,0.2781456953642384,2.9933085413894642,0.0005733329999202397,6.129200119175948e-05,2069
development,False,approx_3min,4,jitterWithGoogleDns,persistence,8,1353.125312,8,outer_2,0.3163544697704494,1.3621331938508556,True,1.0,1.910155077262693,2.6792000426212326e-05,2.7709000278264284e-05,2062
development,False,approx_3min,4,jitterWithGoogleDns,ridge,8,1353.125312,8,outer_2,0.2839889035700327,1.222776186847432,True,0.2781456953642384,2.993415320387507,0.0057828329991025385,0.0006152079986350145,2062
development,False,approx_5min,7,cluster_mean_CU,persistence,1,295.99616199999997,5,outer_2,1.5613234934182079,1.1104726643845175,True,1.0,7.638729838778611,1.645800148253329e-05,1.4999968698248267e-06,1181
development,False,approx_5min,7,cluster_mean_CU,ridge,1,295.99616199999997,5,outer_2,1.1343474001547516,0.8067910238317864,True,0.014492753623188406,0.9795842502155292,0.0006219579991011415,6.075000055716373e-05,1181
development,False,approx_5min,7,cluster_mean_CU,persistence,8,2367.9692959999998,5,outer_2,1.569333801718411,1.1161699003757557,True,1.0,7.638729838778611,1.9917002646252513e-05,1.774999691406265e-05,1174
development,False,approx_5min,7,cluster_mean_CU,ridge,8,2367.9692959999998,5,outer_2,1.1391776083379581,0.8102264516424538,True,0.014492753623188406,0.9813507338104746,0.003937833000236424,0.0003435830003581941,1174
development,False,approx_5min,7,cluster_UM,persistence,1,295.99616199999997,5,outer_2,1572243847.664207,0.9358741423006477,True,1.0,8969785057.399418,1.8957998690893874e-05,1.9999970390927047e-06,1181
development,False,approx_5min,7,cluster_UM,ridge,1,295.99616199999997,5,outer_2,1377246790.2575462,0.8198026409729574,True,0.061224489795918366,7472184692.826222,0.0006401669998012949,6.52920025459025e-05,1181
development,False,approx_5min,7,cluster_UM,persistence,8,2367.9692959999998,5,outer_2,1579182995.0956438,0.9400046521196822,True,1.0,8969785057.399418,2.1249998098937795e-05,1.8999999156221747e-05,1174
development,False,approx_5min,7,cluster_UM,ridge,8,2367.9692959999998,5,outer_2,1377230627.257217,0.8197930199882147,True,0.061224489795918366,7466525311.194234,0.004071667000971502,0.00036933400042471476,1174
development,False,approx_5min,7,machine01_DWT,persistence,1,295.99616199999997,5,outer_2,6421845.944179959,0.6604520417962225,True,1.0,99939563.32832046,1.6499998309882358e-05,1.958000211743638e-06,1181
development,False,approx_5min,7,machine01_DWT,ridge,1,295.99616199999997,5,outer_2,8356172.2510997765,0.8593870162583785,True,0.5,124319249.05812724,0.0006242499985091854,8.199999865610152e-05,1181
development,False,approx_5min,7,machine01_DWT,persistence,8,2367.9692959999998,5,outer_2,6459719.448008727,0.6643471263484075,True,1.0,99939563.32832046,2.3332999262493104e-05,1.8458002159604803e-05,1174
development,False,approx_5min,7,machine01_DWT,ridge,8,2367.9692959999998,5,outer_2,8365648.973052095,0.860361645736779,True,0.5,124292691.30316655,0.004718708001746563,0.00040341699786949903,1174
development,False,approx_5min,7,machine01_tx_bond0,persistence,1,295.99616199999997,5,outer_2,43.21854052343847,1.5347977097947638,True,1.0,209.58115032637266,1.5667003026464954e-05,1.5830009942874312e-06,1181
development,False,approx_5min,7,machine01_tx_bond0,ridge,1,295.99616199999997,5,outer_2,39.89818856078607,1.4168837653100412,True,0.1414141414141414,268.4251391997123,0.0006314579986792523,6.491699969046749e-05,1181
development,False,approx_5min,7,machine01_tx_bond0,persistence,8,2367.9692959999998,5,outer_2,43.452091081439015,1.5430916701460191,True,1.0,209.58115032637266,2.0250001398380846e-05,1.7291000403929502e-05,1174
development,False,approx_5min,7,machine01_tx_bond0,ridge,8,2367.9692959999998,5,outer_2,40.04612880170845,1.4221374906835533,True,0.15151515151515152,264.9806443418271,0.003375707998202415,0.0004489169987209607,1174
development,False,approx_5min,7,averageRttWithGoogleDns,persistence,1,295.99616199999997,5,outer_2,0.3526300955606628,1.1932362423808904,True,1.0,3.9817312925170065,1.662499926169403e-05,1.7079983081202954e-06,1181
development,False,approx_5min,7,averageRttWithGoogleDns,ridge,1,295.99616199999997,5,outer_2,0.3672072723003444,1.242562762766861,True,0.5476190476190477,5.374071628217776,0.000592500000493601,6.104200292611495e-05,1181
development,False,approx_5min,7,averageRttWithGoogleDns,persistence,8,2367.9692959999998,5,outer_2,0.35232757361888534,1.192212563036476,True,1.0,3.9817312925170065,2.13330022234004e-05,1.799999881768599e-05,1174
development,False,approx_5min,7,averageRttWithGoogleDns,ridge,8,2367.9692959999998,5,outer_2,0.3661353831658722,1.2389356844795327,True,0.5476190476190477,5.371585943403022,0.0033774999974411912,0.0003660000002128072,1174
development,False,approx_5min,7,jitterWithGoogleDns,persistence,1,295.99616199999997,5,outer_2,0.3022816015483247,1.4436107136351397,True,1.0,1.6838231292517007,1.5375000657513738e-05,1.6670019249431789e-06,1181
development,False,approx_5min,7,jitterWithGoogleDns,ridge,1,295.99616199999997,5,outer_2,0.26290192744714713,1.255544621816343,True,0.2976190476190476,2.8105018168072475,0.0005842499995196704,6.229199789231643e-05,1181
development,False,approx_5min,7,jitterWithGoogleDns,persistence,8,2367.9692959999998,5,outer_2,0.30311766853248967,1.4476035310923552,True,1.0,1.6838231292517007,2.141699951607734e-05,1.750000228639692e-05,1174
development,False,approx_5min,7,jitterWithGoogleDns,ridge,8,2367.9692959999998,5,outer_2,0.2631134973658267,1.2565550194049633,True,0.2976190476190476,2.8105165446306346,0.003467791000730358,0.0007247089997690637,1174
