hierarchy,model,horizon,outer_fold,method,top_mae,top_mae_vs_indep,top_mae_rel,bottom_mae_macro,worst_child_mae,coherence_error,coherent,adjustment_mae
bond0_transmitted_acamas,lightgbm,1,outer_0,independent,47.313497389857524,0.0,1.0,11.929892175673894,47.71864081930584,9.869955545038337,False,0.0
bond0_transmitted_acamas,lightgbm,1,outer_0,bottom_up,47.716589437717616,0.4030920478600919,1.0085195994821237,11.929892175673894,47.71864081930584,0.0,True,9.869955545038337
bond0_transmitted_acamas,lightgbm,1,outer_0,top_down,47.313497389857524,0.0,1.0,11.832178969978624,47.316614598875475,2.3228903263478526e-12,True,2.4694744322035516
bond0_transmitted_acamas,lightgbm,1,outer_0,ols,47.11406559515895,-0.19943179469857597,0.9957848858000228,13.322437169233527,47.36778045699177,0.0,True,3.947982218015334
bond0_transmitted_acamas,lightgbm,1,outer_0,wls,47.08285059982879,-0.2306467900287359,0.9951251375875211,11.771420828184487,47.08475542953158,0.0,True,6.185319079679502
bond0_transmitted_acamas,lightgbm,1,outer_0,mint,47.08682557172233,-0.22667181813519477,0.9952091510744292,11.772416619166945,47.08873706243129,0.0,True,6.2498361746894435
bond0_transmitted_acamas,lightgbm,1,outer_0,bottom_up_nn,46.345141222149884,-0.9683561677076398,0.979533194096211,11.58702851000143,46.34719572385164,0.0,True,10.52203675669369
bond0_transmitted_acamas,lightgbm,1,outer_0,ols_nn,47.06736051812688,-0.24613687173064136,0.9947977451401975,12.258881346379201,46.093013287256206,0.0,True,7.4742071651818796
bond0_transmitted_acamas,lightgbm,1,outer_1,independent,44.959222850113484,0.0,1.0,11.324099288959367,45.295475384278504,10.117610835606772,False,0.0
bond0_transmitted_acamas,lightgbm,1,outer_1,bottom_up,45.29544648062508,0.3362236305115971,1.0074784128638636,11.324099288959367,45.295475384278504,0.0,True,10.117610835606772
bond0_transmitted_acamas,lightgbm,1,outer_1,top_down,44.959222850113484,0.0,1.0,11.241882103104404,44.96065781127864,1.885527919249297e-12,True,2.53054463327699
bond0_transmitted_acamas,lightgbm,1,outer_1,ols,44.80732462507801,-0.1518982250354739,0.9966214223599488,12.77156163327162,45.015714374127676,0.0,True,4.047044334242708
bond0_transmitted_acamas,lightgbm,1,outer_1,wls,44.787508975849185,-0.17171387426429874,0.9961806752123638,11.197143146892087,44.78765081599914,0.0,True,6.304249834915238
bond0_transmitted_acamas,lightgbm,1,outer_1,mint,44.784354041079105,-0.17486880903437907,0.9961105019626927,11.196354011179425,44.78449377637697,0.0,True,6.228566934708251
bond0_transmitted_acamas,lightgbm,1,outer_1,bottom_up_nn,44.83261059301269,-0.1266122571007955,0.9971838424004147,11.20838936241048,44.83263928539181,0.0,True,10.26236183337715
bond0_transmitted_acamas,lightgbm,1,outer_1,ols_nn,45.408407174620784,0.44918432450729995,1.0099909272454466,11.964447782058917,44.60515995384555,0.0,True,6.556038252670604
bond0_transmitted_acamas,lightgbm,1,outer_2,independent,55.383498557507004,0.0,1.0,13.886190604308162,55.5438517409053,12.625725412263144,False,0.0
bond0_transmitted_acamas,lightgbm,1,outer_2,bottom_up,55.54609288830326,0.16259433079625296,1.002935790172725,13.886190604308162,55.5438517409053,0.0,True,12.625725412263144
bond0_transmitted_acamas,lightgbm,1,outer_2,top_down,55.383498557507004,0.0,1.0,13.847363034749417,55.355100428974595,8.972662446714391e-12,True,3.170875351855754
bond0_transmitted_acamas,lightgbm,1,outer_2,ols,55.19359559682911,-0.18990296067789103,0.9965711274003265,15.720019979421302,55.304470276617565,0.0,True,5.050290164905255
bond0_transmitted_acamas,lightgbm,1,outer_2,wls,55.127956229874066,-0.2555423276329378,0.9953859482645793,13.781629614464,55.12560778152457,0.0,True,7.957541755874106
bond0_transmitted_acamas,lightgbm,1,outer_2,mint,55.134608869792004,-0.24888968771499975,0.9955060677964112,13.783294989925853,55.13226910657817,0.0,True,8.218208114707124
bond0_transmitted_acamas,lightgbm,1,outer_2,bottom_up_nn,55.18713079294317,-0.19636776456383132,0.9964543994207962,13.79644886334715,55.18488796206437,0.0,True,12.691785186392789
bond0_transmitted_acamas,lightgbm,1,outer_2,ols_nn,56.86656465536778,1.4830660978607781,1.0267781223015524,14.65859478340468,54.99302115503906,0.0,True,8.293700094934614
bond0_transmitted_acamas,lightgbm,8,outer_0,independent,46.85869593529317,0.0,1.0,11.63905207661218,46.55528464379405,8.412650381460436,False,0.0
bond0_transmitted_acamas,lightgbm,8,outer_0,bottom_up,46.553425339663654,-0.30527059562951564,0.9934852946814597,11.63905207661218,46.55528464379405,0.0,True,8.412650381460436
bond0_transmitted_acamas,lightgbm,8,outer_0,top_down,46.85869593529317,0.0,1.0,11.717719099609436,46.86258134370901,1.7879097796266133e-12,True,2.1049969288793333
bond0_transmitted_acamas,lightgbm,8,outer_0,ols,46.57126468524789,-0.28743125004528025,0.9938659998041305,12.85579872312128,46.37558937995816,0.0,True,3.3650601525841743
bond0_transmitted_acamas,lightgbm,8,outer_0,wls,46.32826475208771,-0.530431183205458,0.9886801975040465,11.582745750378265,46.33005933885832,0.0,True,5.408053277209475
bond0_transmitted_acamas,lightgbm,8,outer_0,mint,46.31478616696714,-0.5439097683260314,0.9883925543067371,11.579371936744884,46.316562910570404,0.0,True,6.019305905363879
bond0_transmitted_acamas,lightgbm,8,outer_0,bottom_up_nn,45.05528203975214,-1.803413895541027,0.96151378395098,11.26451473251978,45.057144414608736,0.0,True,9.292838178921313
bond0_transmitted_acamas,lightgbm,8,outer_0,ols_nn,45.94209465208043,-0.9166012832127421,0.9804390355959015,11.920566444360556,44.970980901095054,0.0,True,6.611313046449897
bond0_transmitted_acamas,lightgbm,8,outer_1,independent,44.49746174007311,0.0,1.0,10.986066672815413,43.943341033896324,10.787378478662772,False,0.0
bond0_transmitted_acamas,lightgbm,8,outer_1,bottom_up,43.94364029891614,-0.5538214411569768,0.9875538644340646,10.986066672815413,43.943341033896324,0.0,True,10.787378478662772
bond0_transmitted_acamas,lightgbm,8,outer_1,top_down,44.49746174007311,0.0,1.0,11.125852436350586,44.49776679511314,1.4012560146311872e-12,True,2.6980272672278915
bond0_transmitted_acamas,lightgbm,8,outer_1,ols,44.12714950305265,-0.3703122370204639,0.9916779020074538,12.568738835333384,43.80257302346881,0.0,True,4.314951391465106
bond0_transmitted_acamas,lightgbm,8,outer_1,wls,43.826600869312465,-0.6708608707606487,0.98492361486416,10.956832803944117,43.826405558432455,0.0,True,6.720253960470746
bond0_transmitted_acamas,lightgbm,8,outer_1,mint,43.832787317457324,-0.6646744226157892,0.985062644100951,10.958380632898349,43.8325960363371,0.0,True,6.634836256825246
bond0_transmitted_acamas,lightgbm,8,outer_1,bottom_up_nn,43.43051270698163,-1.0669490330914826,0.9760222495538298,10.857783853628693,43.43021302186194,0.0,True,10.938529776897992
bond0_transmitted_acamas,lightgbm,8,outer_1,ols_nn,44.72556531016073,0.22810357008761883,1.0051262153203269,11.58109273443883,43.355428109241316,0.0,True,7.373947771534958
bond0_transmitted_acamas,lightgbm,8,outer_2,independent,54.4950916871225,0.0,1.0,13.653484270703505,54.613026279223355,12.03853530808724,False,0.0
bond0_transmitted_acamas,lightgbm,8,outer_2,bottom_up,54.615577339998204,0.12048565287570057,1.0022109450437748,13.653484270703505,54.613026279223355,0.0,True,12.03853530808724
bond0_transmitted_acamas,lightgbm,8,outer_2,top_down,54.4950916871225,0.0,1.0,13.624044408458055,54.49130901912356,1.4923828853958407e-12,True,3.0101422252826695
bond0_transmitted_acamas,lightgbm,8,outer_2,ols,54.306128210460514,-0.1889634766619892,0.9965324679560702,15.399942291277767,54.37660658825636,0.0,True,4.815414123234893
bond0_transmitted_acamas,lightgbm,8,outer_2,wls,54.23557153475764,-0.25952015236486403,0.9952377334484568,13.55844362175921,54.232863683438495,0.0,True,7.535498766442992
bond0_transmitted_acamas,lightgbm,8,outer_2,mint,54.23617916165866,-0.2589125254638418,0.9952488835700954,13.558595152211963,54.23346974092252,0.0,True,7.580834387177727
bond0_transmitted_acamas,lightgbm,8,outer_2,bottom_up_nn,54.310763731965814,-0.18432795515668943,0.9966175310573843,13.577279401667296,54.3082103690214,0.0,True,12.07769112485274
bond0_transmitted_acamas,lightgbm,8,outer_2,ols_nn,55.88362944341579,1.3885377562932888,1.025480051749714,14.424615953184603,54.11910159789621,0.0,True,7.779842571405808
bond0_transmitted_acamas,persistence,1,outer_0,independent,49.813159476236564,0.0,1.0,12.454417298749126,49.81304989656455,0.007129517533391713,False,0.0
bond0_transmitted_acamas,persistence,1,outer_0,bottom_up,49.81345371948256,0.0002942432459960287,1.0000059069380278,12.454417298749126,49.81304989656455,0.0,True,0.007129517533391713
bond0_transmitted_acamas,persistence,1,outer_0,top_down,49.813159476236564,0.0,1.0,12.454347426152221,49.81277170187151,9.992001279043647e-13,True,0.0017823793835932168
bond0_transmitted_acamas,persistence,1,outer_0,ols,49.81321707594512,5.7599708554789686e-05,1.0000011563151014,12.454966207475643,49.81299295106297,0.0,True,0.002851807013351584
bond0_transmitted_acamas,persistence,1,outer_0,wls,49.813305259683126,0.00014578344656257514,1.0000029266050998,12.454381930844155,49.8129084248916,0.0,True,0.004455947979879309
bond0_transmitted_acamas,persistence,1,outer_0,mint,49.81330525778596,0.0001457815493992598,1.0000029265670143,12.454381930481171,49.81290842314288,0.0,True,0.004455913478369351
bond0_transmitted_acamas,persistence,1,outer_0,bottom_up_nn,49.81345371948256,0.0002942432459960287,1.0000059069380278,12.454417298749126,49.81304989656455,0.0,True,0.007129517533391713
bond0_transmitted_acamas,persistence,1,outer_0,ols_nn,49.81333037249415,0.00017089625758615057,1.0000034307451964,12.454506820376842,49.81299295106297,0.0,True,0.004229968309754246
bond0_transmitted_acamas,persistence,1,outer_1,independent,39.078021413551674,0.0,1.0,9.770643985860389,39.077952396896414,0.007056239145266757,False,0.0
bond0_transmitted_acamas,persistence,1,outer_1,bottom_up,39.078438363282835,0.00041694973116079836,1.0000106696735422,9.770643985860389,39.077952396896414,0.0,True,0.007056239145266757
bond0_transmitted_acamas,persistence,1,outer_1,top_down,39.078021413551674,0.0,1.0,9.770547122642782,39.07756690747888,9.999448223582008e-13,True,0.0017640597865625366
bond0_transmitted_acamas,persistence,1,outer_1,ols,39.07810206564711,8.065209543417495e-05,1.0000020638735667,9.771171192989991,39.077873227803465,0.0,True,0.0028224956581004313
bond0_transmitted_acamas,persistence,1,outer_1,wls,39.07822561115824,0.0002041976065640938,1.0000052253824319,9.770595111359606,39.07775689889199,0.0,True,0.0044101573702368954
bond0_transmitted_acamas,persistence,1,outer_1,mint,39.078225612444605,0.00020419889293066262,1.0000052254153498,9.770595111659825,39.07775690008563,0.0,True,0.0044101744461101326
bond0_transmitted_acamas,persistence,1,outer_1,bottom_up_nn,39.078438363282835,0.00041694973116079836,1.0000106696735422,9.770643985860389,39.077952396896414,0.0,True,0.007056239145266757
bond0_transmitted_acamas,persistence,1,outer_1,ols_nn,39.07825190545646,0.00023049190478729997,1.000005898249104,9.770711918585958,39.077873227803465,0.0,True,0.004200318870197034
bond0_transmitted_acamas,persistence,1,outer_2,independent,55.263729857155,0.0,1.0,13.817129848533012,55.263900530827875,0.007645093355916283,False,0.0
bond0_transmitted_acamas,persistence,1,outer_2,bottom_up,55.26402558961404,0.000295732459044018,1.000005351293874,13.817129848533012,55.263900530827875,0.0,True,0.007645093355916283
bond0_transmitted_acamas,persistence,1,outer_2,top_down,55.263729857155,0.0,1.0,13.817062623196344,55.263633509202926,9.99374501019902e-13,True,0.0019112733392201596
bond0_transmitted_acamas,persistence,1,outer_2,ols,55.26378478880055,5.4931645550482244e-05,1.0000009939909176,13.817747641609259,55.2638459319333,0.0,True,0.0030580373423605423
bond0_transmitted_acamas,persistence,1,outer_2,wls,55.26387023695859,0.00014037980358949653,1.0000025401796793,13.81709593230172,55.26376486589948,0.0,True,0.004778192836633436
bond0_transmitted_acamas,persistence,1,outer_2,mint,55.26387023798228,0.0001403808272826268,1.0000025401982031,13.817095932543737,55.26376486684997,0.0,True,0.004778210271220468
bond0_transmitted_acamas,persistence,1,outer_2,bottom_up_nn,55.26402558961404,0.000295732459044018,1.000005351293874,13.817129848533012,55.263900530827875,0.0,True,0.007645093355916283
bond0_transmitted_acamas,persistence,1,outer_2,ols_nn,55.26399131626641,0.00026145911141384204,1.000004731115907,13.817238380096473,55.2638459319333,0.0,True,0.004585821880720943
bond0_transmitted_acamas,persistence,8,outer_0,independent,49.46389347951344,0.0,1.0,12.367094327539347,49.46376574811433,0.007064001957686327,False,0.0
bond0_transmitted_acamas,persistence,8,outer_0,bottom_up,49.464167644591,0.000274165077563282,1.0000055427314405,12.367094327539347,49.46376574811433,0.0,True,0.007064001957686327
bond0_transmitted_acamas,persistence,8,outer_0,top_down,49.46389347951344,0.0,1.0,12.367029577740587,49.46350810272471,9.992083799210152e-13,True,0.0017660004896669066
bond0_transmitted_acamas,persistence,8,outer_0,ols,49.46394703521496,5.355570151976963e-05,1.000001082723129,12.367635543028591,49.463712861482016,0.0,True,0.002825600783069553
bond0_transmitted_acamas,persistence,8,outer_0,wls,49.46402919349704,0.00013571398360312514,1.0000027436979595,12.367061501499338,49.46363444390106,0.0,True,0.00441500111077453
bond0_transmitted_acamas,persistence,8,outer_0,mint,49.46402919127319,0.0001357117597535762,1.0000027436530003,12.367061501062562,49.46363444185696,0.0,True,0.004414958149821079
bond0_transmitted_acamas,persistence,8,outer_0,bottom_up_nn,49.464167644591,0.000274165077563282,1.0000055427314405,12.367094327539347,49.46376574811433,0.0,True,0.007064001957686327
bond0_transmitted_acamas,persistence,8,outer_0,ols_nn,49.4640498283661,0.00015634885266280207,1.0000031608682953,12.367181518758043,49.463712861482016,0.0,True,0.0041876735947137846
bond0_transmitted_acamas,persistence,8,outer_1,independent,38.34106089197566,0.0,1.0,9.58640867612589,38.34099310075527,0.007069221322857818,False,0.0
bond0_transmitted_acamas,persistence,8,outer_1,bottom_up,38.341478767042474,0.00041787506681600917,1.0000108988916085,9.58640867612589,38.34099310075527,0.0,True,0.007069221322857818
bond0_transmitted_acamas,persistence,8,outer_1,top_down,38.34106089197566,0.0,1.0,9.586311683151294,38.34060713430746,9.999861829271942e-13,True,0.001767305330960321
bond0_transmitted_acamas,persistence,8,outer_1,ols,38.34114169174075,8.079976509378639e-05,1.0000021073951324,9.5869363054797,38.34091380424962,0.0,True,0.0028276885291371387
bond0_transmitted_acamas,persistence,8,outer_1,wls,38.341265493554765,0.00020460157910662247,1.0000053363567503,9.58635973020891,38.340797317086086,0.0,True,0.00441826833337068
bond0_transmitted_acamas,persistence,8,outer_1,mint,38.3412654952439,0.00020460326824434105,1.000005336400806,9.586359730602556,38.34079731865333,0.0,True,0.00441829004880905
bond0_transmitted_acamas,persistence,8,outer_1,bottom_up_nn,38.341478767042474,0.00041787506681600917,1.0000108988916085,9.58640867612589,38.34099310075527,0.0,True,0.007069221322857818
bond0_transmitted_acamas,persistence,8,outer_1,ols_nn,38.34129317355204,0.00023228157638044422,1.0000060582981007,9.586476582781842,38.34091380424962,0.0,True,0.004206856622713825
bond0_transmitted_acamas,persistence,8,outer_2,independent,54.78055694831715,0.0,1.0,13.69633767822619,54.78072825405894,0.007647691753141339,False,0.0
bond0_transmitted_acamas,persistence,8,outer_2,bottom_up,54.78084241108459,0.0002854627674437893,1.0000052110234605,13.69633767822619,54.78072825405894,0.0,True,0.007647691753141339
bond0_transmitted_acamas,persistence,8,outer_2,top_down,54.78055694831715,0.0,1.0,13.69627306571881,54.780471719934646,9.994010425846394e-13,True,0.0019119229385263564
bond0_transmitted_acamas,persistence,8,outer_2,ols,54.78060979316215,5.284484500123199e-05,1.0000009646642523,13.696955132163948,54.78067574455932,0.0,True,0.0030590767012505884
bond0_transmitted_acamas,persistence,8,outer_2,wls,54.780692134858654,0.00013518654150601606,1.0000024677832617,13.696305069478477,54.780597819064326,0.0,True,0.004779816135411668
bond0_transmitted_acamas,persistence,8,outer_2,mint,54.78069213565623,0.00013518733908313152,1.0000024677978212,13.69630506966958,54.780597819808136,0.0,True,0.004779829105550006
bond0_transmitted_acamas,persistence,8,outer_2,bottom_up_nn,54.78084241108459,0.0002854627674437893,1.0000052110234605,13.69633767822619,54.78072825405894,0.0,True,0.007647691753141339
bond0_transmitted_acamas,persistence,8,outer_2,ols_nn,54.78081488482327,0.00025793650612371266,1.0000047085411412,13.696445791454817,54.78067574455932,0.0,True,0.004587098828650887
bond0_transmitted_acamas,ridge,1,outer_0,independent,44.85616551510368,0.0,1.0,11.215753978890875,44.85609136103968,0.006747792705983842,False,0.0
bond0_transmitted_acamas,ridge,1,outer_0,bottom_up,44.861307665757366,0.00514215065368262,1.0001146364294546,11.215753978890875,44.85609136103968,0.0,True,0.006747792705983842
bond0_transmitted_acamas,ridge,1,outer_0,top_down,44.85616551510368,0.0,1.0,11.214468937055585,44.85095205061138,9.988460001122549e-13,True,0.0016869748893265357
bond0_transmitted_acamas,ridge,1,outer_0,ols,44.85719394523441,0.0010284301307237342,1.0000229272858907,11.215230014262492,44.85506293090893,0.0,True,0.002699117082382356
bond0_transmitted_acamas,ridge,1,outer_0,wls,44.85873658959426,0.0025710744905751426,1.0000573181960841,11.215111209861073,44.8535202849989,0.0,True,0.004217369616582611
bond0_transmitted_acamas,ridge,1,outer_0,mint,44.858736584391885,0.0025710692882014996,1.0000573180801051,11.21511120864455,44.853520280551805,0.0,True,0.004217364498055361
bond0_transmitted_acamas,ridge,1,outer_0,bottom_up_nn,44.81841415378757,-0.03775136131611134,0.9991583908057544,11.205030600898425,44.81319784906988,0.0,True,0.06036468266823546
bond0_transmitted_acamas,ridge,1,outer_0,ols_nn,44.81442364042682,-0.041741874676866075,0.9990694283785178,11.204463012840026,44.81216499393958,0.0,True,0.056446877334671616
bond0_transmitted_acamas,ridge,1,outer_1,independent,45.498169388352686,0.0,1.0,11.376111365333605,45.49819333052866,0.006797348576731594,True,0.0
bond0_transmitted_acamas,ridge,1,outer_1,bottom_up,45.5037156647837,0.0055462764310121315,1.0001219010897706,11.376111365333605,45.49819333052866,0.0,True,0.006797348576731594
bond0_transmitted_acamas,ridge,1,outer_1,top_down,45.498169388352686,0.0,1.0,11.374725414154769,45.49265031917135,9.99157065548839e-13,True,0.0016993438373511158
bond0_transmitted_acamas,ridge,1,outer_1,ols,45.499278643638874,0.0011092552861882155,1.0000243802179538,11.375654439318238,45.49708407524245,0.0,True,0.0027189394306795264
bond0_transmitted_acamas,ridge,1,outer_1,wls,45.50094252879597,0.0027731404432813633,1.0000609505938494,11.37541808133698,45.49542019454417,0.0,True,0.00424834491261621
bond0_transmitted_acamas,ridge,1,outer_1,mint,45.500942545465364,0.002773157112677893,1.0000609509602245,11.375418085506773,45.49542021123556,0.0,True,0.004248360206819739
bond0_transmitted_acamas,ridge,1,outer_1,bottom_up_nn,45.500159714113266,0.001990325760580447,1.000043745183319,11.375222325430322,45.49463730554265,0.0,True,0.011242548093144863
bond0_transmitted_acamas,ridge,1,outer_1,ols_nn,45.4960714810453,-0.002097907307387459,0.9999538902919483,11.374654449687498,45.493527018115365,0.0,True,0.007496988129462019
bond0_transmitted_acamas,ridge,1,outer_2,independent,55.71797201188356,0.0,1.0,13.931041213016488,55.71823015275019,0.006919230729502319,True,0.0
bond0_transmitted_acamas,ridge,1,outer_2,bottom_up,55.72329967594526,0.005327664061702819,1.000095618413042,13.931041213016488,55.71823015275019,0.0,True,0.006919230729502319
bond0_transmitted_acamas,ridge,1,outer_2,top_down,55.71797201188356,0.0,1.0,13.929709866144053,55.71290515402262,9.986741799051986e-13,True,0.001729891889989294
bond0_transmitted_acamas,ridge,1,outer_2,ols,55.71903754469588,0.0010655328123192476,1.0000191236826081,13.930722146702657,55.71716461993784,0.0,True,0.0027676922917869093
bond0_transmitted_acamas,ridge,1,outer_2,wls,55.72063584607718,0.0026638341936191523,1.0000478092453373,13.930375255549865,55.71556632288639,0.0,True,0.0043245212993671175
bond0_transmitted_acamas,ridge,1,outer_2,mint,55.720635846566054,0.002663834682493871,1.0000478092541114,13.930375255675237,55.71556632340336,0.0,True,0.004324521794848115
bond0_transmitted_acamas,ridge,1,outer_2,bottom_up_nn,55.72005428260932,0.002082270725757951,1.0000373716172821,13.930224583711167,55.714975388608586,0.0,True,0.011001885957061891
bond0_transmitted_acamas,ridge,1,outer_2,ols_nn,55.71633373547633,-0.001638276407227579,0.999970596984275,13.929726695871123,55.71390944397411,0.0,True,0.0073871571320701
bond0_transmitted_acamas,ridge,8,outer_0,independent,44.52767405407328,0.0,1.0,11.133618267302518,44.52757744886495,0.006696108566248948,False,0.0
bond0_transmitted_acamas,ridge,8,outer_0,bottom_up,44.53281388963003,0.00513983555674713,1.0001154301379072,11.133618267302518,44.52757744886495,0.0,True,0.006696108566248948
bond0_transmitted_acamas,ridge,8,outer_0,top_down,44.52767405407328,0.0,1.0,11.132333809171245,44.52244049449433,9.98714705206295e-13,True,0.0016740668527098898
bond0_transmitted_acamas,ridge,8,outer_0,ols,44.52870202118462,0.0010279671113408995,1.0000230860275812,11.133096218759515,44.526549481753584,0.0,True,0.002678443426488452
bond0_transmitted_acamas,ridge,8,outer_0,wls,44.5302439715095,0.002569917436218816,1.0000577150612695,11.132975787783591,44.525007530869495,0.0,True,0.00418506751869009
bond0_transmitted_acamas,ridge,8,outer_0,mint,44.530243949407705,0.0025698953344246434,1.0000577145649086,11.132975782343564,44.525007509536415,0.0,True,0.004185045925122022
bond0_transmitted_acamas,ridge,8,outer_0,bottom_up_nn,44.48392362232573,-0.043750431747547225,0.9990174552640136,11.12139570047644,44.47868718156064,0.0,True,0.06780894269662541
bond0_transmitted_acamas,ridge,8,outer_0,ols_nn,44.47992993700975,-0.04774411706353021,0.9989277653037625,11.120830752762087,44.477652457120996,0.0,True,0.06391997507092248
bond0_transmitted_acamas,ridge,8,outer_1,independent,44.99882959288649,0.0,1.0,11.251279822837658,44.99885183408749,0.006775280557260195,True,0.0
bond0_transmitted_acamas,ridge,8,outer_1,bottom_up,45.004350607405634,0.005521014519146661,1.000122692402649,11.251279822837658,44.99885183408749,0.0,True,0.006775280557260195
bond0_transmitted_acamas,ridge,8,outer_1,top_down,44.99882959288649,0.0,1.0,11.249900308935068,44.99333455407743,9.990209951518638e-13,True,0.0016938250441117058
bond0_transmitted_acamas,ridge,8,outer_1,ols,44.99993369427927,0.0011041013927837184,1.00002453622467,11.250823684361896,44.99774773269469,0.0,True,0.0027101122228911775
bond0_transmitted_acamas,ridge,8,outer_1,wls,45.001589849456956,0.0027602565704683,1.0000613406303107,11.250589760239588,44.99609158369718,0.0,True,0.004234553202867673
bond0_transmitted_acamas,ridge,8,outer_1,mint,45.0015898722648,0.0027602793783145785,1.0000613411371648,11.250589765943944,44.99609160652667,0.0,True,0.004234574126952939
bond0_transmitted_acamas,ridge,8,outer_1,bottom_up_nn,45.00192636732234,0.0030967744358534333,1.0000688189996023,11.250673726683594,44.99642754491484,0.0,True,0.009805761327579678
bond0_transmitted_acamas,ridge,8,outer_1,ols_nn,44.99785133471419,-0.0009782581722959094,0.9999782603640773,11.25010887458282,44.99532267483955,0.0,True,0.006066733868249291
bond0_transmitted_acamas,ridge,8,outer_2,independent,55.52220029252722,0.0,1.0,13.882098341628254,55.522452714811166,0.00689066305425101,True,0.0
bond0_transmitted_acamas,ridge,8,outer_2,bottom_up,55.527512533359065,0.005312240831848669,1.0000956777794083,13.882098341628254,55.522452714811166,0.0,True,0.00689066305425101
bond0_transmitted_acamas,ridge,8,outer_2,top_down,55.52220029252722,0.0,1.0,13.880770761672341,55.51714295958926,9.985450455541718e-13,True,0.0017226673135608671
bond0_transmitted_acamas,ridge,8,outer_2,ols,55.52326274069359,0.001062448166372576,1.0000191355558816,13.881777194846954,55.52139026664476,0.0,True,0.002756265221686354
bond0_transmitted_acamas,ridge,8,outer_2,wls,55.524856412967196,0.002656120439979759,1.0000478388901375,13.88143431153076,55.5197965944244,0.0,True,0.004306664426790983
bond0_transmitted_acamas,ridge,8,outer_2,mint,55.52485640872643,0.002656116199212022,1.0000478388137577,13.881434310474315,55.519796590217055,0.0,True,0.0043066603118711334
bond0_transmitted_acamas,ridge,8,outer_2,bottom_up_nn,55.52186066973251,-0.0003396227947050079,0.9999938831171511,13.880680591789748,55.516792363771536,0.0,True,0.013978947549546322
bond0_transmitted_acamas,ridge,8,outer_2,ols_nn,55.5181442619323,-0.004056030594917104,0.9999269475890086,13.880183299345603,55.51572950713824,0.0,True,0.010373313620083043
cpu_core_weighted,lightgbm,1,outer_0,independent,1.0425360647239126,0.0,1.0,1.336271753775246,3.129778895017828,176.83373759057008,False,0.0
cpu_core_weighted,lightgbm,1,outer_0,bottom_up,0.9562265722702284,-0.08630949245368413,0.9172119839551633,1.336271753775246,3.129778895017828,0.0,True,0.7492954982651273
cpu_core_weighted,lightgbm,1,outer_0,top_down,1.0425360647239126,0.0,1.0,1.495387144597261,3.115615840113055,1.0379172019246258e-12,True,0.7383262513282915
cpu_core_weighted,lightgbm,1,outer_0,ols,1.0054895914127788,-0.037046473311133754,0.9644650438822522,1.7089902834246617,3.181418641864388,0.0,True,0.79976887557882
cpu_core_weighted,lightgbm,1,outer_0,wls,0.9347100404240283,-0.1078260242998843,0.8965733388528491,1.3904065474304776,3.407137076734006,0.0,True,0.7236077556246515
cpu_core_weighted,lightgbm,1,outer_0,mint,0.9313554077629773,-0.11118065696093526,0.893355577113413,1.3796380651225815,3.3317410681461093,0.0,True,0.7287458898539533
cpu_core_weighted,lightgbm,1,outer_0,bottom_up_nn,0.9555110641686384,-0.08702500055527418,0.9165256689912973,1.332144332705289,3.1254169878060827,0.0,True,0.7515030824238577
cpu_core_weighted,lightgbm,1,outer_1,independent,0.7986526767591965,0.0,1.0,1.038365758279438,1.9475953723862547,132.17954197269563,False,0.0
cpu_core_weighted,lightgbm,1,outer_1,bottom_up,0.7297972768192986,-0.06885539993989787,0.9137855516627053,1.038365758279438,1.9475953723862547,0.0,True,0.5600828049690493
cpu_core_weighted,lightgbm,1,outer_1,top_down,0.7986526767591965,0.0,1.0,1.1671606941897192,1.9124700818338531,1.0491559890177115e-12,True,0.5532136617610928
cpu_core_weighted,lightgbm,1,outer_1,ols,0.7692853492796488,-0.029367327479547733,0.9632289124745496,1.311430544783056,2.0127293429886377,0.0,True,0.5978106050259923
cpu_core_weighted,lightgbm,1,outer_1,wls,0.7148677535277003,-0.08378492323149622,0.8950921650053414,1.0734621882851518,2.069356047401076,0.0,True,0.547005951781324
cpu_core_weighted,lightgbm,1,outer_1,mint,0.7140310445150957,-0.0846216322441008,0.8940445143344643,1.0667834191675898,2.0661304337731434,0.0,True,0.5494107964901126
cpu_core_weighted,lightgbm,1,outer_1,bottom_up_nn,0.7296660371859325,-0.06898663957326401,0.9136212253702064,1.0375037505111295,1.943364004651654,0.0,True,0.5602194933417576
cpu_core_weighted,lightgbm,1,outer_2,independent,1.0862841544583075,0.0,1.0,1.4068892772184276,3.0092651631715404,168.7878796687659,False,0.0
cpu_core_weighted,lightgbm,1,outer_2,bottom_up,0.9586344763299234,-0.12764967812838413,0.8824896067898196,1.4068892772184276,3.0092651631715404,0.0,True,0.7152028799523978
cpu_core_weighted,lightgbm,1,outer_2,top_down,1.0862841544583075,0.0,1.0,1.556267472961114,3.164757248333125,1.026543876925099e-12,True,0.7008206453784701
cpu_core_weighted,lightgbm,1,outer_2,ols,1.0493474498203723,-0.03693670463793519,0.9659971983515176,1.7620602169864503,3.124190920844109,0.0,True,0.763379740615858
cpu_core_weighted,lightgbm,1,outer_2,wls,0.9517943264306642,-0.1344898280276433,0.8761927738007844,1.4456674164501468,3.116962689772743,0.0,True,0.6961297952441864
cpu_core_weighted,lightgbm,1,outer_2,mint,0.947889783628985,-0.1383943708293225,0.8725983710051124,1.4227098951000177,3.0965381983215283,0.0,True,0.7059689901201265
cpu_core_weighted,lightgbm,1,outer_2,bottom_up_nn,0.9587322112927538,-0.12755194316555374,0.8825795786102031,1.4065762280936134,3.007602510067816,0.0,True,0.7152981242979971
cpu_core_weighted,lightgbm,8,outer_0,independent,1.0226455502904923,0.0,1.0,1.3467664290747787,3.1488186735939636,177.6026413215424,False,0.0
cpu_core_weighted,lightgbm,8,outer_0,bottom_up,0.9525925915109322,-0.07005295877956008,0.9314982999147057,1.3467664290747787,3.1488186735939636,0.0,True,0.7525535649217898
cpu_core_weighted,lightgbm,8,outer_0,top_down,1.0226455502904923,0.0,1.0,1.4982960157932352,3.0573868779145195,1.034179649174016e-12,True,0.7468371896788338
cpu_core_weighted,lightgbm,8,outer_0,ols,0.987430011394052,-0.03521553889644036,0.9655642770005335,1.715707664167681,3.17121246027685,0.0,True,0.8032464092255494
cpu_core_weighted,lightgbm,8,outer_0,wls,0.9296566829308767,-0.09298886735961565,0.9090702860505272,1.3990405002182358,3.4362147212452823,0.0,True,0.7250992645890086
cpu_core_weighted,lightgbm,8,outer_0,mint,0.9260771478563267,-0.09656840243416565,0.9055700165059786,1.3763546090718648,3.3128420860443764,0.0,True,0.7350780738806362
cpu_core_weighted,lightgbm,8,outer_0,bottom_up_nn,0.9514296672085266,-0.07121588308196569,0.9303611275072422,1.3406928363925328,3.1401216472726294,0.0,True,0.7554268021844454
cpu_core_weighted,lightgbm,8,outer_1,independent,0.809078704491105,0.0,1.0,1.0568707317240054,2.043388890762851,133.11376160484906,False,0.0
cpu_core_weighted,lightgbm,8,outer_1,bottom_up,0.7422424099442272,-0.06683629454687778,0.9173920977330425,1.0568707317240054,2.043388890762851,0.0,True,0.5640413627324113
cpu_core_weighted,lightgbm,8,outer_1,top_down,0.8090787044911049,-1.1102230246251565e-16,0.9999999999999999,1.1805661355460806,2.0119038274852152,1.0377790436683013e-12,True,0.5570599242377525
cpu_core_weighted,lightgbm,8,outer_1,ols,0.7794112062895988,-0.02966749820150616,0.9633317524774473,1.3283313274752655,2.100039495743399,0.0,True,0.6020358156386918
cpu_core_weighted,lightgbm,8,outer_1,wls,0.7275541040527402,-0.08152460043836474,0.899237737953266,1.090534719532682,2.1542226034801364,0.0,True,0.5506498021550859
cpu_core_weighted,lightgbm,8,outer_1,mint,0.7266468434758533,-0.08243186101525168,0.8981163877411658,1.0840027856097785,2.1526802234740576,0.0,True,0.5531897107837987
cpu_core_weighted,lightgbm,8,outer_1,bottom_up_nn,0.7418307406353126,-0.06724796385579235,0.9168832852941173,1.0557806321352519,2.037421674555367,0.0,True,0.564294199804281
cpu_core_weighted,lightgbm,8,outer_2,independent,1.0678244424159007,0.0,1.0,1.4177275600928179,3.0233323151717664,167.71715028314205,False,0.0
cpu_core_weighted,lightgbm,8,outer_2,bottom_up,0.9600264663956981,-0.10779797602020258,0.8990489712182324,1.4177275600928179,3.0233323151717664,0.0,True,0.710665891030263
cpu_core_weighted,lightgbm,8,outer_2,top_down,1.0678244424159007,0.0,1.0,1.5507546711809628,3.1578187963808633,1.0172497107122484e-12,True,0.6958016357118764
cpu_core_weighted,lightgbm,8,outer_2,ols,1.0321528023038198,-0.035671640112080905,0.9665940966556492,1.7581990723649734,3.096505571612075,0.0,True,0.7585371350788292
cpu_core_weighted,lightgbm,8,outer_2,wls,0.9461495501658622,-0.12167489225003847,0.8860534677640878,1.4421342890207458,3.0932650758757556,0.0,True,0.6925852394960575
cpu_core_weighted,lightgbm,8,outer_2,mint,0.9481027687280211,-0.11972167368787956,0.8878826247720879,1.429775476877806,3.0758182094382014,0.0,True,0.724816357535195
cpu_core_weighted,lightgbm,8,outer_2,bottom_up_nn,0.9598635331594417,-0.10796090925645896,0.8988963869264851,1.416911623159179,3.0177266670179432,0.0,True,0.7108631235289877
cpu_core_weighted,persistence,1,outer_0,independent,1.323994789791317,0.0,1.0,1.747626173256086,3.6004420577882987,36.27503824836743,False,0.0
cpu_core_weighted,persistence,1,outer_0,bottom_up,1.3955411797072623,0.07154638991594542,1.054038271500466,1.747626173256086,3.6004420577882987,0.0,True,0.15370778918799766
cpu_core_weighted,persistence,1,outer_0,top_down,1.323994789791317,0.0,1.0,1.7300513303002218,3.528815261126186,1.0252455877139588e-12,True,0.1525291408060686
cpu_core_weighted,persistence,1,outer_0,ols,1.3312269587939303,0.0072321690026133645,1.005462384790618,1.7714119728201303,3.5669165771349727,0.0,True,0.16406171665413366
cpu_core_weighted,persistence,1,outer_0,wls,1.3607018016576116,0.03670701186629466,1.027724438305441,1.7373538062581433,3.5462674798177445,0.0,True,0.14762536855983036
cpu_core_weighted,persistence,1,outer_0,mint,1.3547429848245238,0.030748195033206915,1.0232238036511105,1.7366610655211108,3.5428930072583533,0.0,True,0.14545309215743518
cpu_core_weighted,persistence,1,outer_0,bottom_up_nn,1.3955411797072623,0.07154638991594542,1.054038271500466,1.747626173256086,3.6004420577882987,0.0,True,0.15370778918799766
cpu_core_weighted,persistence,1,outer_1,independent,1.0258714436135334,0.0,1.0,1.391345895714105,2.3069031244356757,31.82130927481606,False,0.0
cpu_core_weighted,persistence,1,outer_1,bottom_up,1.0746205998914102,0.04874915627787679,1.0475197517012098,1.391345895714105,2.3069031244356757,0.0,True,0.13483605624922068
cpu_core_weighted,persistence,1,outer_1,top_down,1.0258714436135334,0.0,1.0,1.3873374552827138,2.2688928636076198,1.0376490053479223e-12,True,0.13598181255212205
cpu_core_weighted,persistence,1,outer_1,ols,1.0305377888622522,0.004666345248718784,1.0045486647257498,1.4137702426674719,2.294197520187825,0.0,True,0.14391876281600852
cpu_core_weighted,persistence,1,outer_1,wls,1.0525639407467866,0.026692497133253168,1.0260193392646075,1.3908360007904228,2.2910795124485634,0.0,True,0.1311806552271786
cpu_core_weighted,persistence,1,outer_1,mint,1.0482629691787895,0.022391525565256032,1.0218268338636896,1.3915290332681527,2.2900959681421202,0.0,True,0.13025441327001586
cpu_core_weighted,persistence,1,outer_1,bottom_up_nn,1.0746205998914102,0.04874915627787679,1.0475197517012098,1.391345895714105,2.3069031244356757,0.0,True,0.13483605624922068
cpu_core_weighted,persistence,1,outer_2,independent,1.3612504789715405,0.0,1.0,1.841385528429008,3.803415013400604,38.87558977236727,False,0.0
cpu_core_weighted,persistence,1,outer_2,bottom_up,1.4254374075389957,0.06418692856745523,1.0471529153223513,1.841385528429008,3.803415013400604,0.0,True,0.16472707530664105
cpu_core_weighted,persistence,1,outer_2,top_down,1.3612504789715405,0.0,1.0,1.834054582651465,3.755451100030469,1.0300116535085285e-12,True,0.16494309684553043
cpu_core_weighted,persistence,1,outer_2,ols,1.3676385356544927,0.00638805668295217,1.0046927856273582,1.875950345181057,3.8059384220886967,0.0,True,0.17582327412938017
cpu_core_weighted,persistence,1,outer_2,wls,1.394568095762757,0.03331761679121659,1.024475742933357,1.8401274151594695,3.812120302495103,0.0,True,0.15830308720423897
cpu_core_weighted,persistence,1,outer_2,mint,1.388808971030022,0.027558492058481487,1.020244982451211,1.8406295161785236,3.8179759027578646,0.0,True,0.15563199543011322
cpu_core_weighted,persistence,1,outer_2,bottom_up_nn,1.4254374075389957,0.06418692856745523,1.0471529153223513,1.841385528429008,3.803415013400604,0.0,True,0.16472707530664105
cpu_core_weighted,persistence,8,outer_0,independent,1.2944235503602035,0.0,1.0,1.7116951307898558,3.44850171742069,35.71270400257458,False,0.0
cpu_core_weighted,persistence,8,outer_0,bottom_up,1.365282191894736,0.07085864153453247,1.0547414650442775,1.7116951307898558,3.44850171742069,0.0,True,0.15132501696006184
cpu_core_weighted,persistence,8,outer_0,top_down,1.2944235503602035,0.0,1.0,1.694395995029296,3.3778647711548517,1.0260270191348408e-12,True,0.15028896502136047
cpu_core_weighted,persistence,8,outer_0,ols,1.3019749869063428,0.007551436546139323,1.005833821969662,1.7339982565330383,3.4153788985992954,0.0,True,0.1615184382413994
cpu_core_weighted,persistence,8,outer_0,wls,1.3287338337926697,0.034310283432466226,1.0265062262061893,1.7010809410020848,3.390939282526104,0.0,True,0.144893555612835
cpu_core_weighted,persistence,8,outer_0,mint,1.3230351281565589,0.02861157779635537,1.0221037216051836,1.7005768876970888,3.3887934027592763,0.0,True,0.142640601421626
cpu_core_weighted,persistence,8,outer_0,bottom_up_nn,1.365282191894736,0.07085864153453247,1.0547414650442775,1.7116951307898558,3.44850171742069,0.0,True,0.15132501696006184
cpu_core_weighted,persistence,8,outer_1,independent,1.0420595780947417,0.0,1.0,1.4087321371023267,2.2998753917282144,32.15125062840017,False,0.0
cpu_core_weighted,persistence,8,outer_1,bottom_up,1.091595755301663,0.049536177206921383,1.0475367994769467,1.4087321371023267,2.2998753917282144,0.0,True,0.13623411283220416
cpu_core_weighted,persistence,8,outer_1,top_down,1.0420595780947417,0.0,1.0,1.4047480870047195,2.2604587204419575,1.0364584870560055e-12,True,0.13732408945282604
cpu_core_weighted,persistence,8,outer_1,ols,1.0467723316249622,0.004712753530220493,1.0045225375106068,1.4316924297723617,2.2864349340978154,0.0,True,0.14541099404381796
cpu_core_weighted,persistence,8,outer_1,wls,1.0690377407209037,0.02697816262616204,1.0258892708183613,1.4081909902515137,2.2827500453556384,0.0,True,0.1325179854295184
cpu_core_weighted,persistence,8,outer_1,mint,1.0646528831097501,0.022593305015008447,1.0216813947013634,1.40888078927134,2.2812863346002583,0.0,True,0.13158962401982544
cpu_core_weighted,persistence,8,outer_1,bottom_up_nn,1.091595755301663,0.049536177206921383,1.0475367994769467,1.4087321371023267,2.2998753917282144,0.0,True,0.13623411283220416
cpu_core_weighted,persistence,8,outer_2,independent,1.3614297051561752,0.0,1.0,1.841860739576773,3.7000608397882333,39.02139070058013,False,0.0
cpu_core_weighted,persistence,8,outer_2,bottom_up,1.424997347078381,0.06356764192220576,1.0466918282166566,1.841860739576773,3.7000608397882333,0.0,True,0.16534487584991583
cpu_core_weighted,persistence,8,outer_2,top_down,1.3614297051561752,0.0,1.0,1.834011854060586,3.6498216876427896,1.0300168918661964e-12,True,0.16550634256883337
cpu_core_weighted,persistence,8,outer_2,ols,1.367676139877078,0.006246434720902805,1.0045881434033983,1.8762559598400903,3.7020042991800555,0.0,True,0.176482690403695
cpu_core_weighted,persistence,8,outer_2,wls,1.3947854189268687,0.03335571377069346,1.0245005038779194,1.841135034343923,3.7102481124826645,0.0,True,0.15898066027466276
cpu_core_weighted,persistence,8,outer_2,mint,1.3890200336732537,0.027590328517078433,1.020265701866637,1.841720046588382,3.716927704695812,0.0,True,0.15626711419339076
cpu_core_weighted,persistence,8,outer_2,bottom_up_nn,1.424997347078381,0.06356764192220576,1.0466918282166566,1.841860739576773,3.7000608397882333,0.0,True,0.16534487584991583
cpu_core_weighted,ridge,1,outer_0,independent,1.2475193388495252,0.0,1.0,1.567179123809062,3.8466567402591614,117.58717421980764,False,0.0
cpu_core_weighted,ridge,1,outer_0,bottom_up,1.1172410629675125,-0.13027827588201268,0.8955701352075579,1.567179123809062,3.8466567402591614,0.0,True,0.498250738219524
cpu_core_weighted,ridge,1,outer_0,top_down,1.2475193388495252,0.0,1.0,1.778044355386849,4.018664616755318,1.0407643387507225e-12,True,0.5889821213997548
cpu_core_weighted,ridge,1,outer_0,ols,1.2186043676599796,-0.028914971189545557,0.9768220256880256,1.744935824140322,3.9221550956557314,0.0,True,0.5318134615579224
cpu_core_weighted,ridge,1,outer_0,wls,1.1376870166700368,-0.10983232217948835,0.9119594231855541,1.599793955179507,4.0270941979553525,0.0,True,0.4834883997917856
cpu_core_weighted,ridge,1,outer_0,mint,1.1228343279628403,-0.12468501088668482,0.900053644858387,1.576116336700096,3.876390607198411,0.0,True,0.4881865627592118
cpu_core_weighted,ridge,1,outer_0,bottom_up_nn,1.1009103710059445,-0.14660896784358068,0.8824796030987504,1.5335086928571504,3.75690879194733,0.0,True,0.5390121622032136
cpu_core_weighted,ridge,1,outer_1,independent,0.9744102199667343,0.0,1.0,1.241010310095984,2.5473387960935474,104.85268331147732,False,0.0
cpu_core_weighted,ridge,1,outer_1,bottom_up,0.846862482471005,-0.12754773749572923,0.8691026275359841,1.241010310095984,2.5473387960935474,0.0,True,0.44429103098083617
cpu_core_weighted,ridge,1,outer_1,top_down,0.9744102199667343,0.0,1.0,1.4321467721785883,2.7878640517712454,1.0272258660906926e-12,True,0.5156920908631744
cpu_core_weighted,ridge,1,outer_1,ols,0.9475504942661888,-0.02685972570054551,0.9724348891768987,1.4034749653277214,2.630064556380404,0.0,True,0.47421896848440637
cpu_core_weighted,ridge,1,outer_1,wls,0.8704448745533073,-0.10396534541342695,0.8933043360146856,1.2752770483448796,2.684345201008858,0.0,True,0.43319510198055067
cpu_core_weighted,ridge,1,outer_1,mint,0.8673949583169978,-0.10701526164973652,0.8901743234452222,1.2709307686397817,2.6347117320130016,0.0,True,0.43425734164536134
cpu_core_weighted,ridge,1,outer_1,bottom_up_nn,0.8351686297514024,-0.1392415902153319,0.8571016730303942,1.2185084113709976,2.4847632816763587,0.0,True,0.47143392572476167
cpu_core_weighted,ridge,1,outer_2,independent,1.3045601758001182,0.0,1.0,1.7729855729443837,4.213618744786,124.39209622767343,False,0.0
cpu_core_weighted,ridge,1,outer_2,bottom_up,1.2257970411752157,-0.07876313462490248,0.9396247592974428,1.7729855729443837,4.213618744786,0.0,True,0.5270851535070908
cpu_core_weighted,ridge,1,outer_2,top_down,1.3045601758001182,0.0,1.0,1.9461241490205088,4.390879388958425,1.022475133781102e-12,True,0.5905666573566858
cpu_core_weighted,ridge,1,outer_2,ols,1.280125981046735,-0.024434194753383265,0.9812701665997146,1.9617126941222902,4.253655963644012,0.0,True,0.5625901950974991
cpu_core_weighted,ridge,1,outer_2,wls,1.222650735032127,-0.08190944076799123,0.9372129838949329,1.7985904219807192,4.307375359556907,0.0,True,0.5115281071062228
cpu_core_weighted,ridge,1,outer_2,mint,1.2189314362108477,-0.08562873958927053,0.9343619856119306,1.7877163027396346,4.289100503329107,0.0,True,0.5179336216646834
cpu_core_weighted,ridge,1,outer_2,bottom_up_nn,1.2099837418227541,-0.09457643397736404,0.9275032032007584,1.7351077424938695,4.043011656945298,0.0,True,0.5640543284984098
cpu_core_weighted,ridge,8,outer_0,independent,1.2172998857131287,0.0,1.0,1.5395916890097854,3.735521318136657,116.79442419382548,False,0.0
cpu_core_weighted,ridge,8,outer_0,bottom_up,1.0882023191633368,-0.129097566549792,0.8939476064485433,1.5395916890097854,3.735521318136657,0.0,True,0.49489162793993857
cpu_core_weighted,ridge,8,outer_0,top_down,1.2172998857131287,0.0,1.0,1.7539184418486469,3.9019488558815896,1.0402507596749037e-12,True,0.5908036854624508
cpu_core_weighted,ridge,8,outer_0,ols,1.189044295746266,-0.028255589966862837,0.9767883080426727,1.7189231665168567,3.8101209079070957,0.0,True,0.5282280778775594
cpu_core_weighted,ridge,8,outer_0,wls,1.112552629638062,-0.10474725607506685,0.9139511493392584,1.5786585247470721,3.9590849448224206,0.0,True,0.4794226122528605
cpu_core_weighted,ridge,8,outer_0,mint,1.0940006294409161,-0.12329925627221261,0.8987108618678786,1.5485904990702757,3.763431604058865,0.0,True,0.4855893350959071
cpu_core_weighted,ridge,8,outer_0,bottom_up_nn,1.0710927337319425,-0.14620715198118628,0.8798922486585679,1.504179168853842,3.641704698990781,0.0,True,0.5383186041625768
cpu_core_weighted,ridge,8,outer_1,independent,0.9874996936434672,0.0,1.0,1.2516330608936606,2.5261582328041188,104.60773873151236,False,0.0
cpu_core_weighted,ridge,8,outer_1,bottom_up,0.8595736489830299,-0.12792604466043733,0.8704545981290962,1.2516330608936606,2.5261582328041188,0.0,True,0.4432531302182728
cpu_core_weighted,ridge,8,outer_1,top_down,0.9874996936434675,2.220446049250313e-16,1.0000000000000002,1.4246209186724266,2.6952304097865527,1.0262922087442851e-12,True,0.49353850396842586
cpu_core_weighted,ridge,8,outer_1,ols,0.9610683530437409,-0.026431340599726294,0.9732340771649199,1.4158388266041761,2.6085565671600395,0.0,True,0.4731111535732536
cpu_core_weighted,ridge,8,outer_1,wls,0.8839651693092722,-0.10353452433419508,0.8951548795400682,1.2876624231947589,2.6623726584039225,0.0,True,0.4320961371812285
cpu_core_weighted,ridge,8,outer_1,mint,0.8806276482094767,-0.10687204543399054,0.8917751102892227,1.2829934934927874,2.650814559541733,0.0,True,0.4332099839953456
cpu_core_weighted,ridge,8,outer_1,bottom_up_nn,0.8478363436871265,-0.13966334995634078,0.8585687156610241,1.2293209857318443,2.462918248284448,0.0,True,0.46932607390790076
cpu_core_weighted,ridge,8,outer_2,independent,1.3026600024657053,0.0,1.0,1.7626857706880659,4.090239433296455,122.59959050895205,False,0.0
cpu_core_weighted,ridge,8,outer_2,bottom_up,1.2101180970052805,-0.09254190546042484,0.9289592792553242,1.7626857706880659,4.090239433296455,0.0,True,0.5194897902921697
cpu_core_weighted,ridge,8,outer_2,top_down,1.3026600024657053,0.0,1.0,1.929789169394025,4.259076271505549,1.0183138470773396e-12,True,0.5708512853880618
cpu_core_weighted,ridge,8,outer_2,ols,1.276816414583723,-0.025843587881982266,0.9801609108799956,1.9506827171864185,4.137137710317644,0.0,True,0.5544831997771285
cpu_core_weighted,ridge,8,outer_2,wls,1.2129234062240468,-0.08973659624165853,0.931112802978672,1.7894267448982306,4.208411021229871,0.0,True,0.5043911109256596
cpu_core_weighted,ridge,8,outer_2,mint,1.2075960009621207,-0.09506400150358463,0.9270231669632557,1.779325707662662,4.185835494992657,0.0,True,0.5109285957274585
cpu_core_weighted,ridge,8,outer_2,bottom_up_nn,1.1969494606700601,-0.10571054179564521,0.918850243658703,1.726992733537736,3.9362908791249085,0.0,True,0.5558023841374089
disk_ud,lightgbm,1,outer_0,independent,4926478376.343873,0.0,1.0,14825171048.310896,48003261651.74008,42780397437.067245,False,0.0
disk_ud,lightgbm,1,outer_0,bottom_up,43132584100.74976,38206105724.40589,8.755256961618919,14825171048.310896,48003261651.74008,0.0,True,42780397437.067245
disk_ud,lightgbm,1,outer_0,top_down,4926478376.343873,0.0,1.0,15115248529.108755,42909824213.172516,7.522457633518607e-05,True,6111485348.152463
disk_ud,lightgbm,1,outer_0,ols,7700071698.574448,2773593322.2305746,1.5629971574723451,15642887765.544098,44622406962.36774,0.0,True,10695099359.266663
disk_ud,lightgbm,1,outer_0,wls,26971173358.850986,22044694982.507114,5.474736982174135,14994841060.29046,47363383227.36709,0.0,True,28759289096.391594
disk_ud,lightgbm,1,outer_0,mint,34339318457.013645,29412840080.669773,6.970358100403997,14626638401.941751,48167982008.99449,0.0,True,35243176978.27055
disk_ud,lightgbm,1,outer_0,bottom_up_nn,43132584100.74976,38206105724.40589,8.755256961618919,14825171048.310896,48003261651.74008,0.0,True,42780397437.067245
disk_ud,lightgbm,1,outer_0,ols_nn,7700071698.574448,2773593322.2305746,1.5629971574723451,15642887765.544098,44622406962.36774,0.0,True,10695099359.266663
disk_ud,lightgbm,1,outer_1,independent,17704263054.013855,0.0,1.0,20293303622.148167,46626373134.70334,68883980256.34631,False,0.0
disk_ud,lightgbm,1,outer_1,bottom_up,85647872603.89873,67943609549.88487,4.837697697023368,20293303622.148167,46626373134.70334,0.0,True,68883980256.34631
disk_ud,lightgbm,1,outer_1,top_down,17704263054.013855,0.0,1.0,21200140746.801304,42541952821.77101,6.371964113098115e-05,True,9840568608.049475
disk_ud,lightgbm,1,outer_1,ols,25703941843.48256,7999678789.468704,1.451850425237273,22117081876.802036,42143103579.938805,0.0,True,17220995064.086983
disk_ud,lightgbm,1,outer_1,wls,23449848805.208305,5745585751.19445,1.3245312009692394,14076467961.230625,44138888544.9204,0.0,True,15212778415.887417
disk_ud,lightgbm,1,outer_1,mint,17510373216.44602,-193889837.56783676,0.9890484095849514,16488507200.621939,43805947556.23108,0.0,True,10130492203.352789
disk_ud,lightgbm,1,outer_1,bottom_up_nn,85647872603.89873,67943609549.88487,4.837697697023368,20293303622.148167,46626373134.70334,0.0,True,68883980256.34631
disk_ud,lightgbm,1,outer_1,ols_nn,25703941843.48256,7999678789.468704,1.451850425237273,22117081876.802036,42143103579.938805,0.0,True,17220995064.086983
disk_ud,lightgbm,1,outer_2,independent,6299913302.458658,0.0,1.0,11581674008.695116,25427334029.385597,34313647313.36906,False,0.0
disk_ud,lightgbm,1,outer_2,bottom_up,30588535039.476254,24288621737.017593,4.855389839656763,11581674008.695116,25427334029.385597,0.0,True,34313647313.36906
disk_ud,lightgbm,1,outer_2,top_down,6299913302.458658,0.0,1.0,12578614932.459883,24371123604.395844,0.00010473069569845392,True,4901949616.19558
disk_ud,lightgbm,1,outer_2,ols,6860824796.620529,560911494.161871,1.0890347957555169,13080574554.867655,25704876275.204918,0.0,True,8578411828.342722
disk_ud,lightgbm,1,outer_2,wls,10841193777.26168,4541280474.803022,1.720848090565104,10146934583.784235,25525370459.021816,0.0,True,17154158307.830334
disk_ud,lightgbm,1,outer_2,mint,15044004546.402552,8744091243.943893,2.3879700916727455,11402765063.582308,25453787028.452766,0.0,True,21959684548.915497
disk_ud,lightgbm,1,outer_2,bottom_up_nn,30588535039.476254,24288621737.017593,4.855389839656763,11581674008.695116,25427334029.385597,0.0,True,34313647313.36906
disk_ud,lightgbm,1,outer_2,ols_nn,6860824796.620529,560911494.161871,1.0890347957555169,13080574554.867655,25704876275.204918,0.0,True,8578411828.342722
disk_ud,lightgbm,8,outer_0,independent,4952815984.295636,0.0,1.0,14428109803.135641,48291662815.213356,43396905784.75304,False,0.0
disk_ud,lightgbm,8,outer_0,bottom_up,43889963545.04929,38937147560.753654,8.861618054095967,14428109803.135641,48291662815.213356,0.0,True,43396905784.75304
disk_ud,lightgbm,8,outer_0,top_down,4952815984.295636,0.0,1.0,14857932746.440002,42807321911.28907,7.806358840246705e-05,True,6199557969.250434
disk_ud,lightgbm,8,outer_0,ols,7809588309.30908,2856772325.013444,1.5767975903146176,15326348931.349285,44483042589.48951,0.0,True,10849226446.188087
disk_ud,lightgbm,8,outer_0,wls,31281949938.90564,26329133954.610004,6.315992768173558,14305526337.801512,46411255537.34799,0.0,True,32477883192.240726
disk_ud,lightgbm,8,outer_0,mint,36460272228.630554,31507456244.33492,7.3615236956589145,14365392025.050764,48458376938.86243,0.0,True,37032984225.08533
disk_ud,lightgbm,8,outer_0,bottom_up_nn,43889963545.04929,38937147560.753654,8.861618054095967,14428109803.135641,48291662815.213356,0.0,True,43396905784.75304
disk_ud,lightgbm,8,outer_0,ols_nn,7809588309.30908,2856772325.013444,1.5767975903146176,15326348931.349285,44483042589.48951,0.0,True,10849226446.188087
disk_ud,lightgbm,8,outer_1,independent,17040648345.909908,0.0,1.0,18770690593.71087,48994750490.78008,29486207315.75316,False,0.0
disk_ud,lightgbm,8,outer_1,bottom_up,45147719504.16091,28107071158.251003,2.6494132492909084,18770690593.71087,48994750490.78008,0.0,True,29486207315.75316
disk_ud,lightgbm,8,outer_1,top_down,17040648345.909908,0.0,1.0,19507176476.68919,45980028653.452126,6.668177549431612e-05,True,4212315330.821879
disk_ud,lightgbm,8,outer_1,ols,19821617550.262424,2780969204.352516,1.163196208729934,19848070910.39041,47585488080.90449,0.0,True,7371551828.9384165
disk_ud,lightgbm,8,outer_1,wls,19146620824.75207,2105972478.842163,1.123585231975498,17967783025.95195,45857102576.346596,0.0,True,6716750303.456711
disk_ud,lightgbm,8,outer_1,mint,18977915152.76901,1937266806.8591003,1.1136850410579644,18273506819.885685,47182330760.25455,0.0,True,6586512654.50506
disk_ud,lightgbm,8,outer_1,bottom_up_nn,45147719504.16091,28107071158.251003,2.6494132492909084,18770690593.71087,48994750490.78008,0.0,True,29486207315.75316
disk_ud,lightgbm,8,outer_1,ols_nn,19821617550.262424,2780969204.352516,1.163196208729934,19848070910.39041,47585488080.90449,0.0,True,7371551828.9384165
disk_ud,lightgbm,8,outer_2,independent,3569148069.1600842,0.0,1.0,16313850838.638483,42820969055.68662,63142255662.59999,False,0.0
disk_ud,lightgbm,8,outer_2,bottom_up,65043881627.02233,61474733557.86224,18.223923571298876,16313850838.638483,42820969055.68662,0.0,True,63142255662.59999
disk_ud,lightgbm,8,outer_2,top_down,3569148069.1600842,0.0,1.0,17636313129.658855,34082724248.183308,6.571314090455754e-05,True,9020322237.514284
disk_ud,lightgbm,8,outer_2,ols,10212069070.258942,6642921001.098858,2.8612063361837814,18551637147.709106,34979982497.885445,0.0,True,15785563915.650522
disk_ud,lightgbm,8,outer_2,wls,16945952139.134975,13376804069.974892,4.747898324969973,14725928305.84947,36454438143.97322,0.0,True,21798944075.452377
disk_ud,lightgbm,8,outer_2,mint,24355342180.079227,20786194110.919144,6.823853117926455,18126760214.38801,51173939496.23357,0.0,True,30801363874.238632
disk_ud,lightgbm,8,outer_2,bottom_up_nn,65043881627.02233,61474733557.86224,18.223923571298876,16313850838.638483,42820969055.68662,0.0,True,63142255662.59999
disk_ud,lightgbm,8,outer_2,ols_nn,10212069070.258942,6642921001.098858,2.8612063361837814,18551637147.709106,34979982497.885445,0.0,True,15785563915.650522
disk_ud,persistence,1,outer_0,independent,1848015504.270662,0.0,1.0,292520190.6743079,908892486.6505558,0.0,True,0.0
disk_ud,persistence,1,outer_0,bottom_up,1848015504.270662,0.0,1.0,292520190.6743079,908892486.6505558,0.0,True,0.0
disk_ud,persistence,1,outer_0,top_down,1848015504.270662,0.0,1.0,292520190.6743079,908892486.6505558,7.374958464233929e-08,True,9.462335100985854e-07
disk_ud,persistence,1,outer_0,ols,1848015504.270532,-0.00013017654418945312,0.9999999999999296,292520190.6743041,908892486.6505822,0.0,True,0.0007153695882259791
disk_ud,persistence,1,outer_0,wls,1848015504.311834,0.041172027587890625,1.000000000022279,292520190.68667394,908892486.7366197,0.0,True,0.23265093706148496
disk_ud,persistence,1,outer_0,mint,1848015504.3405612,0.06989908218383789,1.000000000037824,292520190.69074094,908892486.7527413,0.0,True,0.373716384725973
disk_ud,persistence,1,outer_0,bottom_up_nn,1848015504.270662,0.0,1.0,292520190.6743079,908892486.6505558,0.0,True,0.0
disk_ud,persistence,1,outer_0,ols_nn,1848015504.270532,-0.00013017654418945312,0.9999999999999296,292520190.6743041,908892486.6505822,0.0,True,0.0007153695882259791
disk_ud,persistence,1,outer_1,independent,1145989203.1474142,0.0,1.0,181207052.8680522,735652275.5340744,0.0,True,0.0
disk_ud,persistence,1,outer_1,bottom_up,1145989203.1474142,0.0,1.0,181207052.8680522,735652275.5340744,0.0,True,0.0
disk_ud,persistence,1,outer_1,top_down,1145989203.1474142,0.0,1.0,181207052.86805227,735652275.5340747,0.0,True,1.810683998656291e-06
disk_ud,persistence,1,outer_1,ols,1145989203.1472945,-0.00011968612670898438,0.9999999999998955,181207052.8680529,735652275.5340838,0.0,True,0.000710702161387927
disk_ud,persistence,1,outer_1,wls,1145989203.0952287,-0.0521855354309082,0.9999999999544624,181207052.88706875,735652275.5614505,0.0,True,0.37528884788660155
disk_ud,persistence,1,outer_1,mint,1145989203.3319764,0.18456220626831055,1.0000000001610505,181207052.91176945,735652275.6705084,0.0,True,1.0459345209987867
disk_ud,persistence,1,outer_1,bottom_up_nn,1145989203.1474142,0.0,1.0,181207052.8680522,735652275.5340744,0.0,True,0.0
disk_ud,persistence,1,outer_1,ols_nn,1145989203.1472945,-0.00011968612670898438,0.9999999999998955,181207052.8680529,735652275.5340838,0.0,True,0.000710702161387927
disk_ud,persistence,1,outer_2,independent,1654563840.6184323,0.0,1.0,264898218.51942092,978161272.6561179,0.0,True,0.0
disk_ud,persistence,1,outer_2,bottom_up,1654563840.6184323,0.0,1.0,264898218.51942092,978161272.6561179,0.0,True,0.0
disk_ud,persistence,1,outer_2,top_down,1654563840.6184323,0.0,1.0,264898218.51942092,978161272.6561179,0.0,True,4.990774363358023e-07
disk_ud,persistence,1,outer_2,ols,1654563840.618253,-0.000179290771484375,0.9999999999998916,264898218.51942274,978161272.6560788,0.0,True,0.0007443316056500324
disk_ud,persistence,1,outer_2,wls,1654563840.6675441,0.04911184310913086,1.0000000000296827,264898218.53917575,978161272.7943828,0.0,True,0.21912045592614013
disk_ud,persistence,1,outer_2,mint,1654563840.6796536,0.06122136116027832,1.0000000000370015,264898218.54132208,978161272.8257182,0.0,True,0.27068492528754695
disk_ud,persistence,1,outer_2,bottom_up_nn,1654563840.6184323,0.0,1.0,264898218.51942092,978161272.6561179,0.0,True,0.0
disk_ud,persistence,1,outer_2,ols_nn,1654563840.618253,-0.000179290771484375,0.9999999999998916,264898218.51942274,978161272.6560788,0.0,True,0.0007443316056500324
disk_ud,persistence,8,outer_0,independent,1849506840.3956947,0.0,1.0,292749791.3515194,909633993.9455799,0.0,True,0.0
disk_ud,persistence,8,outer_0,bottom_up,1849506840.3956947,0.0,1.0,292749791.3515194,909633993.9455799,0.0,True,0.0
disk_ud,persistence,8,outer_0,top_down,1849506840.3956947,0.0,1.0,292749791.3515194,909633993.9455799,7.38120162655702e-08,True,9.462436870902295e-07
disk_ud,persistence,8,outer_0,ols,1849506840.3955646,-0.00013017654418945312,0.9999999999999296,292749791.3515158,909633993.9456061,0.0,True,0.000715452953785647
disk_ud,persistence,8,outer_0,wls,1849506840.3727534,-0.02294135093688965,0.9999999999875959,292749791.3498929,909633993.9343011,0.0,True,0.12331468555693031
disk_ud,persistence,8,outer_0,mint,1849506840.4040942,0.008399486541748047,1.0000000000045415,292749791.35340333,909633993.9528482,0.0,True,0.04513395807778207
disk_ud,persistence,8,outer_0,bottom_up_nn,1849506840.3956947,0.0,1.0,292749791.3515194,909633993.9455799,0.0,True,0.0
disk_ud,persistence,8,outer_0,ols_nn,1849506840.3955646,-0.00013017654418945312,0.9999999999999296,292749791.3515158,909633993.9456061,0.0,True,0.000715452953785647
disk_ud,persistence,8,outer_1,independent,1146936385.5092514,0.0,1.0,181352825.06297186,736274221.7264482,0.0,True,0.0
disk_ud,persistence,8,outer_1,bottom_up,1146936385.5092514,0.0,1.0,181352825.06297186,736274221.7264482,0.0,True,0.0
disk_ud,persistence,8,outer_1,top_down,1146936385.5092514,0.0,1.0,181352825.06297192,736274221.7264484,0.0,True,1.8112941562883316e-06
disk_ud,persistence,8,outer_1,ols,1146936385.509132,-0.00011944770812988281,0.9999999999998959,181352825.06297255,736274221.7264576,0.0,True,0.0007106962306624328
disk_ud,persistence,8,outer_1,wls,1146936385.5070114,-0.0022399425506591797,0.999999999998047,181352825.07389525,736274221.7355452,0.0,True,0.10047443759545792
disk_ud,persistence,8,outer_1,mint,1146936385.6429186,0.1336672306060791,1.0000000001165428,181352825.1112754,736274221.7386197,0.0,True,0.8101679527106489
disk_ud,persistence,8,outer_1,bottom_up_nn,1146936385.5092514,0.0,1.0,181352825.06297186,736274221.7264482,0.0,True,0.0
disk_ud,persistence,8,outer_1,ols_nn,1146936385.509132,-0.00011944770812988281,0.9999999999998959,181352825.06297255,736274221.7264576,0.0,True,0.0007106962306624328
disk_ud,persistence,8,outer_2,independent,1655905782.5918763,0.0,1.0,265110500.3415308,978974672.9593811,0.0,True,0.0
disk_ud,persistence,8,outer_2,bottom_up,1655905782.5918763,0.0,1.0,265110500.3415308,978974672.9593811,0.0,True,0.0
disk_ud,persistence,8,outer_2,top_down,1655905782.5918763,0.0,1.0,265110500.34153083,978974672.9593811,0.0,True,4.994997697562993e-07
disk_ud,persistence,8,outer_2,ols,1655905782.5916967,-0.00017952919006347656,0.9999999999998915,265110500.34153265,978974672.959342,0.0,True,0.0007443287715822269
disk_ud,persistence,8,outer_2,wls,1655905782.5929816,0.0011053085327148438,1.0000000000006675,265110500.3446963,978974672.982333,0.0,True,0.015615490003987945
disk_ud,persistence,8,outer_2,mint,1655905782.5491028,-0.04277348518371582,0.9999999999741691,265110500.3295626,978974672.8540117,0.0,True,0.18688739890978462
disk_ud,persistence,8,outer_2,bottom_up_nn,1655905782.5918763,0.0,1.0,265110500.3415308,978974672.9593811,0.0,True,0.0
disk_ud,persistence,8,outer_2,ols_nn,1655905782.5916967,-0.00017952919006347656,0.9999999999998915,265110500.34153265,978974672.959342,0.0,True,0.0007443287715822269
disk_ud,ridge,1,outer_0,independent,2194093318.965312,0.0,1.0,481012423.7164384,1612370733.841185,1371630337.5730522,False,0.0
disk_ud,ridge,1,outer_0,bottom_up,2567684784.788605,373591465.8232932,1.1702714568218415,481012423.7164384,1612370733.841185,0.0,True,1371630337.5730522
disk_ud,ridge,1,outer_0,top_down,2194093318.965312,0.0,1.0,584216966.6416036,1550729603.6497142,7.824830930552199e-05,True,195947191.08186457
disk_ud,ridge,1,outer_0,ols,2192842700.462042,-1250618.5032701492,0.9994300066945832,565986960.5785515,1525273006.0572991,0.0,True,342907584.39312184
disk_ud,ridge,1,outer_0,wls,2281490512.4404535,87397193.47514153,1.0398329427101833,502534564.28379476,1544804384.8275242,0.0,True,800082856.4147669
disk_ud,ridge,1,outer_0,mint,2244289937.2821035,50196618.316791534,1.0228780689877235,527527929.0614483,1585167852.0458343,0.0,True,671574074.2061496
disk_ud,ridge,1,outer_0,bottom_up_nn,2567684784.788605,373591465.8232932,1.1702714568218415,481012423.7164384,1612370733.841185,0.0,True,1371630337.5730522
disk_ud,ridge,1,outer_0,ols_nn,2192842700.462042,-1250618.5032701492,0.9994300066945832,565986960.5785515,1525273006.0572991,0.0,True,342907584.39312184
disk_ud,ridge,1,outer_1,independent,1279428400.7528424,0.0,1.0,310460923.950472,1248709160.4885256,804451259.9295046,False,0.0
disk_ud,ridge,1,outer_1,bottom_up,1656815160.1890473,377386759.4362049,1.2949651260001285,310460923.950472,1248709160.4885256,0.0,True,804451259.9295046
disk_ud,ridge,1,outer_1,top_down,1279428400.7528424,0.0,1.0,385857721.2666882,1221622379.3939183,8.58592664406114e-05,True,114921608.56135786
disk_ud,ridge,1,outer_1,ols,1288137938.3700914,8709537.617249012,1.006807366173929,362057899.3479213,1198936902.349062,0.0,True,201112814.98278594
disk_ud,ridge,1,outer_1,wls,1397710404.0770745,118282003.3242321,1.0924490993436073,297517140.5980895,1118122971.0513027,0.0,True,451908925.6405141
disk_ud,ridge,1,outer_1,mint,1338232393.5124042,58803992.75956178,1.0459611438396712,294491282.47866964,1090556477.9686372,0.0,True,345745091.7601275
disk_ud,ridge,1,outer_1,bottom_up_nn,1656815160.1890473,377386759.4362049,1.2949651260001285,310460923.950472,1248709160.4885256,0.0,True,804451259.9295046
disk_ud,ridge,1,outer_1,ols_nn,1288137938.3700914,8709537.617249012,1.006807366173929,362057899.3479213,1198936902.349062,0.0,True,201112814.98278594
disk_ud,ridge,1,outer_2,independent,1786927458.8985488,0.0,1.0,351548493.66384506,1165432595.256641,660729091.0202527,False,0.0
disk_ud,ridge,1,outer_2,bottom_up,1813130401.741398,26202942.842849255,1.0146636858213598,351548493.66384506,1165432595.256641,0.0,True,660729091.0202527
disk_ud,ridge,1,outer_2,top_down,1786927458.8985488,0.0,1.0,406138309.207541,1154922093.7094562,7.97828796880662e-05,True,94389870.14575034
disk_ud,ridge,1,outer_2,ols,1771255943.0555525,-15671515.842996359,0.9912299093256667,394758939.6355797,1154275438.8824327,0.0,True,165182272.75489277
disk_ud,ridge,1,outer_2,wls,1754040503.167309,-32886955.731239796,0.981595808174826,350293635.19910556,1152890261.4659271,0.0,True,355975037.1662389
disk_ud,ridge,1,outer_2,mint,1755402601.0994751,-31524857.799073696,0.98235806515699,351097416.6420584,1160228968.8916447,0.0,True,294170009.49524915
disk_ud,ridge,1,outer_2,bottom_up_nn,1813130401.741398,26202942.842849255,1.0146636858213598,351548493.66384506,1165432595.256641,0.0,True,660729091.0202527
disk_ud,ridge,1,outer_2,ols_nn,1771255943.0555525,-15671515.842996359,0.9912299093256667,394758939.6355797,1154275438.8824327,0.0,True,165182272.75489277
disk_ud,ridge,8,outer_0,independent,2193351964.750705,0.0,1.0,480831209.09413284,1611397409.5933774,1370320529.2032237,False,0.0
disk_ud,ridge,8,outer_0,bottom_up,2567950543.7629538,374598579.012249,1.170788174917848,480831209.09413284,1611397409.5933774,0.0,True,1370320529.2032237
disk_ud,ridge,8,outer_0,top_down,2193351964.750705,0.0,1.0,583865648.2243965,1549747806.3746977,7.601161435028419e-05,True,195760075.6004606
disk_ud,ridge,8,outer_0,ols,2192526609.7969685,-825354.9537363052,0.9996237015458529,565723438.8565887,1524456032.2337306,0.0,True,342580132.30066437
disk_ud,ridge,8,outer_0,wls,2290258401.122334,96906436.37162924,1.0441818905168936,494037268.8487047,1525547243.937156,0.0,True,824616606.7260208
disk_ud,ridge,8,outer_0,mint,2262442828.4406447,69090863.68993998,1.0315001261996695,519504954.01355255,1580818383.192783,0.0,True,736663887.181111
disk_ud,ridge,8,outer_0,bottom_up_nn,2567950543.7629538,374598579.012249,1.170788174917848,480831209.09413284,1611397409.5933774,0.0,True,1370320529.2032237
disk_ud,ridge,8,outer_0,ols_nn,2192526609.7969685,-825354.9537363052,0.9996237015458529,565723438.8565887,1524456032.2337306,0.0,True,342580132.30066437
disk_ud,ridge,8,outer_1,independent,1279285563.5138888,0.0,1.0,296421060.2380795,1149942873.2286425,710948694.4437817,False,0.0
disk_ud,ridge,8,outer_1,bottom_up,1566434317.7987077,287148754.2848189,1.2244602475588722,296421060.2380795,1149942873.2286425,0.0,True,710948694.4437817
disk_ud,ridge,8,outer_1,top_down,1279285563.5138888,0.0,1.0,362139866.5850302,1129736011.417642,7.630686241534648e-05,True,101564099.20625456
disk_ud,ridge,8,outer_1,ols,1283276730.5047028,3991166.9908139706,1.0031198405615172,342297649.78578657,1112691289.8640504,0.0,True,177737173.61134544
disk_ud,ridge,8,outer_1,wls,1355230405.93415,75944842.42026114,1.0593650429476114,287850610.9447832,1059968503.1831696,0.0,True,398723532.0557657
disk_ud,ridge,8,outer_1,mint,1312941060.8049736,33655497.29108477,1.0263080411840506,286655025.62182397,1046722167.7574106,0.0,True,303210461.6759734
disk_ud,ridge,8,outer_1,bottom_up_nn,1566434317.7987077,287148754.2848189,1.2244602475588722,296421060.2380795,1149942873.2286425,0.0,True,710948694.4437817
disk_ud,ridge,8,outer_1,ols_nn,1283276730.5047028,3991166.9908139706,1.0031198405615172,342297649.78578657,1112691289.8640504,0.0,True,177737173.61134544
disk_ud,ridge,8,outer_2,independent,1788411406.9318063,0.0,1.0,352014014.0528803,1167697633.7927384,661735607.2129916,False,0.0
disk_ud,ridge,8,outer_2,bottom_up,1814899348.1047177,26487941.172911406,1.0148108768878599,352014014.0528803,1167697633.7927384,0.0,True,661735607.2129916
disk_ud,ridge,8,outer_2,top_down,1788411406.9318063,0.0,1.0,406697443.6237336,1156963400.1455228,6.996317112699468e-05,True,94533658.17328453
disk_ud,ridge,8,outer_2,ols,1772761785.0770974,-15649621.85470891,0.9912494285184876,395274176.8735382,1156275771.9166498,0.0,True,165433901.803079
disk_ud,ridge,8,outer_2,wls,1755673173.309065,-32738233.622741222,0.9816942379723987,350665474.7576017,1154538401.0802243,0.0,True,356469262.40110874
disk_ud,ridge,8,outer_2,mint,1756980501.263976,-31430905.66783023,0.982425237534269,351446304.7774283,1161729730.2485502,0.0,True,294449413.06864786
disk_ud,ridge,8,outer_2,bottom_up_nn,1814899348.1047177,26487941.172911406,1.0148108768878599,352014014.0528803,1167697633.7927384,0.0,True,661735607.2129916
disk_ud,ridge,8,outer_2,ols_nn,1772761785.0770974,-15649621.85470891,0.9912494285184876,395274176.8735382,1156275771.9166498,0.0,True,165433901.803079
memory_um,lightgbm,1,outer_0,independent,2548658026.0004625,0.0,1.0,551420546.0769606,1257841874.0572703,1420216580.6245987,False,0.0
memory_um,lightgbm,1,outer_0,bottom_up,2300226009.3941536,-248432016.60630894,0.9025243818229446,551420546.0769606,1257841874.0572703,0.0,True,1420216580.6245987
memory_um,lightgbm,1,outer_0,top_down,2548658026.0004625,0.0,1.0,622356672.179809,1301574702.189671,8.21201624992448e-06,True,202888082.94637126
memory_um,lightgbm,1,outer_0,ols,2465495050.32735,-83162975.67311239,0.9673698963043631,598289641.9903003,1297255013.1057768,0.0,True,355054145.156139
memory_um,lightgbm,1,outer_0,wls,2241770870.3464074,-306887155.6540551,0.8795887276663615,549071191.0578521,1258882757.73079,0.0,True,1029994520.6042386
memory_um,lightgbm,1,outer_0,mint,2241988841.6780543,-306669184.3224082,0.8796742516281576,545854780.1988842,1258787272.6148174,0.0,True,1116605750.5894234
memory_um,lightgbm,1,outer_0,bottom_up_nn,2300226009.3941536,-248432016.60630894,0.9025243818229446,551420546.0769606,1257841874.0572703,0.0,True,1420216580.6245987
memory_um,lightgbm,1,outer_0,ols_nn,2465495050.32735,-83162975.67311239,0.9673698963043631,598289641.9903003,1297255013.1057768,0.0,True,355054145.156139
memory_um,lightgbm,1,outer_1,independent,1387727524.6296232,0.0,1.0,236088566.09158662,724259917.5288315,1053779554.9902818,False,0.0
memory_um,lightgbm,1,outer_1,bottom_up,1135678415.6238763,-252049109.00574684,0.8183727680453572,236088566.09158662,724259917.5288315,0.0,True,1053779554.9902818
memory_um,lightgbm,1,outer_1,top_down,1387727524.6296232,0.0,1.0,317167373.6449923,741883958.005752,8.495952150797487e-06,True,150539936.42718312
memory_um,lightgbm,1,outer_1,ols,1321428958.302217,-66298566.32740617,0.9522250837064712,301180782.288524,736369221.6121397,0.0,True,263444888.7475645
memory_um,lightgbm,1,outer_1,wls,1144797225.8595839,-242930298.77003932,0.8249438060004783,247569103.2414174,732800638.7514802,0.0,True,763377040.7683651
memory_um,lightgbm,1,outer_1,mint,1145206547.0623891,-242520977.56723404,0.8252387639050673,249517399.91684216,729497412.0045118,0.0,True,761430162.2881737
memory_um,lightgbm,1,outer_1,bottom_up_nn,1135678415.6238763,-252049109.00574684,0.8183727680453572,236088566.09158662,724259917.5288315,0.0,True,1053779554.9902818
memory_um,lightgbm,1,outer_1,ols_nn,1321428958.302217,-66298566.32740617,0.9522250837064712,301180782.288524,736369221.6121397,0.0,True,263444888.7475645
memory_um,lightgbm,1,outer_2,independent,1301076111.0727248,0.0,1.0,254251299.04406926,668184463.1316881,950168551.1852618,False,0.0
memory_um,lightgbm,1,outer_2,bottom_up,1280826911.5137296,-20249199.558995247,0.9844365757032462,254251299.04406926,668184463.1316881,0.0,True,950168551.1852618
memory_um,lightgbm,1,outer_2,top_down,1301076111.0727248,0.0,1.0,321887079.44375277,657820993.4465549,8.520519608157689e-06,True,135738364.45503742
memory_um,lightgbm,1,outer_2,ols,1268882953.6078482,-32193157.46487665,0.975256514825767,306742519.76608306,662418387.3080713,0.0,True,237542137.79630142
memory_um,lightgbm,1,outer_2,wls,1237585106.178726,-63491004.89399886,0.9512011600599974,259273907.29252633,663935407.1367131,0.0,True,693476426.0621485
memory_um,lightgbm,1,outer_2,mint,1246759130.7205882,-54316980.35213661,0.9582522652672849,255223908.09587955,661294363.9406959,0.0,True,778176269.8211536
memory_um,lightgbm,1,outer_2,bottom_up_nn,1280826911.5137296,-20249199.558995247,0.9844365757032462,254251299.04406926,668184463.1316881,0.0,True,950168551.1852618
memory_um,lightgbm,1,outer_2,ols_nn,1268882953.6078482,-32193157.46487665,0.975256514825767,306742519.76608306,662418387.3080713,0.0,True,237542137.79630142
memory_um,lightgbm,8,outer_0,independent,2410471439.6138277,0.0,1.0,548407449.0767018,1225925074.2941349,1495392888.69893,False,0.0
memory_um,lightgbm,8,outer_0,bottom_up,2195914490.2149053,-214556949.39892244,0.9109896322051857,548407449.0767018,1225925074.2941349,0.0,True,1495392888.69893
memory_um,lightgbm,8,outer_0,top_down,2410471439.6138277,0.0,1.0,622976295.3804239,1266528271.3613048,9.407341473046923e-06,True,213627555.5284186
memory_um,lightgbm,8,outer_0,ols,2330476464.3412056,-79994975.27262211,0.9668135560712399,597151702.7987679,1262849380.3301842,0.0,True,373848222.1747236
memory_um,lightgbm,8,outer_0,wls,2126567291.187134,-283904148.4266937,0.8822204885894949,546188868.0303653,1230966541.2363925,0.0,True,996249025.4973785
memory_um,lightgbm,8,outer_0,mint,2121122692.0037646,-289348747.6100631,0.8799617606519252,541717446.0836949,1228209738.5249405,0.0,True,1125432070.0011992
memory_um,lightgbm,8,outer_0,bottom_up_nn,2195914490.2149053,-214556949.39892244,0.9109896322051857,548407449.0767018,1225925074.2941349,0.0,True,1495392888.69893
memory_um,lightgbm,8,outer_0,ols_nn,2330476464.3412056,-79994975.27262211,0.9668135560712399,597151702.7987679,1262849380.3301842,0.0,True,373848222.1747236
memory_um,lightgbm,8,outer_1,independent,1391352557.4417188,0.0,1.0,251831275.6479041,788849932.8120975,1080124747.391357,False,0.0
memory_um,lightgbm,8,outer_1,bottom_up,1254751146.3500524,-136601411.09166646,0.9018211377403613,251831275.6479041,788849932.8120975,0.0,True,1080124747.391357
memory_um,lightgbm,8,outer_1,top_down,1391352557.4417188,0.0,1.0,330810500.2022572,785985998.1597389,8.886966758374653e-06,True,154303535.3416224
memory_um,lightgbm,8,outer_1,ols,1336630947.0235705,-54721610.41814828,0.960670205315348,315541286.91121614,785473976.017131,0.0,True,270031186.847842
memory_um,lightgbm,8,outer_1,wls,1233046330.4061081,-158306227.03561068,0.8862213418238951,260883374.47357202,784488682.0564243,0.0,True,782700027.6277837
memory_um,lightgbm,8,outer_1,mint,1233082887.6467724,-158269669.79494643,0.88624761643019,263142769.98533398,783888103.1421914,0.0,True,781757246.1660619
memory_um,lightgbm,8,outer_1,bottom_up_nn,1254751146.3500524,-136601411.09166646,0.9018211377403613,251831275.6479041,788849932.8120975,0.0,True,1080124747.391357
memory_um,lightgbm,8,outer_1,ols_nn,1336630947.0235705,-54721610.41814828,0.960670205315348,315541286.91121614,785473976.017131,0.0,True,270031186.847842
memory_um,lightgbm,8,outer_2,independent,1310303245.9898474,0.0,1.0,250926642.435316,657439436.109978,950913852.2420291,False,0.0
memory_um,lightgbm,8,outer_2,bottom_up,1255580046.2032628,-54723199.786584616,0.9582362327544683,250926642.435316,657439436.109978,0.0,True,950913852.2420291
memory_um,lightgbm,8,outer_2,top_down,1310303245.9898474,0.0,1.0,320302485.5746922,651843616.859472,8.979664549836799e-06,True,135844836.03457558
memory_um,lightgbm,8,outer_2,ols,1274981222.4469647,-35322023.54288268,0.9730428634356323,304931065.85684377,655744578.6137809,0.0,True,237728463.0604904
memory_um,lightgbm,8,outer_2,wls,1223438343.2244716,-86864902.76537585,0.933706259958354,256884865.7075334,657399293.6137807,0.0,True,696960136.6288195
memory_um,lightgbm,8,outer_2,mint,1228451344.6273031,-81851901.3625443,0.9375320929616483,252601230.29022428,654038615.6495066,0.0,True,779524247.8225385
memory_um,lightgbm,8,outer_2,bottom_up_nn,1255580046.2032628,-54723199.786584616,0.9582362327544683,250926642.435316,657439436.109978,0.0,True,950913852.2420291
memory_um,lightgbm,8,outer_2,ols_nn,1274981222.4469647,-35322023.54288268,0.9730428634356323,304931065.85684377,655744578.6137809,0.0,True,237728463.0604904
memory_um,persistence,1,outer_0,independent,1294154012.0869985,0.0,1.0,228518221.43809983,428567797.97776705,0.0,True,0.0
memory_um,persistence,1,outer_0,bottom_up,1294154012.0869985,0.0,1.0,228518221.43809983,428567797.97776705,0.0,True,0.0
memory_um,persistence,1,outer_0,top_down,1294154012.0869985,0.0,1.0,228518221.43809983,428567797.97776705,0.0,True,1.503635504739123e-07
memory_um,persistence,1,outer_0,ols,1294154012.0870004,1.9073486328125e-06,1.0000000000000016,228518221.43809915,428567797.97776717,0.0,True,9.382897908867192e-05
memory_um,persistence,1,outer_0,wls,1294154012.0865586,-0.0004398822784423828,0.99999999999966,228518221.43881926,428567797.97780174,0.0,True,0.047686312809871526
memory_um,persistence,1,outer_0,mint,1294154012.0890834,0.002084970474243164,1.0000000000016112,228518221.43409243,428567797.97819114,0.0,True,0.2180641742155284
memory_um,persistence,1,outer_0,bottom_up_nn,1294154012.0869985,0.0,1.0,228518221.43809983,428567797.97776705,0.0,True,0.0
memory_um,persistence,1,outer_0,ols_nn,1294154012.0870004,1.9073486328125e-06,1.0000000000000016,228518221.43809915,428567797.97776717,0.0,True,9.382897908867192e-05
memory_um,persistence,1,outer_1,independent,843922661.6452392,0.0,1.0,157294732.34661326,271525107.0082165,0.0,True,0.0
memory_um,persistence,1,outer_1,bottom_up,843922661.6452392,0.0,1.0,157294732.34661326,271525107.0082165,0.0,True,0.0
memory_um,persistence,1,outer_1,top_down,843922661.6452392,0.0,1.0,157294732.34661326,271525107.0082165,0.0,True,1.3293033392564505e-07
memory_um,persistence,1,outer_1,ols,843922661.6452397,4.76837158203125e-07,1.0000000000000007,157294732.3466124,271525107.00821954,0.0,True,9.307525174884287e-05
memory_um,persistence,1,outer_1,wls,843922661.6454324,0.00019311904907226562,1.000000000000229,157294732.34648773,271525107.0050003,0.0,True,0.06745676552155462
memory_um,persistence,1,outer_1,mint,843922661.6447572,-0.0004820823669433594,0.9999999999994288,157294732.34227806,271525107.0005922,0.0,True,0.23058476367724715
memory_um,persistence,1,outer_1,bottom_up_nn,843922661.6452392,0.0,1.0,157294732.34661326,271525107.0082165,0.0,True,0.0
memory_um,persistence,1,outer_1,ols_nn,843922661.6452397,4.76837158203125e-07,1.0000000000000007,157294732.3466124,271525107.00821954,0.0,True,9.307525174884287e-05
memory_um,persistence,1,outer_2,independent,1042314122.8689455,0.0,1.0,190911648.209273,451439811.7956275,0.0,True,0.0
memory_um,persistence,1,outer_2,bottom_up,1042314122.8689455,0.0,1.0,190911648.209273,451439811.7956275,0.0,True,0.0
memory_um,persistence,1,outer_2,top_down,1042314122.8689455,0.0,1.0,190911648.209273,451439811.7956275,0.0,True,1.224490636960797e-07
memory_um,persistence,1,outer_2,ols,1042314122.8689479,2.384185791015625e-06,1.0000000000000022,190911648.20927218,451439811.7956223,0.0,True,9.306680116756621e-05
memory_um,persistence,1,outer_2,wls,1042314122.8677671,-0.0011783838272094727,0.9999999999988695,190911648.21055382,451439811.79641336,0.0,True,0.06476457036749199
memory_um,persistence,1,outer_2,mint,1042314122.8727453,0.0037997961044311523,1.0000000000036455,190911648.20569998,451439811.782914,0.0,True,0.21745324392774393
memory_um,persistence,1,outer_2,bottom_up_nn,1042314122.8689455,0.0,1.0,190911648.209273,451439811.7956275,0.0,True,0.0
memory_um,persistence,1,outer_2,ols_nn,1042314122.8689479,2.384185791015625e-06,1.0000000000000022,190911648.20927218,451439811.7956223,0.0,True,9.306680116756621e-05
memory_um,persistence,8,outer_0,independent,1291570370.298706,0.0,1.0,228173977.45051223,427958992.2302576,0.0,True,0.0
memory_um,persistence,8,outer_0,bottom_up,1291570370.298706,0.0,1.0,228173977.45051223,427958992.2302576,0.0,True,0.0
memory_um,persistence,8,outer_0,top_down,1291570370.298706,0.0,1.0,228173977.45051223,427958992.2302576,0.0,True,1.504908385200264e-07
memory_um,persistence,8,outer_0,ols,1291570370.298708,1.9073486328125e-06,1.0000000000000016,228173977.4505115,427958992.2302577,0.0,True,9.381624246219036e-05
memory_um,persistence,8,outer_0,wls,1291570370.298315,-0.0003910064697265625,0.9999999999996972,228173977.45110172,427958992.2302296,0.0,True,0.037399345983700295
memory_um,persistence,8,outer_0,mint,1291570370.2984016,-0.0003044605255126953,0.9999999999997643,228173977.45096022,427958992.2301779,0.0,True,0.030210495044544875
memory_um,persistence,8,outer_0,bottom_up_nn,1291570370.298706,0.0,1.0,228173977.45051223,427958992.2302576,0.0,True,0.0
memory_um,persistence,8,outer_0,ols_nn,1291570370.298708,1.9073486328125e-06,1.0000000000000016,228173977.4505115,427958992.2302577,0.0,True,9.381624246219036e-05
memory_um,persistence,8,outer_1,independent,844465442.1477809,0.0,1.0,157380669.84724358,271687768.66658604,0.0,True,0.0
memory_um,persistence,8,outer_1,bottom_up,844465442.1477809,0.0,1.0,157380669.84724358,271687768.66658604,0.0,True,0.0
memory_um,persistence,8,outer_1,top_down,844465442.1477809,0.0,1.0,157380669.84724355,271687768.66658604,0.0,True,1.3286162927802636e-07
memory_um,persistence,8,outer_1,ols,844465442.1477814,4.76837158203125e-07,1.0000000000000007,157380669.84724268,271687768.6665891,0.0,True,9.307660651705778e-05
memory_um,persistence,8,outer_1,wls,844465442.1480584,0.00027751922607421875,1.0000000000003286,157380669.84928608,271687768.6785433,0.0,True,0.10582088976400814
memory_um,persistence,8,outer_1,mint,844465442.1479094,0.0001285076141357422,1.000000000000152,157380669.84873253,271687768.6933191,0.0,True,0.14186442396123972
memory_um,persistence,8,outer_1,bottom_up_nn,844465442.1477809,0.0,1.0,157380669.84724358,271687768.66658604,0.0,True,0.0
memory_um,persistence,8,outer_1,ols_nn,844465442.1477814,4.76837158203125e-07,1.0000000000000007,157380669.84724268,271687768.6665891,0.0,True,9.307660651705778e-05
memory_um,persistence,8,outer_2,independent,1043003720.7891682,0.0,1.0,191036776.90411717,451769564.84332687,0.0,True,0.0
memory_um,persistence,8,outer_2,bottom_up,1043003720.7891682,0.0,1.0,191036776.90411717,451769564.84332687,0.0,True,0.0
memory_um,persistence,8,outer_2,top_down,1043003720.7891682,0.0,1.0,191036776.90411717,451769564.84332687,0.0,True,1.224538640246005e-07
memory_um,persistence,8,outer_2,ols,1043003720.7891706,2.384185791015625e-06,1.0000000000000022,191036776.9041163,451769564.8433217,0.0,True,9.30679506542736e-05
memory_um,persistence,8,outer_2,wls,1043003720.7889507,-0.00021755695343017578,0.9999999999997914,191036776.90459737,451769564.84187067,0.0,True,0.016559094050603206
memory_um,persistence,8,outer_2,mint,1043003720.7896671,0.0004988908767700195,1.0000000000004783,191036776.90357807,451769564.8428908,0.0,True,0.026269934114154184
memory_um,persistence,8,outer_2,bottom_up_nn,1043003720.7891682,0.0,1.0,191036776.90411717,451769564.84332687,0.0,True,0.0
memory_um,persistence,8,outer_2,ols_nn,1043003720.7891706,2.384185791015625e-06,1.0000000000000022,191036776.9041163,451769564.8433217,0.0,True,9.30679506542736e-05
memory_um,ridge,1,outer_0,independent,1358694507.6124406,0.0,1.0,261733944.41832024,559235518.7529912,465104157.5826315,False,0.0
memory_um,ridge,1,outer_0,bottom_up,1263401149.574385,-95293358.03805566,0.9298640294016427,261733944.41832024,559235518.7529912,0.0,True,465104157.5826315
memory_um,ridge,1,outer_0,top_down,1358694507.6124406,0.0,1.0,292607442.94048226,545112337.7349148,9.277697748006282e-06,True,66443451.083233066
memory_um,ridge,1,outer_0,ols,1336455021.3669138,-22239486.24552679,0.983631724334702,281462431.64467436,546067014.6511134,0.0,True,116276039.39568943
memory_um,ridge,1,outer_0,wls,1272483790.1684682,-86210717.44397235,0.9365488585101697,262021246.0064301,545227534.6865411,0.0,True,334871628.20269054
memory_um,ridge,1,outer_0,mint,1269417331.1720374,-89277176.44040322,0.934291942787577,261697154.58173132,545639721.5498856,0.0,True,355851224.8931292
memory_um,ridge,1,outer_0,bottom_up_nn,1263401149.574385,-95293358.03805566,0.9298640294016427,261733944.41832024,559235518.7529912,0.0,True,465104157.5826315
memory_um,ridge,1,outer_0,ols_nn,1336455021.3669138,-22239486.24552679,0.983631724334702,281462431.64467436,546067014.6511134,0.0,True,116276039.39568943
memory_um,ridge,1,outer_1,independent,834422178.6472346,0.0,1.0,178183129.56075722,323324236.2392891,301581705.2888302,False,0.0
memory_um,ridge,1,outer_1,bottom_up,792068860.7184273,-42353317.92880726,0.9492423391747923,178183129.56075722,323324236.2392891,0.0,True,301581705.2888302
memory_um,ridge,1,outer_1,top_down,834422178.6472346,0.0,1.0,195922680.75377247,340947922.7505289,8.318953147655872e-06,True,43083100.75554718
memory_um,ridge,1,outer_1,ols,820725354.1748883,-13696824.472346306,0.983585258370587,188398012.4271329,337311962.5665293,0.0,True,75395426.32223035
memory_um,ridge,1,outer_1,wls,787020827.6599429,-47401350.98729169,0.9431926041753363,177628446.42540455,333659702.0682692,0.0,True,213792751.39059147
memory_um,ridge,1,outer_1,mint,787248084.4787565,-47174094.16847801,0.9434649564984519,177520776.7147126,332717766.9077562,0.0,True,210945326.5428905
memory_um,ridge,1,outer_1,bottom_up_nn,792068860.7184273,-42353317.92880726,0.9492423391747923,178183129.56075722,323324236.2392891,0.0,True,301581705.2888302
memory_um,ridge,1,outer_1,ols_nn,820725354.1748883,-13696824.472346306,0.983585258370587,188398012.4271329,337311962.5665293,0.0,True,75395426.32223035
memory_um,ridge,1,outer_2,independent,1062872941.5920458,0.0,1.0,224063327.55073184,624311043.0919858,427789448.31166357,False,0.0
memory_um,ridge,1,outer_2,bottom_up,1104382836.436448,41509894.84440231,1.0390544280694791,224063327.55073184,624311043.0919858,0.0,True,427789448.31166357
memory_um,ridge,1,outer_2,top_down,1062872941.5920458,0.0,1.0,249590471.79625064,596222978.0695771,9.230102140959053e-06,True,61112778.330237634
memory_um,ridge,1,outer_2,ols,1055723115.8212552,-7149825.770790577,0.9932731133788381,240764679.24915925,599088967.2190056,0.0,True,106947362.07794178
memory_um,ridge,1,outer_2,wls,1063609034.760056,736093.1680102348,1.0006925504820054,222852884.5840256,597631222.4171891,0.0,True,304707356.53571296
memory_um,ridge,1,outer_2,mint,1063028098.595265,155157.00321924686,1.0001459788815272,221996840.72351202,594671676.187193,0.0,True,301984992.3852872
memory_um,ridge,1,outer_2,bottom_up_nn,1104382836.436448,41509894.84440231,1.0390544280694791,224063327.55073184,624311043.0919858,0.0,True,427789448.31166357
memory_um,ridge,1,outer_2,ols_nn,1055723115.8212552,-7149825.770790577,0.9932731133788381,240764679.24915925,599088967.2190056,0.0,True,106947362.07794178
memory_um,ridge,8,outer_0,independent,1357156730.2391167,0.0,1.0,261400373.5963501,557653013.287769,464923296.3696819,False,0.0
memory_um,ridge,8,outer_0,bottom_up,1261466683.1458573,-95690047.09325933,0.929492264996984,261400373.5963501,557653013.287769,0.0,True,464923296.3696819
memory_um,ridge,8,outer_0,top_down,1357156730.2391167,0.0,1.0,292268044.8835961,543479515.2842665,8.394271549801972e-06,True,66417613.7670974
memory_um,ridge,8,outer_0,ols,1334852101.8108466,-22304628.4282701,0.9835651786331706,281120921.002738,544439867.5625129,0.0,True,116230824.09245203
memory_um,ridge,8,outer_0,wls,1277394243.2300913,-79762487.00902534,0.941228241932697,267470159.40056887,556351577.2994949,0.0,True,297573702.2684343
memory_um,ridge,8,outer_0,mint,1273086565.0781949,-84070165.16092181,0.938054195740451,265875886.39355138,555259558.2555041,0.0,True,320160740.03892267
memory_um,ridge,8,outer_0,bottom_up_nn,1261466683.1458573,-95690047.09325933,0.929492264996984,261400373.5963501,557653013.287769,0.0,True,464923296.3696819
memory_um,ridge,8,outer_0,ols_nn,1334852101.8108466,-22304628.4282701,0.9835651786331706,281120921.002738,544439867.5625129,0.0,True,116230824.09245203
memory_um,ridge,8,outer_1,independent,835005834.3233938,0.0,1.0,178261117.22330353,323284304.3208599,301967643.2167778,False,0.0
memory_um,ridge,8,outer_1,bottom_up,792793346.5996116,-42212487.72378218,0.9494464757147631,178261117.22330353,323284304.3208599,0.0,True,301967643.2167778
memory_um,ridge,8,outer_1,top_down,835005834.3233938,0.0,1.0,196012481.51709768,340893391.85043806,9.195131926283407e-06,True,43138234.74525398
memory_um,ridge,8,outer_1,ols,821309487.7842588,-13696346.53913498,0.9835973043826297,188477389.08515844,337260437.96228176,0.0,True,75491910.8042176
memory_um,ridge,8,outer_1,wls,787653614.2190269,-47352220.1043669,0.9432911506028739,177698230.19479868,333630435.66114074,0.0,True,214190853.02036852
memory_um,ridge,8,outer_1,mint,787864181.2173144,-47141653.10607946,0.9435433248867316,177587842.28029156,332668107.37921786,0.0,True,211464193.93505517
memory_um,ridge,8,outer_1,bottom_up_nn,792793346.5996116,-42212487.72378218,0.9494464757147631,178261117.22330353,323284304.3208599,0.0,True,301967643.2167778
memory_um,ridge,8,outer_1,ols_nn,821309487.7842588,-13696346.53913498,0.9835973043826297,188477389.08515844,337260437.96228176,0.0,True,75491910.8042176
memory_um,ridge,8,outer_2,independent,1063739741.8137753,0.0,1.0,224244437.99396488,624820134.8466765,428265056.35127103,False,0.0
memory_um,ridge,8,outer_2,bottom_up,1105377507.1309767,41637765.317201376,1.0391428125513156,224244437.99396488,624820134.8466765,0.0,True,428265056.35127103
memory_um,ridge,8,outer_2,top_down,1063739741.8137753,0.0,1.0,249804219.3676285,596691728.036561,9.101410207250363e-06,True,61180722.33589586
memory_um,ridge,8,outer_2,ols,1056590027.3318185,-7149714.48195684,0.9932786994779701,240968884.0585515,599559537.1668673,0.0,True,107066264.08784346
memory_um,ridge,8,outer_2,wls,1064527863.0082309,788121.1944556236,1.0007408966342761,223031947.13097054,598099219.7586842,0.0,True,305044415.4205559
memory_um,ridge,8,outer_2,mint,1063940225.901815,200484.08803975582,1.0001884709954503,222174121.57506785,595128490.4955506,0.0,True,302292012.774828
memory_um,ridge,8,outer_2,bottom_up_nn,1105377507.1309767,41637765.317201376,1.0391428125513156,224244437.99396488,624820134.8466765,0.0,True,428265056.35127103
memory_um,ridge,8,outer_2,ols_nn,1056590027.3318185,-7149714.48195684,0.9932786994779701,240968884.0585515,599559537.1668673,0.0,True,107066264.08784346
