target,exog,n_exog,multivariate,model,horizon,mae,mase,n_parameters,train_seconds,n_test,outer_fold,experiment_stage,eligible_for_final_claims
cluster_mean_CU,,0,False,ridge,1,1.2557048729676177,1.224560099047731,33,0.006071708998206304,8276,outer_0,development,False
cluster_mean_CU,,0,False,ridge,8,1.254969648818895,1.2238431103860128,264,0.004722500001662411,8269,outer_0,development,False
cluster_mean_CU,,0,False,lightgbm,1,1.0510354943278968,1.0249670577411552,-200,0.5233003749999625,8276,outer_0,development,False
cluster_mean_CU,,0,False,lightgbm,8,1.0549386927994826,1.0287734466545566,-1600,4.178763500000059,8269,outer_0,development,False
cluster_mean_CU,cluster_UM,1,True,ridge,1,1.2981882919769667,1.2659898178534144,65,0.0030376249997061677,8276,outer_0,development,False
cluster_mean_CU,cluster_UM,1,True,ridge,8,1.2970181367998614,1.2648486855934185,520,0.007310334000067087,8269,outer_0,development,False
cluster_mean_CU,cluster_UM,1,True,lightgbm,1,1.243055788141783,1.2122247446976433,-200,0.6358859579995624,8276,outer_0,development,False
cluster_mean_CU,cluster_UM,1,True,lightgbm,8,1.1813303328722686,1.1520302425930458,-1600,4.578214290999313,8269,outer_0,development,False
cluster_UM,,0,False,ridge,1,1358694507.6124406,1.5691103849805041,33,0.0007795829988026526,8276,outer_0,development,False
cluster_UM,,0,False,ridge,8,1357156730.2391167,1.567334457844013,264,0.004412207999848761,8269,outer_0,development,False
cluster_UM,,0,False,lightgbm,1,2548658026.0004625,2.9433590508794225,-200,0.5730936250001832,8276,outer_0,development,False
cluster_UM,,0,False,lightgbm,8,2410471439.6138277,2.783772030729251,-1600,4.600579375000962,8269,outer_0,development,False
cluster_UM,cluster_mean_CU,1,True,ridge,1,1919671507.1274993,2.2169637697866813,65,0.0014094580001255963,8276,outer_0,development,False
cluster_UM,cluster_mean_CU,1,True,ridge,8,1917872693.110522,2.214886380249244,520,0.006668415997410193,8269,outer_0,development,False
cluster_UM,cluster_mean_CU,1,True,lightgbm,1,3179274655.204017,3.6716368913216457,-200,0.5611753329976636,8276,outer_0,development,False
cluster_UM,cluster_mean_CU,1,True,lightgbm,8,3469800356.082801,4.007155208204893,-1600,4.545086875001289,8269,outer_0,development,False
machine01_tx_bond0,,0,False,ridge,1,44.85616551510368,,33,0.0007635420006408822,7473,outer_0,development,False
machine01_tx_bond0,,0,False,ridge,8,44.52767405407328,,264,0.0043552909992286,7307,outer_0,development,False
machine01_tx_bond0,,0,False,lightgbm,1,47.313497389857524,,-200,0.4863396670007205,7473,outer_0,development,False
machine01_tx_bond0,,0,False,lightgbm,8,46.85869593529317,,-1600,4.029478374999599,7307,outer_0,development,False
machine01_tx_bond0,machine01_rx_bond0,1,True,ridge,1,45.16610808345504,,65,0.0010235829977318645,7195,outer_0,development,False
machine01_tx_bond0,machine01_rx_bond0,1,True,ridge,8,44.75792371761677,,520,0.006157708001410356,7035,outer_0,development,False
machine01_tx_bond0,machine01_rx_bond0,1,True,lightgbm,1,45.64819691923376,,-200,0.5637956669997948,7195,outer_0,development,False
machine01_tx_bond0,machine01_rx_bond0,1,True,lightgbm,8,45.472401887287425,,-1600,4.612476708000031,7035,outer_0,development,False
machine01_rx_bond0,,0,False,ridge,1,16.260608161007188,,33,0.0008511659980285913,7858,outer_0,development,False
machine01_rx_bond0,,0,False,ridge,8,16.06553668050845,,264,0.00452495799981989,7773,outer_0,development,False
machine01_rx_bond0,,0,False,lightgbm,1,17.19278106402385,,-200,0.48910562499804655,7858,outer_0,development,False
machine01_rx_bond0,,0,False,lightgbm,8,17.084076030466957,,-1600,4.3006106249995355,7773,outer_0,development,False
machine01_rx_bond0,machine01_tx_bond0,1,True,ridge,1,17.916678737365167,,65,0.0010356670027249493,7207,outer_0,development,False
machine01_rx_bond0,machine01_tx_bond0,1,True,ridge,8,17.818949716946825,,520,0.0060603340025409125,7123,outer_0,development,False
machine01_rx_bond0,machine01_tx_bond0,1,True,lightgbm,1,18.014362005241868,,-200,0.5823537079995731,7207,outer_0,development,False
machine01_rx_bond0,machine01_tx_bond0,1,True,lightgbm,8,17.859647035017204,,-1600,5.175747417000821,7123,outer_0,development,False
averageRttWithGoogleDns,,0,False,ridge,1,0.35306911136897506,0.9082966885801264,33,0.0007697090004512575,8197,outer_0,development,False
averageRttWithGoogleDns,,0,False,ridge,8,0.33754161746231104,0.8683510494878635,264,0.004626374997314997,8176,outer_0,development,False
averageRttWithGoogleDns,,0,False,lightgbm,1,0.4482428011298185,1.1531381217900283,-200,0.5275136250020296,8197,outer_0,development,False
averageRttWithGoogleDns,,0,False,lightgbm,8,0.434952089213551,1.118946771616089,-1600,4.8669186670013005,8176,outer_0,development,False
averageRttWithGoogleDns,"minRttwithGoogleDns,maxrttWithGoogleDns",2,True,ridge,1,0.3931354130858399,1.0113702455729072,97,0.003902749998815125,8197,outer_0,development,False
averageRttWithGoogleDns,"minRttwithGoogleDns,maxrttWithGoogleDns",2,True,ridge,8,0.37780062016363264,0.9719203441717428,776,0.009465874998568324,8176,outer_0,development,False
averageRttWithGoogleDns,"minRttwithGoogleDns,maxrttWithGoogleDns",2,True,lightgbm,1,0.47579070143974905,1.224007155141112,-200,0.7067925420014944,8197,outer_0,development,False
averageRttWithGoogleDns,"minRttwithGoogleDns,maxrttWithGoogleDns",2,True,lightgbm,8,0.4545808386809904,1.169443197296364,-1600,7.421026666001126,8176,outer_0,development,False
jitterWithGoogleDns,,0,False,ridge,1,0.28041284195434285,,33,0.0011341249992256053,8197,outer_0,development,False
jitterWithGoogleDns,,0,False,ridge,8,0.27818916758793116,,264,0.0043673330001183785,8176,outer_0,development,False
jitterWithGoogleDns,,0,False,lightgbm,1,0.3210117081759219,,-200,0.5034283749992028,8197,outer_0,development,False
jitterWithGoogleDns,,0,False,lightgbm,8,0.31904514890997654,,-1600,4.761178958997334,8176,outer_0,development,False
jitterWithGoogleDns,"averageRttWithGoogleDns,minRttwithGoogleDns,maxrttWithGoogleDns",3,True,ridge,1,0.3051309871478415,,129,0.003134124999633059,8197,outer_0,development,False
jitterWithGoogleDns,"averageRttWithGoogleDns,minRttwithGoogleDns,maxrttWithGoogleDns",3,True,ridge,8,0.30165471009540296,,1032,0.012872250001237262,8176,outer_0,development,False
jitterWithGoogleDns,"averageRttWithGoogleDns,minRttwithGoogleDns,maxrttWithGoogleDns",3,True,lightgbm,1,0.35228325489975665,,-200,0.8666508749993227,8197,outer_0,development,False
jitterWithGoogleDns,"averageRttWithGoogleDns,minRttwithGoogleDns,maxrttWithGoogleDns",3,True,lightgbm,8,0.3527765510339785,,-1600,6.98958599999969,8176,outer_0,development,False
cluster_mean_CU,,0,False,ridge,1,1.0040855203986057,0.9225111928897273,33,0.0011300829974061344,8276,outer_1,development,False
cluster_mean_CU,,0,False,ridge,8,1.0045411548424104,0.9229298104932447,264,0.006796792000386631,8269,outer_1,development,False
cluster_mean_CU,,0,False,lightgbm,1,0.8198032867351922,0.7532004920066682,-200,0.5427672080004413,8276,outer_1,development,False
cluster_mean_CU,,0,False,lightgbm,8,0.8185694071138205,0.7520668557393689,-1600,5.120592958002817,8269,outer_1,development,False
cluster_mean_CU,cluster_UM,1,True,ridge,1,1.0294240848480631,0.945791191297734,65,0.0024460419990646187,8276,outer_1,development,False
cluster_mean_CU,cluster_UM,1,True,ridge,8,1.0298564779898114,0.9461884557785855,520,0.01269108300039079,8269,outer_1,development,False
cluster_mean_CU,cluster_UM,1,True,lightgbm,1,0.9113660081381793,0.8373244372580319,-200,0.8593674170006125,8276,outer_1,development,False
cluster_mean_CU,cluster_UM,1,True,lightgbm,8,0.9200723752668745,0.845323478138972,-1600,7.462549374999071,8269,outer_1,development,False
cluster_UM,,0,False,ridge,1,834422178.6472346,0.8563062709662057,33,0.002273000001878245,8276,outer_1,development,False
cluster_UM,,0,False,ridge,8,835005834.3233938,0.8569052339712284,264,0.009701915998448385,8269,outer_1,development,False
cluster_UM,,0,False,lightgbm,1,1387727524.6296232,1.4241229585475068,-200,0.7434514580018003,8276,outer_1,development,False
cluster_UM,,0,False,lightgbm,8,1391352557.4417188,1.4278430637998483,-1600,5.222793165998155,8269,outer_1,development,False
cluster_UM,cluster_mean_CU,1,True,ridge,1,966769514.3919096,0.9921246329943645,65,0.002234667001175694,8276,outer_1,development,False
cluster_UM,cluster_mean_CU,1,True,ridge,8,967573322.3492765,0.9929495221358081,520,0.012623250000615371,8269,outer_1,development,False
cluster_UM,cluster_mean_CU,1,True,lightgbm,1,1327890919.6726902,1.3627170403335194,-200,0.5969904580015282,8276,outer_1,development,False
cluster_UM,cluster_mean_CU,1,True,lightgbm,8,1288271153.0465186,1.3220581802452003,-1600,5.178509499997745,8269,outer_1,development,False
machine01_tx_bond0,,0,False,ridge,1,45.498169388352686,,33,0.0012361669978417922,7792,outer_1,development,False
machine01_tx_bond0,,0,False,ridge,8,44.99882959288649,,264,0.006830124999396503,7687,outer_1,development,False
machine01_tx_bond0,,0,False,lightgbm,1,44.959222850113484,,-200,0.514837417002127,7792,outer_1,development,False
machine01_tx_bond0,,0,False,lightgbm,8,44.49746174007311,,-1600,4.111935875000199,7687,outer_1,development,False
machine01_tx_bond0,machine01_rx_bond0,1,True,ridge,1,46.68122580975833,,65,0.0016204160019697156,7354,outer_1,development,False
machine01_tx_bond0,machine01_rx_bond0,1,True,ridge,8,46.14236306869968,,520,0.010524417000851827,7249,outer_1,development,False
machine01_tx_bond0,machine01_rx_bond0,1,True,lightgbm,1,44.93992025552785,,-200,0.5853615000014543,7354,outer_1,development,False
machine01_tx_bond0,machine01_rx_bond0,1,True,lightgbm,8,44.812727862690906,,-1600,4.928409416999784,7249,outer_1,development,False
machine01_rx_bond0,,0,False,ridge,1,14.29825423501927,,33,0.0013683750003110617,7792,outer_1,development,False
machine01_rx_bond0,,0,False,ridge,8,14.359091077647681,,264,0.007098583002516534,7687,outer_1,development,False
machine01_rx_bond0,,0,False,lightgbm,1,14.519389985559013,,-200,0.5482939169996826,7792,outer_1,development,False
machine01_rx_bond0,,0,False,lightgbm,8,14.70217584375221,,-1600,4.7766073329985375,7687,outer_1,development,False
machine01_rx_bond0,machine01_tx_bond0,1,True,ridge,1,16.771500703905723,,65,0.0020912920008413494,7354,outer_1,development,False
machine01_rx_bond0,machine01_tx_bond0,1,True,ridge,8,16.852578924771326,,520,0.011006749999069143,7249,outer_1,development,False
machine01_rx_bond0,machine01_tx_bond0,1,True,lightgbm,1,18.218011449576537,,-200,0.5838276249996852,7354,outer_1,development,False
machine01_rx_bond0,machine01_tx_bond0,1,True,lightgbm,8,17.52614379323183,,-1600,5.282003958000132,7249,outer_1,development,False
averageRttWithGoogleDns,,0,False,ridge,1,0.25381493997743615,0.8994235809153218,33,0.0013752499980910216,8233,outer_1,development,False
averageRttWithGoogleDns,,0,False,ridge,8,0.25330841502115825,0.8976286491826234,264,0.007002667000051588,8219,outer_1,development,False
averageRttWithGoogleDns,,0,False,lightgbm,1,0.2777674196860344,0.9843020560485202,-200,0.561476250000851,8233,outer_1,development,False
averageRttWithGoogleDns,,0,False,lightgbm,8,0.2764362946142242,0.9795850552335164,-1600,4.699887791997753,8219,outer_1,development,False
averageRttWithGoogleDns,"minRttwithGoogleDns,maxrttWithGoogleDns",2,True,ridge,1,0.25302147680907877,0.8966118493274499,97,0.0030215840015443973,8233,outer_1,development,False
averageRttWithGoogleDns,"minRttwithGoogleDns,maxrttWithGoogleDns",2,True,ridge,8,0.25244951465699883,0.8945850330690471,776,0.017654750001383945,8219,outer_1,development,False
averageRttWithGoogleDns,"minRttwithGoogleDns,maxrttWithGoogleDns",2,True,lightgbm,1,0.27508729682249455,0.9748047202989684,-200,0.7214842909997969,8233,outer_1,development,False
averageRttWithGoogleDns,"minRttwithGoogleDns,maxrttWithGoogleDns",2,True,lightgbm,8,0.271509271342313,0.9621255592918297,-1600,6.275870458001009,8219,outer_1,development,False
jitterWithGoogleDns,,0,False,ridge,1,0.20696962719478987,,33,0.0011105840021627955,8209,outer_1,development,False
jitterWithGoogleDns,,0,False,ridge,8,0.20386945954744945,,264,0.006826042001193855,8195,outer_1,development,False
jitterWithGoogleDns,,0,False,lightgbm,1,0.2149270456040615,,-200,0.5420990419988811,8209,outer_1,development,False
jitterWithGoogleDns,,0,False,lightgbm,8,0.21011799689676391,,-1600,4.345217833000788,8195,outer_1,development,False
jitterWithGoogleDns,"averageRttWithGoogleDns,minRttwithGoogleDns,maxrttWithGoogleDns",3,True,ridge,1,0.20210043389329166,,129,0.0054342090006684884,8209,outer_1,development,False
jitterWithGoogleDns,"averageRttWithGoogleDns,minRttwithGoogleDns,maxrttWithGoogleDns",3,True,ridge,8,0.19884499322503962,,1032,0.02612079100072151,8195,outer_1,development,False
jitterWithGoogleDns,"averageRttWithGoogleDns,minRttwithGoogleDns,maxrttWithGoogleDns",3,True,lightgbm,1,0.23135508613121109,,-200,0.797057458999916,8209,outer_1,development,False
jitterWithGoogleDns,"averageRttWithGoogleDns,minRttwithGoogleDns,maxrttWithGoogleDns",3,True,lightgbm,8,0.22791870501608646,,-1600,7.662600790998113,8195,outer_1,development,False
cluster_mean_CU,,0,False,ridge,1,1.3009527738415996,1.1074214988240922,33,0.0017129580010077916,8279,outer_2,development,False
cluster_mean_CU,,0,False,ridge,8,1.3018172984994685,1.1081574157702243,264,0.009328165997430915,8272,outer_2,development,False
cluster_mean_CU,,0,False,lightgbm,1,1.090395081497911,0.9281866181022956,-200,0.5865581250000105,8279,outer_2,development,False
cluster_mean_CU,,0,False,lightgbm,8,1.0948288310869339,0.9319607978527161,-1600,4.8314906250016065,8272,outer_2,development,False
cluster_mean_CU,cluster_UM,1,True,ridge,1,1.3186293812309444,1.1224685131683785,65,0.0028716249980789144,8279,outer_2,development,False
cluster_mean_CU,cluster_UM,1,True,ridge,8,1.3195781448324555,1.1232761375731541,520,0.018785666998155648,8272,outer_2,development,False
cluster_mean_CU,cluster_UM,1,True,lightgbm,1,1.0834045016536233,0.9222359651927742,-200,0.6378792920004344,8279,outer_2,development,False
cluster_mean_CU,cluster_UM,1,True,lightgbm,8,1.082729914152678,0.9216617301272084,-1600,6.106210166999517,8272,outer_2,development,False
cluster_UM,,0,False,ridge,1,1062872941.5920458,1.008437280723627,33,0.0017067919980036095,8279,outer_2,development,False
cluster_UM,,0,False,ridge,8,1063739741.8137753,1.0092596872637938,264,0.009617125000659144,8272,outer_2,development,False
cluster_UM,,0,False,lightgbm,1,1301076111.0727248,1.2344407352203022,-200,0.5678313749995141,8279,outer_2,development,False
cluster_UM,,0,False,lightgbm,8,1310303245.9898474,1.2431952970127544,-1600,4.740131000002293,8272,outer_2,development,False
cluster_UM,cluster_mean_CU,1,True,ridge,1,1197357180.6813374,1.1360338306595503,65,0.0030655419977847487,8279,outer_2,development,False
cluster_UM,cluster_mean_CU,1,True,ridge,8,1198270020.4503114,1.1368999188045565,520,0.01936533300249721,8272,outer_2,development,False
cluster_UM,cluster_mean_CU,1,True,lightgbm,1,1292406126.5042498,1.226214788994733,-200,0.6449220840004273,8279,outer_2,development,False
cluster_UM,cluster_mean_CU,1,True,lightgbm,8,1262375112.584834,1.1977218310604507,-1600,5.861553582999477,8272,outer_2,development,False
machine01_tx_bond0,,0,False,ridge,1,55.71797201188356,,33,0.0016544999998586718,8014,outer_2,development,False
machine01_tx_bond0,,0,False,ridge,8,55.52220029252722,,264,0.009397750000061933,7952,outer_2,development,False
machine01_tx_bond0,,0,False,lightgbm,1,55.383498557507004,,-200,0.5358661659993231,8014,outer_2,development,False
machine01_tx_bond0,,0,False,lightgbm,8,54.4950916871225,,-1600,4.31786941700193,7952,outer_2,development,False
machine01_tx_bond0,machine01_rx_bond0,1,True,ridge,1,52.75489108973755,,65,0.002678249999007676,7790,outer_2,development,False
machine01_tx_bond0,machine01_rx_bond0,1,True,ridge,8,52.501310164647535,,520,0.015824833000806393,7728,outer_2,development,False
machine01_tx_bond0,machine01_rx_bond0,1,True,lightgbm,1,54.65691954487787,,-200,0.604980500000238,7790,outer_2,development,False
machine01_tx_bond0,machine01_rx_bond0,1,True,lightgbm,8,53.61339452198646,,-1600,5.260750792000181,7728,outer_2,development,False
machine01_rx_bond0,,0,False,ridge,1,18.12777280554524,,33,0.0014422079984797165,7981,outer_2,development,False
machine01_rx_bond0,,0,False,ridge,8,18.00519040644456,,264,0.009677041998656932,7918,outer_2,development,False
machine01_rx_bond0,,0,False,lightgbm,1,18.366673979577076,,-200,0.5371863750006014,7981,outer_2,development,False
machine01_rx_bond0,,0,False,lightgbm,8,18.107071404278756,,-1600,4.275284000003012,7918,outer_2,development,False
machine01_rx_bond0,machine01_tx_bond0,1,True,ridge,1,19.143690169324177,,65,0.0026635419999365695,7789,outer_2,development,False
machine01_rx_bond0,machine01_tx_bond0,1,True,ridge,8,19.035842991770547,,520,0.015760082998895086,7726,outer_2,development,False
machine01_rx_bond0,machine01_tx_bond0,1,True,lightgbm,1,20.13451115688429,,-200,0.6252884159985115,7789,outer_2,development,False
machine01_rx_bond0,machine01_tx_bond0,1,True,lightgbm,8,20.06230113921987,,-1600,5.668740749999415,7726,outer_2,development,False
averageRttWithGoogleDns,,0,False,ridge,1,0.4281653057269236,,33,0.0018837499992514495,8279,outer_2,development,False
averageRttWithGoogleDns,,0,False,ridge,8,0.4257858529579539,,264,0.009172500002023298,8272,outer_2,development,False
averageRttWithGoogleDns,,0,False,lightgbm,1,0.5601967148076067,,-200,0.6266676670020388,8279,outer_2,development,False
averageRttWithGoogleDns,,0,False,lightgbm,8,0.5433281266744271,,-1600,5.234173665998242,8272,outer_2,development,False
averageRttWithGoogleDns,"minRttwithGoogleDns,maxrttWithGoogleDns",2,True,ridge,1,0.44479119776377485,,97,0.007558166998933302,8279,outer_2,development,False
averageRttWithGoogleDns,"minRttwithGoogleDns,maxrttWithGoogleDns",2,True,ridge,8,0.4398168896838482,,776,0.0277240420000453,8272,outer_2,development,False
averageRttWithGoogleDns,"minRttwithGoogleDns,maxrttWithGoogleDns",2,True,lightgbm,1,0.6527183283729282,,-200,0.878644209002232,8279,outer_2,development,False
averageRttWithGoogleDns,"minRttwithGoogleDns,maxrttWithGoogleDns",2,True,lightgbm,8,0.5867878808263077,,-1600,8.426964708000014,8272,outer_2,development,False
jitterWithGoogleDns,,0,False,ridge,1,0.33100163948438543,,33,0.001445999998395564,8246,outer_2,development,False
jitterWithGoogleDns,,0,False,ridge,8,0.3267890908034918,,264,0.009684749998996267,8232,outer_2,development,False
jitterWithGoogleDns,,0,False,lightgbm,1,0.339453736807541,,-200,0.5612538749992382,8246,outer_2,development,False
jitterWithGoogleDns,,0,False,lightgbm,8,0.3379997921389344,,-1600,5.034323541000049,8232,outer_2,development,False
jitterWithGoogleDns,"averageRttWithGoogleDns,minRttwithGoogleDns,maxrttWithGoogleDns",3,True,ridge,1,0.3362186101755566,,129,0.006446084000344854,8246,outer_2,development,False
jitterWithGoogleDns,"averageRttWithGoogleDns,minRttwithGoogleDns,maxrttWithGoogleDns",3,True,ridge,8,0.33303255361812484,,1032,0.038879208001162624,8232,outer_2,development,False
jitterWithGoogleDns,"averageRttWithGoogleDns,minRttwithGoogleDns,maxrttWithGoogleDns",3,True,lightgbm,1,0.4797173951211616,,-200,0.8426720409988775,8246,outer_2,development,False
jitterWithGoogleDns,"averageRttWithGoogleDns,minRttwithGoogleDns,maxrttWithGoogleDns",3,True,lightgbm,8,0.47038171779835697,,-1600,8.015926458003378,8232,outer_2,development,False
