hierarchy,base_model,method,threshold,high_load_mae,precision,recall,f1,false_alarms_per_day,signed_bias,operational_class,lightgbm_seed_invariant,dlinear_peak_bias_all_seeds
cpu_core_weighted,dlinear,bottom_up,q90,4.852814697137401,0.5849821065674932,0.6915803903488258,0.6330608180265649,123.79396542985381,-3.2640198084036722,operationally_harmful,False,True
cpu_core_weighted,dlinear,bottom_up,q95,7.569165678256449,0.6584998494244292,0.5834286775463075,0.6175307830971302,41.88790419666059,-5.9656244258096995,operationally_harmful,False,True
cpu_core_weighted,dlinear,independent,q90,4.862412606432101,0.561777288496673,0.7090808622268194,0.6263108207807563,138.2902558954876,-3.120311599345049,n/a,False,True
cpu_core_weighted,dlinear,independent,q95,7.60387591211228,0.6377041522097746,0.5808726513302452,0.6063839406690366,45.654102557889125,-5.719536828327474,n/a,False,True
cpu_core_weighted,dlinear,mint,q90,4.830840292844381,0.5860576770505129,0.6970071843090128,0.6361563802400657,123.97291402047591,-3.22322186414667,operationally_harmful,False,True
cpu_core_weighted,dlinear,mint,q95,7.557907467740961,0.6617002900789178,0.5798354583720967,0.6171447412141617,40.86459114815477,-5.8935200245192005,operationally_harmful,False,True
cpu_core_weighted,dlinear,wls,q90,4.827759394961916,0.584422764020593,0.699160582069827,0.6362278516143607,125.00469738240594,-3.2073324694215533,coherence_only,False,True
cpu_core_weighted,dlinear,wls,q95,7.557150077951525,0.6605638998921407,0.5805626582730171,0.6170833774179522,41.108104524599675,-5.8690146505445995,operationally_harmful,False,True
cpu_core_weighted,lightgbm,bottom_up,q90,3.6204174811993943,0.6206224314808115,0.7750640224469431,0.68878749299295,117.99804454183271,-1.6940931527900565,operational_improvement,True,False
cpu_core_weighted,lightgbm,bottom_up,q95,5.14967449420917,0.643860841258089,0.7906136953664491,0.7078420663034698,61.33532892851277,-3.4086090426929285,recall_focused_tradeoff,True,False
cpu_core_weighted,lightgbm,independent,q90,4.08686120037502,0.5882271394574382,0.7205065541409111,0.6475411436395558,125.55183004644329,-2.466298374869633,n/a,True,False
cpu_core_weighted,lightgbm,independent,q95,6.174198498498044,0.6270553319927572,0.656495637399992,0.6401249554393607,53.390162353690656,-4.490576951288049,n/a,True,False
cpu_core_weighted,lightgbm,mint,q90,3.571172107980365,0.6151061650494594,0.7816343141328903,0.6879101141789694,122.25968046416604,-1.9047256935320556,operational_improvement,True,False
cpu_core_weighted,lightgbm,mint,q95,5.2373088643896235,0.6589083579657122,0.7751111809851072,0.7112518844781396,55.42756177556319,-3.703414753870696,operational_improvement,True,False
cpu_core_weighted,lightgbm,wls,q90,3.5809325018870086,0.614399616109988,0.7830289419865506,0.6880610485415956,122.71046935430802,-1.9653791175180895,operational_improvement,True,False
cpu_core_weighted,lightgbm,wls,q95,5.289799657456045,0.6628612873416428,0.7717952408507384,0.7124198418936538,53.83156284969193,-3.784355757323237,operational_improvement,True,False
cpu_core_weighted,persistence,bottom_up,q90,5.437507662986267,0.6276580162846154,0.6288687582571538,0.6282489286357087,93.1760041260289,-1.4726324718387027,coherence_only,False,False
cpu_core_weighted,persistence,bottom_up,q95,8.08900710578884,0.6326423841737733,0.6363488320226085,0.634439583899999,49.59164157015415,-2.8936658271522955,coherence_only,False,False
cpu_core_weighted,persistence,independent,q90,5.437507662986267,0.6276580162846154,0.6288687582571538,0.6282489286357087,93.1760041260289,-1.4726324718387027,n/a,False,False
cpu_core_weighted,persistence,independent,q95,8.08900710578884,0.6326423841737733,0.6363488320226085,0.634439583899999,49.59164157015415,-2.8936658271522955,n/a,False,False
cpu_core_weighted,persistence,mint,q90,5.437507662986264,0.6276580162846154,0.6288687582571538,0.6282489286357087,93.1760041260289,-1.472632471838673,coherence_only,False,False
cpu_core_weighted,persistence,mint,q95,8.08900710578884,0.6326423841737733,0.6363488320226085,0.634439583899999,49.59164157015415,-2.893665827152264,coherence_only,False,False
cpu_core_weighted,persistence,wls,q90,5.43750766298625,0.6276580162846154,0.6288687582571538,0.6282489286357087,93.1760041260289,-1.4726324718385695,coherence_only,False,False
cpu_core_weighted,persistence,wls,q95,8.08900710578883,0.6326423841737733,0.6363488320226085,0.634439583899999,49.59164157015415,-2.8936658271521654,coherence_only,False,False
cpu_core_weighted,ridge,bottom_up,q90,4.751107926037725,0.6045806703820705,0.6734001431532655,0.6366101603631176,110.58251830381698,-3.1107217742655235,operationally_harmful,False,False
cpu_core_weighted,ridge,bottom_up,q95,7.339100115963136,0.6699875501465585,0.5683506703733912,0.6141600392078919,38.31451750753772,-5.571628472910688,operationally_harmful,False,False
cpu_core_weighted,ridge,independent,q90,4.814660224036587,0.5667229158864429,0.698253216295694,0.6254948593000904,133.46274131182687,-2.931232214576232,n/a,False,False
cpu_core_weighted,ridge,independent,q95,7.435904530482499,0.6367192782532279,0.5727205610876234,0.6019338496723348,44.752881188546844,-5.3134474070893845,n/a,False,False
cpu_core_weighted,ridge,mint,q90,4.738670888859853,0.603680290148049,0.680891695229838,0.6395019333865589,112.00617452605164,-3.063900378267175,operationally_harmful,False,False
cpu_core_weighted,ridge,mint,q95,7.338168865368939,0.6664245583575242,0.5728869494522324,0.6155893182373245,39.09212464898198,-5.5020072124563075,operationally_harmful,False,False
cpu_core_weighted,ridge,wls,q90,4.7406055224513794,0.6003102355921383,0.6871993149957862,0.6405628532562962,114.80180495333363,-3.040925226362029,operationally_harmful,False,False
cpu_core_weighted,ridge,wls,q95,7.347207191740285,0.6671017409858171,0.5699906456119926,0.6141784271468423,38.81704481908272,-5.471616739201871,operationally_harmful,False,False
memory_um,dlinear,bottom_up,q90,3173489308.3432407,0.785162402307475,0.8696627998645305,0.8215719678164218,79.41985544637936,-2264391025.850543,operationally_harmful,False,True
memory_um,dlinear,bottom_up,q95,8132607855.468475,0.8106072676362984,0.6242915785271891,0.693704147749555,23.831546590679398,-7436206584.339569,operationally_harmful,False,True
memory_um,dlinear,independent,q90,3200168524.1706624,0.7980706740945327,0.8309094547901403,0.8083533283867106,66.01944903474875,-2077514953.6065068,n/a,False,True
memory_um,dlinear,independent,q95,7908507174.363103,0.7614198169417055,0.6496117170610358,0.6951119477069755,30.25502746570758,-6963131710.861919,n/a,False,True
memory_um,dlinear,mint,q90,3148807475.2569394,0.7961023315788918,0.8591772325078039,0.8227487815769007,71.18258647377945,-2199416150.880122,coherence_only,False,True
memory_um,dlinear,mint,q95,8019546139.71043,0.8047511658863507,0.6399175192538571,0.703891128114122,24.764800058152623,-7275653486.477555,operationally_harmful,False,True
memory_um,dlinear,wls,q90,3150959819.3772345,0.7958314211501233,0.8590593840010042,0.8225740287369159,71.26514240195034,-2203363120.0648746,coherence_only,False,True
memory_um,dlinear,wls,q95,8018686055.919186,0.8050719310865158,0.6398654729130475,0.7038480972757607,24.764956081410308,-7274186291.472782,operationally_harmful,False,True
memory_um,lightgbm,bottom_up,q90,3146826813.8994064,0.7006862800851699,0.9332101588614782,0.7871609932267771,182.2964115488932,-1862331377.4503024,operational_improvement,True,False
memory_um,lightgbm,bottom_up,q95,6824712485.218579,0.8138443356372169,0.7239379639482737,0.7583961931032646,24.37948151201683,-6005879682.383986,recall_focused_tradeoff,True,False
memory_um,lightgbm,independent,q90,3212753974.0054703,0.7001767617561939,0.9113446737684561,0.7812046172636635,166.75211290553165,-1691087919.157638,n/a,True,False
memory_um,lightgbm,independent,q95,7650966137.568481,0.7675833336887484,0.6982408260923315,0.7304302172492463,26.135961130735964,-6847344736.330503,n/a,True,False
memory_um,lightgbm,mint,q90,3048913291.654684,0.7060848192909559,0.9448044898738617,0.7969857986723403,176.0078984691871,-1816044120.7025614,operational_improvement,True,False
memory_um,lightgbm,mint,q95,6937495543.188353,0.8483051367988143,0.7235930891982169,0.7751023781069395,18.42241687695153,-6287119923.470782,operational_improvement,True,False
memory_um,lightgbm,wls,q90,3025580438.360972,0.703983758634426,0.9445035604946513,0.7953040757257087,177.13303270015348,-1793996692.4668365,operational_improvement,True,False
memory_um,lightgbm,wls,q95,6932014414.995346,0.8459604442327026,0.7232906896159376,0.774207571410201,18.39455322621078,-6302817271.998539,operational_improvement,True,False
memory_um,persistence,bottom_up,q90,3747861615.9744973,0.850109347033656,0.8501758648980406,0.8501425922402173,50.48673143469738,-654234868.9910194,coherence_only,False,False
memory_um,persistence,bottom_up,q95,9638772499.788933,0.7177981053736676,0.717587277989408,0.7176926278315151,33.79549822877648,-2937903315.0005846,coherence_only,False,False
memory_um,persistence,independent,q90,3747861615.9744973,0.850109347033656,0.8501758648980406,0.8501425922402173,50.48673143469738,-654234868.9910194,n/a,False,False
memory_um,persistence,independent,q95,9638772499.788933,0.7177981053736676,0.717587277989408,0.7176926278315151,33.79549822877648,-2937903315.0005846,n/a,False,False
memory_um,persistence,mint,q90,3747861615.9730835,0.850109347033656,0.8501758648980406,0.8501425922402173,50.48673143469738,-654234868.9515224,coherence_only,False,False
memory_um,persistence,mint,q95,9638772499.786299,0.7177981053736676,0.717587277989408,0.7176926278315151,33.79549822877648,-2937903314.961028,coherence_only,False,False
memory_um,persistence,wls,q90,3747861615.97806,0.850109347033656,0.8501758648980406,0.8501425922402173,50.48673143469738,-654234869.0414567,coherence_only,False,False
memory_um,persistence,wls,q95,9638772499.792135,0.7177981053736676,0.717587277989408,0.7176926278315151,33.79549822877648,-2937903315.051052,coherence_only,False,False
memory_um,ridge,bottom_up,q90,3164978110.4523883,0.7875618038326893,0.8674966583366827,0.8210187485395213,76.45343253042088,-2244072139.11841,operational_improvement,False,False
memory_um,ridge,bottom_up,q95,8109167858.369293,0.8148936492354665,0.6246782939376799,0.6967690640098572,22.293984948378547,-7274091507.434975,operationally_harmful,False,False
memory_um,ridge,independent,q90,3203761230.071082,0.7976109641130982,0.8259728052016588,0.8032337225593952,64.83929546454652,-2079037260.0503986,n/a,False,False
memory_um,ridge,independent,q95,7921817408.985545,0.7623239875224894,0.6524621407077622,0.6985673906794945,29.019859067389934,-6856745300.078251,n/a,False,False
memory_um,ridge,mint,q90,3142375559.7593274,0.7971713694586113,0.855838700334576,0.8205496016778518,69.04069455653843,-2187048658.442073,coherence_only,False,False
memory_um,ridge,mint,q95,8007231478.2119465,0.8065313851622637,0.6406712765170632,0.7059374619519876,23.501824136962718,-7129911432.849828,operationally_harmful,False,False
memory_um,ridge,wls,q90,3144136275.695122,0.7971213340358354,0.8562537855718413,0.8207444647255484,69.09560566326155,-2191026800.5513635,coherence_only,False,False
memory_um,ridge,wls,q95,8007861596.74447,0.8066761550267537,0.6404007677366412,0.7057053944827175,23.58431368156649,-7132303079.737419,operationally_harmful,False,False
