run_id,experiment_stage,eligible_for_final_claims,evaluation_role,freeze_commit,freeze_tag,source_experiment_freeze_tag,dataset_fingerprint,config_hash,pack_id,pack_hash,hierarchy,fold,horizon,context,base_model,seed,prediction_hash,summing_matrix_hash,wall_train_sec_sum,top_mae_independent,reconciliation_method,nonnegative,coherence_error_before,coherence_error_after,is_coherent_after,top_mae,bottom_mae_mean,neg_pred_rate
base__cpu_core_weighted__f0__h1__dlinear__s1__independent__nn0,final_robustness_extension,True,robustness_extension,bb6e12a267e3121c689224c66f605eb9efc63384,final-robustness-extension-freeze-v2,experiment-freeze-v2,bf06dc0e7fe6ff5e,f19707c2a6f24478,dlinear_seed_robustness,ecd66cd4bc4a7770,cpu_core_weighted,0,1,32,dlinear,1,b4bd4ea079bd42a1,abe0cd1cb9555ccb,2.0005544169998757,312.74972007357223,independent,False,111.7871754317808,111.7871754317808,False,312.74972007357223,55.60767337300563,0.0002063131834124
base__cpu_core_weighted__f0__h1__dlinear__s1__bottom_up__nn0,final_robustness_extension,True,robustness_extension,bb6e12a267e3121c689224c66f605eb9efc63384,final-robustness-extension-freeze-v2,experiment-freeze-v2,bf06dc0e7fe6ff5e,f19707c2a6f24478,dlinear_seed_robustness,ecd66cd4bc4a7770,cpu_core_weighted,0,1,32,dlinear,1,b4bd4ea079bd42a1,abe0cd1cb9555ccb,2.0005544169998757,312.74972007357223,bottom_up,False,111.7871754317808,0.0,True,287.9474683135467,55.60767337300563,0.0004126263668248
base__cpu_core_weighted__f0__h1__dlinear__s1__wls__nn0,final_robustness_extension,True,robustness_extension,bb6e12a267e3121c689224c66f605eb9efc63384,final-robustness-extension-freeze-v2,experiment-freeze-v2,bf06dc0e7fe6ff5e,f19707c2a6f24478,dlinear_seed_robustness,ecd66cd4bc4a7770,cpu_core_weighted,0,1,32,dlinear,1,b4bd4ea079bd42a1,abe0cd1cb9555ccb,2.0005544169998757,312.74972007357223,wls,False,111.7871754317808,0.0,True,291.4301493275064,56.53535864964661,0.0002063131834124
base__cpu_core_weighted__f0__h1__dlinear__s1__mint__nn0,final_robustness_extension,True,robustness_extension,bb6e12a267e3121c689224c66f605eb9efc63384,final-robustness-extension-freeze-v2,experiment-freeze-v2,bf06dc0e7fe6ff5e,f19707c2a6f24478,dlinear_seed_robustness,ecd66cd4bc4a7770,cpu_core_weighted,0,1,32,dlinear,1,b4bd4ea079bd42a1,abe0cd1cb9555ccb,2.0005544169998757,312.74972007357223,mint,False,111.7871754317808,0.0,True,289.1179405700636,55.928101638596466,0.0002063131834124
base__cpu_core_weighted__f0__h1__dlinear__s2__independent__nn0,final_robustness_extension,True,robustness_extension,bb6e12a267e3121c689224c66f605eb9efc63384,final-robustness-extension-freeze-v2,experiment-freeze-v2,bf06dc0e7fe6ff5e,f19707c2a6f24478,dlinear_seed_robustness,ecd66cd4bc4a7770,cpu_core_weighted,0,1,32,dlinear,2,762dcaf69c165e33,abe0cd1cb9555ccb,1.1057155009984854,316.5820837892716,independent,False,110.32141607195008,110.32141607195008,False,316.5820837892716,56.42434141818868,0.0
base__cpu_core_weighted__f0__h1__dlinear__s2__bottom_up__nn0,final_robustness_extension,True,robustness_extension,bb6e12a267e3121c689224c66f605eb9efc63384,final-robustness-extension-freeze-v2,experiment-freeze-v2,bf06dc0e7fe6ff5e,f19707c2a6f24478,dlinear_seed_robustness,ecd66cd4bc4a7770,cpu_core_weighted,0,1,32,dlinear,2,762dcaf69c165e33,abe0cd1cb9555ccb,1.1057155009984854,316.5820837892716,bottom_up,False,110.32141607195008,0.0,True,293.7510537790743,56.42434141818868,0.0
base__cpu_core_weighted__f0__h1__dlinear__s2__wls__nn0,final_robustness_extension,True,robustness_extension,bb6e12a267e3121c689224c66f605eb9efc63384,final-robustness-extension-freeze-v2,experiment-freeze-v2,bf06dc0e7fe6ff5e,f19707c2a6f24478,dlinear_seed_robustness,ecd66cd4bc4a7770,cpu_core_weighted,0,1,32,dlinear,2,762dcaf69c165e33,abe0cd1cb9555ccb,1.1057155009984854,316.5820837892716,wls,False,110.32141607195008,0.0,True,296.605714173314,57.14121995211715,0.0
base__cpu_core_weighted__f0__h1__dlinear__s2__mint__nn0,final_robustness_extension,True,robustness_extension,bb6e12a267e3121c689224c66f605eb9efc63384,final-robustness-extension-freeze-v2,experiment-freeze-v2,bf06dc0e7fe6ff5e,f19707c2a6f24478,dlinear_seed_robustness,ecd66cd4bc4a7770,cpu_core_weighted,0,1,32,dlinear,2,762dcaf69c165e33,abe0cd1cb9555ccb,1.1057155009984854,316.5820837892716,mint,False,110.32141607195008,0.0,True,294.6767335809304,56.674815054471146,0.0
base__cpu_core_weighted__f0__h8__dlinear__s1__independent__nn0,final_robustness_extension,True,robustness_extension,bb6e12a267e3121c689224c66f605eb9efc63384,final-robustness-extension-freeze-v2,experiment-freeze-v2,bf06dc0e7fe6ff5e,f19707c2a6f24478,dlinear_seed_robustness,ecd66cd4bc4a7770,cpu_core_weighted,0,8,32,dlinear,1,618fe6bdd6bbba47,abe0cd1cb9555ccb,1.1749900419981714,307.5298870240003,independent,False,99.68604404631928,99.68604404631928,False,307.5298870240003,55.66872585418254,0.0
base__cpu_core_weighted__f0__h8__dlinear__s1__bottom_up__nn0,final_robustness_extension,True,robustness_extension,bb6e12a267e3121c689224c66f605eb9efc63384,final-robustness-extension-freeze-v2,experiment-freeze-v2,bf06dc0e7fe6ff5e,f19707c2a6f24478,dlinear_seed_robustness,ecd66cd4bc4a7770,cpu_core_weighted,0,8,32,dlinear,1,618fe6bdd6bbba47,abe0cd1cb9555ccb,1.1749900419981714,307.5298870240003,bottom_up,False,99.68604404631928,0.0,True,289.90007425427405,55.66872585418254,0.0002328288707799
base__cpu_core_weighted__f0__h8__dlinear__s1__wls__nn0,final_robustness_extension,True,robustness_extension,bb6e12a267e3121c689224c66f605eb9efc63384,final-robustness-extension-freeze-v2,experiment-freeze-v2,bf06dc0e7fe6ff5e,f19707c2a6f24478,dlinear_seed_robustness,ecd66cd4bc4a7770,cpu_core_weighted,0,8,32,dlinear,1,618fe6bdd6bbba47,abe0cd1cb9555ccb,1.1749900419981714,307.5298870240003,wls,False,99.68604404631928,0.0,True,291.7706187849698,56.16184123885661,0.0
base__cpu_core_weighted__f0__h8__dlinear__s1__mint__nn0,final_robustness_extension,True,robustness_extension,bb6e12a267e3121c689224c66f605eb9efc63384,final-robustness-extension-freeze-v2,experiment-freeze-v2,bf06dc0e7fe6ff5e,f19707c2a6f24478,dlinear_seed_robustness,ecd66cd4bc4a7770,cpu_core_weighted,0,8,32,dlinear,1,618fe6bdd6bbba47,abe0cd1cb9555ccb,1.1749900419981714,307.5298870240003,mint,False,99.68604404631928,0.0,True,289.9825841802501,55.681135839672926,0.0
base__cpu_core_weighted__f0__h8__dlinear__s2__independent__nn0,final_robustness_extension,True,robustness_extension,bb6e12a267e3121c689224c66f605eb9efc63384,final-robustness-extension-freeze-v2,experiment-freeze-v2,bf06dc0e7fe6ff5e,f19707c2a6f24478,dlinear_seed_robustness,ecd66cd4bc4a7770,cpu_core_weighted,0,8,32,dlinear,2,b004bf027da0e394,abe0cd1cb9555ccb,1.3317451249968144,315.1904535860228,independent,False,103.20025888587324,103.20025888587324,False,315.1904535860228,57.17750618315116,0.0
base__cpu_core_weighted__f0__h8__dlinear__s2__bottom_up__nn0,final_robustness_extension,True,robustness_extension,bb6e12a267e3121c689224c66f605eb9efc63384,final-robustness-extension-freeze-v2,experiment-freeze-v2,bf06dc0e7fe6ff5e,f19707c2a6f24478,dlinear_seed_robustness,ecd66cd4bc4a7770,cpu_core_weighted,0,8,32,dlinear,2,b004bf027da0e394,abe0cd1cb9555ccb,1.3317451249968144,315.1904535860228,bottom_up,False,103.20025888587324,0.0,True,298.565957935266,57.17750618315116,0.0
base__cpu_core_weighted__f0__h8__dlinear__s2__wls__nn0,final_robustness_extension,True,robustness_extension,bb6e12a267e3121c689224c66f605eb9efc63384,final-robustness-extension-freeze-v2,experiment-freeze-v2,bf06dc0e7fe6ff5e,f19707c2a6f24478,dlinear_seed_robustness,ecd66cd4bc4a7770,cpu_core_weighted,0,8,32,dlinear,2,b004bf027da0e394,abe0cd1cb9555ccb,1.3317451249968144,315.1904535860228,wls,False,103.20025888587324,0.0,True,300.1097735506863,57.4833011741679,0.0
base__cpu_core_weighted__f0__h8__dlinear__s2__mint__nn0,final_robustness_extension,True,robustness_extension,bb6e12a267e3121c689224c66f605eb9efc63384,final-robustness-extension-freeze-v2,experiment-freeze-v2,bf06dc0e7fe6ff5e,f19707c2a6f24478,dlinear_seed_robustness,ecd66cd4bc4a7770,cpu_core_weighted,0,8,32,dlinear,2,b004bf027da0e394,abe0cd1cb9555ccb,1.3317451249968144,315.1904535860228,mint,False,103.20025888587324,0.0,True,298.5722320602464,57.153247477555325,0.0
base__cpu_core_weighted__f0__h16__dlinear__s1__independent__nn0,final_robustness_extension,True,robustness_extension,bb6e12a267e3121c689224c66f605eb9efc63384,final-robustness-extension-freeze-v2,experiment-freeze-v2,bf06dc0e7fe6ff5e,f19707c2a6f24478,dlinear_seed_robustness,ecd66cd4bc4a7770,cpu_core_weighted,0,16,32,dlinear,1,9c775b3387fbb49f,abe0cd1cb9555ccb,1.3424882930012243,311.96902692821976,independent,False,119.10457628405712,119.10457628405712,False,311.96902692821976,55.56218736013262,0.0002697599136768
base__cpu_core_weighted__f0__h16__dlinear__s1__bottom_up__nn0,final_robustness_extension,True,robustness_extension,bb6e12a267e3121c689224c66f605eb9efc63384,final-robustness-extension-freeze-v2,experiment-freeze-v2,bf06dc0e7fe6ff5e,f19707c2a6f24478,dlinear_seed_robustness,ecd66cd4bc4a7770,cpu_core_weighted,0,16,32,dlinear,1,9c775b3387fbb49f,abe0cd1cb9555ccb,1.3424882930012243,311.96902692821976,bottom_up,False,119.10457628405712,0.0,True,288.29303696583105,55.56218736013262,0.0005395198273536
base__cpu_core_weighted__f0__h16__dlinear__s1__wls__nn0,final_robustness_extension,True,robustness_extension,bb6e12a267e3121c689224c66f605eb9efc63384,final-robustness-extension-freeze-v2,experiment-freeze-v2,bf06dc0e7fe6ff5e,f19707c2a6f24478,dlinear_seed_robustness,ecd66cd4bc4a7770,cpu_core_weighted,0,16,32,dlinear,1,9c775b3387fbb49f,abe0cd1cb9555ccb,1.3424882930012243,311.96902692821976,wls,False,119.10457628405712,0.0,True,291.46569122897836,56.489024025120976,0.0002697599136768
base__cpu_core_weighted__f0__h16__dlinear__s1__mint__nn0,final_robustness_extension,True,robustness_extension,bb6e12a267e3121c689224c66f605eb9efc63384,final-robustness-extension-freeze-v2,experiment-freeze-v2,bf06dc0e7fe6ff5e,f19707c2a6f24478,dlinear_seed_robustness,ecd66cd4bc4a7770,cpu_core_weighted,0,16,32,dlinear,1,9c775b3387fbb49f,abe0cd1cb9555ccb,1.3424882930012243,311.96902692821976,mint,False,119.10457628405712,0.0,True,289.0127674347396,55.73939495780387,0.0002697599136768
base__cpu_core_weighted__f0__h16__dlinear__s2__independent__nn0,final_robustness_extension,True,robustness_extension,bb6e12a267e3121c689224c66f605eb9efc63384,final-robustness-extension-freeze-v2,experiment-freeze-v2,bf06dc0e7fe6ff5e,f19707c2a6f24478,dlinear_seed_robustness,ecd66cd4bc4a7770,cpu_core_weighted,0,16,32,dlinear,2,3cfafc32772429ec,abe0cd1cb9555ccb,1.3418617050028845,313.13619809782153,independent,False,120.3560676120714,120.3560676120714,False,313.13619809782153,56.90156221570789,0.0002697599136768
base__cpu_core_weighted__f0__h16__dlinear__s2__bottom_up__nn0,final_robustness_extension,True,robustness_extension,bb6e12a267e3121c689224c66f605eb9efc63384,final-robustness-extension-freeze-v2,experiment-freeze-v2,bf06dc0e7fe6ff5e,f19707c2a6f24478,dlinear_seed_robustness,ecd66cd4bc4a7770,cpu_core_weighted,0,16,32,dlinear,2,3cfafc32772429ec,abe0cd1cb9555ccb,1.3418617050028845,313.13619809782153,bottom_up,False,120.3560676120714,0.0,True,298.6632399125921,56.90156221570789,0.0
base__cpu_core_weighted__f0__h16__dlinear__s2__wls__nn0,final_robustness_extension,True,robustness_extension,bb6e12a267e3121c689224c66f605eb9efc63384,final-robustness-extension-freeze-v2,experiment-freeze-v2,bf06dc0e7fe6ff5e,f19707c2a6f24478,dlinear_seed_robustness,ecd66cd4bc4a7770,cpu_core_weighted,0,16,32,dlinear,2,3cfafc32772429ec,abe0cd1cb9555ccb,1.3418617050028845,313.13619809782153,wls,False,120.3560676120714,0.0,True,298.67706348773856,57.13652001956065,0.0
base__cpu_core_weighted__f0__h16__dlinear__s2__mint__nn0,final_robustness_extension,True,robustness_extension,bb6e12a267e3121c689224c66f605eb9efc63384,final-robustness-extension-freeze-v2,experiment-freeze-v2,bf06dc0e7fe6ff5e,f19707c2a6f24478,dlinear_seed_robustness,ecd66cd4bc4a7770,cpu_core_weighted,0,16,32,dlinear,2,3cfafc32772429ec,abe0cd1cb9555ccb,1.3418617050028845,313.13619809782153,mint,False,120.3560676120714,0.0,True,297.7549694799136,56.76541054685504,0.0
base__cpu_core_weighted__f1__h1__dlinear__s1__independent__nn0,final_robustness_extension,True,robustness_extension,bb6e12a267e3121c689224c66f605eb9efc63384,final-robustness-extension-freeze-v2,experiment-freeze-v2,bf06dc0e7fe6ff5e,f19707c2a6f24478,dlinear_seed_robustness,ecd66cd4bc4a7770,cpu_core_weighted,1,1,32,dlinear,1,667785433f6497b5,abe0cd1cb9555ccb,1.6446098739979789,242.64833231768657,independent,False,106.0728934870648,106.0728934870648,False,242.64833231768657,43.65406261248647,0.0005702337958563
base__cpu_core_weighted__f1__h1__dlinear__s1__bottom_up__nn0,final_robustness_extension,True,robustness_extension,bb6e12a267e3121c689224c66f605eb9efc63384,final-robustness-extension-freeze-v2,experiment-freeze-v2,bf06dc0e7fe6ff5e,f19707c2a6f24478,dlinear_seed_robustness,ecd66cd4bc4a7770,cpu_core_weighted,1,1,32,dlinear,1,667785433f6497b5,abe0cd1cb9555ccb,1.6446098739979789,242.64833231768657,bottom_up,False,106.0728934870648,0.0,True,216.45577748533304,43.65406261248647,0.0003801558639042
base__cpu_core_weighted__f1__h1__dlinear__s1__wls__nn0,final_robustness_extension,True,robustness_extension,bb6e12a267e3121c689224c66f605eb9efc63384,final-robustness-extension-freeze-v2,experiment-freeze-v2,bf06dc0e7fe6ff5e,f19707c2a6f24478,dlinear_seed_robustness,ecd66cd4bc4a7770,cpu_core_weighted,1,1,32,dlinear,1,667785433f6497b5,abe0cd1cb9555ccb,1.6446098739979789,242.64833231768657,wls,False,106.0728934870648,0.0,True,220.7997104040726,44.80844959398108,0.0003801558639042
base__cpu_core_weighted__f1__h1__dlinear__s1__mint__nn0,final_robustness_extension,True,robustness_extension,bb6e12a267e3121c689224c66f605eb9efc63384,final-robustness-extension-freeze-v2,experiment-freeze-v2,bf06dc0e7fe6ff5e,f19707c2a6f24478,dlinear_seed_robustness,ecd66cd4bc4a7770,cpu_core_weighted,1,1,32,dlinear,1,667785433f6497b5,abe0cd1cb9555ccb,1.6446098739979789,242.64833231768657,mint,False,106.0728934870648,0.0,True,220.4969636523941,44.74651950885033,0.0001900779319521
base__cpu_core_weighted__f1__h1__dlinear__s2__independent__nn0,final_robustness_extension,True,robustness_extension,bb6e12a267e3121c689224c66f605eb9efc63384,final-robustness-extension-freeze-v2,experiment-freeze-v2,bf06dc0e7fe6ff5e,f19707c2a6f24478,dlinear_seed_robustness,ecd66cd4bc4a7770,cpu_core_weighted,1,1,32,dlinear,2,ecabc66632aa7519,abe0cd1cb9555ccb,2.1918450850025692,243.01432729285253,independent,False,110.57446269932989,110.57446269932989,False,243.01432729285253,44.2859526387449,0.0005702337958563
base__cpu_core_weighted__f1__h1__dlinear__s2__bottom_up__nn0,final_robustness_extension,True,robustness_extension,bb6e12a267e3121c689224c66f605eb9efc63384,final-robustness-extension-freeze-v2,experiment-freeze-v2,bf06dc0e7fe6ff5e,f19707c2a6f24478,dlinear_seed_robustness,ecd66cd4bc4a7770,cpu_core_weighted,1,1,32,dlinear,2,ecabc66632aa7519,abe0cd1cb9555ccb,2.1918450850025692,243.01432729285253,bottom_up,False,110.57446269932989,0.0,True,218.9948482021104,44.2859526387449,0.0003801558639042
base__cpu_core_weighted__f1__h1__dlinear__s2__wls__nn0,final_robustness_extension,True,robustness_extension,bb6e12a267e3121c689224c66f605eb9efc63384,final-robustness-extension-freeze-v2,experiment-freeze-v2,bf06dc0e7fe6ff5e,f19707c2a6f24478,dlinear_seed_robustness,ecd66cd4bc4a7770,cpu_core_weighted,1,1,32,dlinear,2,ecabc66632aa7519,abe0cd1cb9555ccb,2.1918450850025692,243.01432729285253,wls,False,110.57446269932989,0.0,True,222.0688004227875,44.98996805143879,0.0001900779319521
base__cpu_core_weighted__f1__h1__dlinear__s2__mint__nn0,final_robustness_extension,True,robustness_extension,bb6e12a267e3121c689224c66f605eb9efc63384,final-robustness-extension-freeze-v2,experiment-freeze-v2,bf06dc0e7fe6ff5e,f19707c2a6f24478,dlinear_seed_robustness,ecd66cd4bc4a7770,cpu_core_weighted,1,1,32,dlinear,2,ecabc66632aa7519,abe0cd1cb9555ccb,2.1918450850025692,243.01432729285253,mint,False,110.57446269932989,0.0,True,221.9412095103172,44.94154753509357,0.0001900779319521
base__cpu_core_weighted__f1__h8__dlinear__s1__independent__nn0,final_robustness_extension,True,robustness_extension,bb6e12a267e3121c689224c66f605eb9efc63384,final-robustness-extension-freeze-v2,experiment-freeze-v2,bf06dc0e7fe6ff5e,f19707c2a6f24478,dlinear_seed_robustness,ecd66cd4bc4a7770,cpu_core_weighted,1,8,32,dlinear,1,b8984c1710198ff7,abe0cd1cb9555ccb,1.9278008339970256,244.75094393649135,independent,False,103.34228558759762,103.34228558759762,False,244.75094393649135,44.70355146502884,0.0002092925910422
base__cpu_core_weighted__f1__h8__dlinear__s1__bottom_up__nn0,final_robustness_extension,True,robustness_extension,bb6e12a267e3121c689224c66f605eb9efc63384,final-robustness-extension-freeze-v2,experiment-freeze-v2,bf06dc0e7fe6ff5e,f19707c2a6f24478,dlinear_seed_robustness,ecd66cd4bc4a7770,cpu_core_weighted,1,8,32,dlinear,1,b8984c1710198ff7,abe0cd1cb9555ccb,1.9278008339970256,244.75094393649135,bottom_up,False,103.34228558759762,0.0,True,221.8689985740638,44.70355146502884,0.0004185851820845
base__cpu_core_weighted__f1__h8__dlinear__s1__wls__nn0,final_robustness_extension,True,robustness_extension,bb6e12a267e3121c689224c66f605eb9efc63384,final-robustness-extension-freeze-v2,experiment-freeze-v2,bf06dc0e7fe6ff5e,f19707c2a6f24478,dlinear_seed_robustness,ecd66cd4bc4a7770,cpu_core_weighted,1,8,32,dlinear,1,b8984c1710198ff7,abe0cd1cb9555ccb,1.9278008339970256,244.75094393649135,wls,False,103.34228558759762,0.0,True,225.19290660530032,45.474254578284864,0.0002092925910422
base__cpu_core_weighted__f1__h8__dlinear__s1__mint__nn0,final_robustness_extension,True,robustness_extension,bb6e12a267e3121c689224c66f605eb9efc63384,final-robustness-extension-freeze-v2,experiment-freeze-v2,bf06dc0e7fe6ff5e,f19707c2a6f24478,dlinear_seed_robustness,ecd66cd4bc4a7770,cpu_core_weighted,1,8,32,dlinear,1,b8984c1710198ff7,abe0cd1cb9555ccb,1.9278008339970256,244.75094393649135,mint,False,103.34228558759762,0.0,True,225.03528826235143,45.43127271992133,0.0002092925910422
base__cpu_core_weighted__f1__h8__dlinear__s2__independent__nn0,final_robustness_extension,True,robustness_extension,bb6e12a267e3121c689224c66f605eb9efc63384,final-robustness-extension-freeze-v2,experiment-freeze-v2,bf06dc0e7fe6ff5e,f19707c2a6f24478,dlinear_seed_robustness,ecd66cd4bc4a7770,cpu_core_weighted,1,8,32,dlinear,2,52fee8d9db3bc98b,abe0cd1cb9555ccb,2.2742762509951717,245.29954034929168,independent,False,94.89751128289468,94.89751128289468,False,245.29954034929168,44.44812397330141,0.0002092925910422
base__cpu_core_weighted__f1__h8__dlinear__s2__bottom_up__nn0,final_robustness_extension,True,robustness_extension,bb6e12a267e3121c689224c66f605eb9efc63384,final-robustness-extension-freeze-v2,experiment-freeze-v2,bf06dc0e7fe6ff5e,f19707c2a6f24478,dlinear_seed_robustness,ecd66cd4bc4a7770,cpu_core_weighted,1,8,32,dlinear,2,52fee8d9db3bc98b,abe0cd1cb9555ccb,2.2742762509951717,245.29954034929168,bottom_up,False,94.89751128289468,0.0,True,220.63034228846428,44.44812397330141,0.0004185851820845
base__cpu_core_weighted__f1__h8__dlinear__s2__wls__nn0,final_robustness_extension,True,robustness_extension,bb6e12a267e3121c689224c66f605eb9efc63384,final-robustness-extension-freeze-v2,experiment-freeze-v2,bf06dc0e7fe6ff5e,f19707c2a6f24478,dlinear_seed_robustness,ecd66cd4bc4a7770,cpu_core_weighted,1,8,32,dlinear,2,52fee8d9db3bc98b,abe0cd1cb9555ccb,2.2742762509951717,245.29954034929168,wls,False,94.89751128289468,0.0,True,225.84243728526505,45.5006110970436,0.0002092925910422
base__cpu_core_weighted__f1__h8__dlinear__s2__mint__nn0,final_robustness_extension,True,robustness_extension,bb6e12a267e3121c689224c66f605eb9efc63384,final-robustness-extension-freeze-v2,experiment-freeze-v2,bf06dc0e7fe6ff5e,f19707c2a6f24478,dlinear_seed_robustness,ecd66cd4bc4a7770,cpu_core_weighted,1,8,32,dlinear,2,52fee8d9db3bc98b,abe0cd1cb9555ccb,2.2742762509951717,245.29954034929168,mint,False,94.89751128289468,0.0,True,225.43607361382143,45.42797909427878,0.0002092925910422
base__cpu_core_weighted__f1__h16__dlinear__s1__independent__nn0,final_robustness_extension,True,robustness_extension,bb6e12a267e3121c689224c66f605eb9efc63384,final-robustness-extension-freeze-v2,experiment-freeze-v2,bf06dc0e7fe6ff5e,f19707c2a6f24478,dlinear_seed_robustness,ecd66cd4bc4a7770,cpu_core_weighted,1,16,32,dlinear,1,51dbf0a447e6d4ac,abe0cd1cb9555ccb,1.9202935840039572,244.1864809960608,independent,False,100.2239135316439,100.2239135316439,False,244.1864809960608,44.471429844436365,0.0002316423442205
base__cpu_core_weighted__f1__h16__dlinear__s1__bottom_up__nn0,final_robustness_extension,True,robustness_extension,bb6e12a267e3121c689224c66f605eb9efc63384,final-robustness-extension-freeze-v2,experiment-freeze-v2,bf06dc0e7fe6ff5e,f19707c2a6f24478,dlinear_seed_robustness,ecd66cd4bc4a7770,cpu_core_weighted,1,16,32,dlinear,1,51dbf0a447e6d4ac,abe0cd1cb9555ccb,1.9202935840039572,244.1864809960608,bottom_up,False,100.2239135316439,0.0,True,220.29816729323775,44.471429844436365,0.0002316423442205
base__cpu_core_weighted__f1__h16__dlinear__s1__wls__nn0,final_robustness_extension,True,robustness_extension,bb6e12a267e3121c689224c66f605eb9efc63384,final-robustness-extension-freeze-v2,experiment-freeze-v2,bf06dc0e7fe6ff5e,f19707c2a6f24478,dlinear_seed_robustness,ecd66cd4bc4a7770,cpu_core_weighted,1,16,32,dlinear,1,51dbf0a447e6d4ac,abe0cd1cb9555ccb,1.9202935840039572,244.1864809960608,wls,False,100.2239135316439,0.0,True,224.28053858684007,45.464117757886605,0.0002316423442205
base__cpu_core_weighted__f1__h16__dlinear__s1__mint__nn0,final_robustness_extension,True,robustness_extension,bb6e12a267e3121c689224c66f605eb9efc63384,final-robustness-extension-freeze-v2,experiment-freeze-v2,bf06dc0e7fe6ff5e,f19707c2a6f24478,dlinear_seed_robustness,ecd66cd4bc4a7770,cpu_core_weighted,1,16,32,dlinear,1,51dbf0a447e6d4ac,abe0cd1cb9555ccb,1.9202935840039572,244.1864809960608,mint,False,100.2239135316439,0.0,True,224.0059790014457,45.394683543018274,0.0002316423442205
base__cpu_core_weighted__f1__h16__dlinear__s2__independent__nn0,final_robustness_extension,True,robustness_extension,bb6e12a267e3121c689224c66f605eb9efc63384,final-robustness-extension-freeze-v2,experiment-freeze-v2,bf06dc0e7fe6ff5e,f19707c2a6f24478,dlinear_seed_robustness,ecd66cd4bc4a7770,cpu_core_weighted,1,16,32,dlinear,2,8e64312ee67eab8a,abe0cd1cb9555ccb,1.9811615019971216,242.7718505845469,independent,False,106.0223651684782,106.0223651684782,False,242.7718505845469,44.72407949534523,0.0002316423442205
base__cpu_core_weighted__f1__h16__dlinear__s2__bottom_up__nn0,final_robustness_extension,True,robustness_extension,bb6e12a267e3121c689224c66f605eb9efc63384,final-robustness-extension-freeze-v2,experiment-freeze-v2,bf06dc0e7fe6ff5e,f19707c2a6f24478,dlinear_seed_robustness,ecd66cd4bc4a7770,cpu_core_weighted,1,16,32,dlinear,2,8e64312ee67eab8a,abe0cd1cb9555ccb,1.9811615019971216,242.7718505845469,bottom_up,False,106.0223651684782,0.0,True,222.7954970533882,44.72407949534523,0.0002316423442205
base__cpu_core_weighted__f1__h16__dlinear__s2__wls__nn0,final_robustness_extension,True,robustness_extension,bb6e12a267e3121c689224c66f605eb9efc63384,final-robustness-extension-freeze-v2,experiment-freeze-v2,bf06dc0e7fe6ff5e,f19707c2a6f24478,dlinear_seed_robustness,ecd66cd4bc4a7770,cpu_core_weighted,1,16,32,dlinear,2,8e64312ee67eab8a,abe0cd1cb9555ccb,1.9811615019971216,242.7718505845469,wls,False,106.0223651684782,0.0,True,224.50303097755295,45.21263226449172,0.0002316423442205
base__cpu_core_weighted__f1__h16__dlinear__s2__mint__nn0,final_robustness_extension,True,robustness_extension,bb6e12a267e3121c689224c66f605eb9efc63384,final-robustness-extension-freeze-v2,experiment-freeze-v2,bf06dc0e7fe6ff5e,f19707c2a6f24478,dlinear_seed_robustness,ecd66cd4bc4a7770,cpu_core_weighted,1,16,32,dlinear,2,8e64312ee67eab8a,abe0cd1cb9555ccb,1.9811615019971216,242.7718505845469,mint,False,106.0223651684782,0.0,True,224.1790709169212,45.11151981300561,0.0002316423442205
base__cpu_core_weighted__f2__h1__dlinear__s1__independent__nn0,final_robustness_extension,True,robustness_extension,bb6e12a267e3121c689224c66f605eb9efc63384,final-robustness-extension-freeze-v2,experiment-freeze-v2,bf06dc0e7fe6ff5e,f19707c2a6f24478,dlinear_seed_robustness,ecd66cd4bc4a7770,cpu_core_weighted,2,1,32,dlinear,1,7accfc1ed5af2904,abe0cd1cb9555ccb,1.9200854979972064,326.85567001475346,independent,False,138.2509999715413,138.2509999715413,False,326.85567001475346,63.320797789015785,0.0008244023083264
base__cpu_core_weighted__f2__h1__dlinear__s1__bottom_up__nn0,final_robustness_extension,True,robustness_extension,bb6e12a267e3121c689224c66f605eb9efc63384,final-robustness-extension-freeze-v2,experiment-freeze-v2,bf06dc0e7fe6ff5e,f19707c2a6f24478,dlinear_seed_robustness,ecd66cd4bc4a7770,cpu_core_weighted,2,1,32,dlinear,1,7accfc1ed5af2904,abe0cd1cb9555ccb,1.9200854979972064,326.85567001475346,bottom_up,False,138.2509999715413,0.0,True,311.99732426541755,63.320797789015785,0.0002061005770816
base__cpu_core_weighted__f2__h1__dlinear__s1__wls__nn0,final_robustness_extension,True,robustness_extension,bb6e12a267e3121c689224c66f605eb9efc63384,final-robustness-extension-freeze-v2,experiment-freeze-v2,bf06dc0e7fe6ff5e,f19707c2a6f24478,dlinear_seed_robustness,ecd66cd4bc4a7770,cpu_core_weighted,2,1,32,dlinear,1,7accfc1ed5af2904,abe0cd1cb9555ccb,1.9200854979972064,326.85567001475346,wls,False,138.2509999715413,0.0,True,308.4639514056124,63.93613534200709,0.0002061005770816
base__cpu_core_weighted__f2__h1__dlinear__s1__mint__nn0,final_robustness_extension,True,robustness_extension,bb6e12a267e3121c689224c66f605eb9efc63384,final-robustness-extension-freeze-v2,experiment-freeze-v2,bf06dc0e7fe6ff5e,f19707c2a6f24478,dlinear_seed_robustness,ecd66cd4bc4a7770,cpu_core_weighted,2,1,32,dlinear,1,7accfc1ed5af2904,abe0cd1cb9555ccb,1.9200854979972064,326.85567001475346,mint,False,138.2509999715413,0.0,True,308.43680513029324,63.5074648047771,0.0002061005770816
base__cpu_core_weighted__f2__h1__dlinear__s2__independent__nn0,final_robustness_extension,True,robustness_extension,bb6e12a267e3121c689224c66f605eb9efc63384,final-robustness-extension-freeze-v2,experiment-freeze-v2,bf06dc0e7fe6ff5e,f19707c2a6f24478,dlinear_seed_robustness,ecd66cd4bc4a7770,cpu_core_weighted,2,1,32,dlinear,2,8d4b5beb2719591d,abe0cd1cb9555ccb,2.628842790993076,325.6234470883823,independent,False,126.33134156577192,126.33134156577192,False,325.6234470883823,62.20662377799312,0.0008244023083264
base__cpu_core_weighted__f2__h1__dlinear__s2__bottom_up__nn0,final_robustness_extension,True,robustness_extension,bb6e12a267e3121c689224c66f605eb9efc63384,final-robustness-extension-freeze-v2,experiment-freeze-v2,bf06dc0e7fe6ff5e,f19707c2a6f24478,dlinear_seed_robustness,ecd66cd4bc4a7770,cpu_core_weighted,2,1,32,dlinear,2,8d4b5beb2719591d,abe0cd1cb9555ccb,2.628842790993076,325.6234470883823,bottom_up,False,126.33134156577192,0.0,True,305.7996988190685,62.20662377799312,0.0006183017312448
base__cpu_core_weighted__f2__h1__dlinear__s2__wls__nn0,final_robustness_extension,True,robustness_extension,bb6e12a267e3121c689224c66f605eb9efc63384,final-robustness-extension-freeze-v2,experiment-freeze-v2,bf06dc0e7fe6ff5e,f19707c2a6f24478,dlinear_seed_robustness,ecd66cd4bc4a7770,cpu_core_weighted,2,1,32,dlinear,2,8d4b5beb2719591d,abe0cd1cb9555ccb,2.628842790993076,325.6234470883823,wls,False,126.33134156577192,0.0,True,306.1219514536669,63.52712324482182,0.0002061005770816
base__cpu_core_weighted__f2__h1__dlinear__s2__mint__nn0,final_robustness_extension,True,robustness_extension,bb6e12a267e3121c689224c66f605eb9efc63384,final-robustness-extension-freeze-v2,experiment-freeze-v2,bf06dc0e7fe6ff5e,f19707c2a6f24478,dlinear_seed_robustness,ecd66cd4bc4a7770,cpu_core_weighted,2,1,32,dlinear,2,8d4b5beb2719591d,abe0cd1cb9555ccb,2.628842790993076,325.6234470883823,mint,False,126.33134156577192,0.0,True,305.12483377103933,63.00141961150806,0.0002061005770816
base__cpu_core_weighted__f2__h8__dlinear__s1__independent__nn0,final_robustness_extension,True,robustness_extension,bb6e12a267e3121c689224c66f605eb9efc63384,final-robustness-extension-freeze-v2,experiment-freeze-v2,bf06dc0e7fe6ff5e,f19707c2a6f24478,dlinear_seed_robustness,ecd66cd4bc4a7770,cpu_core_weighted,2,8,32,dlinear,1,1f84d6a868eeecfb,abe0cd1cb9555ccb,2.2481279999956314,329.78646386123035,independent,False,139.56526715854037,139.56526715854037,False,329.78646386123035,63.74874570076721,0.0006910850034554
base__cpu_core_weighted__f2__h8__dlinear__s1__bottom_up__nn0,final_robustness_extension,True,robustness_extension,bb6e12a267e3121c689224c66f605eb9efc63384,final-robustness-extension-freeze-v2,experiment-freeze-v2,bf06dc0e7fe6ff5e,f19707c2a6f24478,dlinear_seed_robustness,ecd66cd4bc4a7770,cpu_core_weighted,2,8,32,dlinear,1,1f84d6a868eeecfb,abe0cd1cb9555ccb,2.2481279999956314,329.78646386123035,bottom_up,False,139.56526715854037,0.0,True,313.02440084791345,63.74874570076721,0.0002303616678184
base__cpu_core_weighted__f2__h8__dlinear__s1__wls__nn0,final_robustness_extension,True,robustness_extension,bb6e12a267e3121c689224c66f605eb9efc63384,final-robustness-extension-freeze-v2,experiment-freeze-v2,bf06dc0e7fe6ff5e,f19707c2a6f24478,dlinear_seed_robustness,ecd66cd4bc4a7770,cpu_core_weighted,2,8,32,dlinear,1,1f84d6a868eeecfb,abe0cd1cb9555ccb,2.2481279999956314,329.78646386123035,wls,False,139.56526715854037,0.0,True,310.8598129827943,64.08364182059152,0.0002303616678184
base__cpu_core_weighted__f2__h8__dlinear__s1__mint__nn0,final_robustness_extension,True,robustness_extension,bb6e12a267e3121c689224c66f605eb9efc63384,final-robustness-extension-freeze-v2,experiment-freeze-v2,bf06dc0e7fe6ff5e,f19707c2a6f24478,dlinear_seed_robustness,ecd66cd4bc4a7770,cpu_core_weighted,2,8,32,dlinear,1,1f84d6a868eeecfb,abe0cd1cb9555ccb,2.2481279999956314,329.78646386123035,mint,False,139.56526715854037,0.0,True,310.4282960146528,63.778861879064145,0.0002303616678184
base__cpu_core_weighted__f2__h8__dlinear__s2__independent__nn0,final_robustness_extension,True,robustness_extension,bb6e12a267e3121c689224c66f605eb9efc63384,final-robustness-extension-freeze-v2,experiment-freeze-v2,bf06dc0e7fe6ff5e,f19707c2a6f24478,dlinear_seed_robustness,ecd66cd4bc4a7770,cpu_core_weighted,2,8,32,dlinear,2,b35c480dff7bb4cc,abe0cd1cb9555ccb,2.3965733330078365,329.80475328707877,independent,False,112.70866205612188,112.70866205612188,False,329.80475328707877,64.13732381077826,0.0002303616678184
base__cpu_core_weighted__f2__h8__dlinear__s2__bottom_up__nn0,final_robustness_extension,True,robustness_extension,bb6e12a267e3121c689224c66f605eb9efc63384,final-robustness-extension-freeze-v2,experiment-freeze-v2,bf06dc0e7fe6ff5e,f19707c2a6f24478,dlinear_seed_robustness,ecd66cd4bc4a7770,cpu_core_weighted,2,8,32,dlinear,2,b35c480dff7bb4cc,abe0cd1cb9555ccb,2.3965733330078365,329.80475328707877,bottom_up,False,112.70866205612188,0.0,True,315.5663775584014,64.13732381077826,0.0002303616678184
base__cpu_core_weighted__f2__h8__dlinear__s2__wls__nn0,final_robustness_extension,True,robustness_extension,bb6e12a267e3121c689224c66f605eb9efc63384,final-robustness-extension-freeze-v2,experiment-freeze-v2,bf06dc0e7fe6ff5e,f19707c2a6f24478,dlinear_seed_robustness,ecd66cd4bc4a7770,cpu_core_weighted,2,8,32,dlinear,2,b35c480dff7bb4cc,abe0cd1cb9555ccb,2.3965733330078365,329.80475328707877,wls,False,112.70866205612188,0.0,True,315.21910144372407,64.53738023954428,0.0002303616678184
base__cpu_core_weighted__f2__h8__dlinear__s2__mint__nn0,final_robustness_extension,True,robustness_extension,bb6e12a267e3121c689224c66f605eb9efc63384,final-robustness-extension-freeze-v2,experiment-freeze-v2,bf06dc0e7fe6ff5e,f19707c2a6f24478,dlinear_seed_robustness,ecd66cd4bc4a7770,cpu_core_weighted,2,8,32,dlinear,2,b35c480dff7bb4cc,abe0cd1cb9555ccb,2.3965733330078365,329.80475328707877,mint,False,112.70866205612188,0.0,True,314.6742794864079,64.3592539375932,0.0002303616678184
base__cpu_core_weighted__f2__h16__dlinear__s1__independent__nn0,final_robustness_extension,True,robustness_extension,bb6e12a267e3121c689224c66f605eb9efc63384,final-robustness-extension-freeze-v2,experiment-freeze-v2,bf06dc0e7fe6ff5e,f19707c2a6f24478,dlinear_seed_robustness,ecd66cd4bc4a7770,cpu_core_weighted,2,16,32,dlinear,1,3c990b717121a40b,abe0cd1cb9555ccb,2.1357299989977037,330.3116968803403,independent,False,131.23143536126213,131.23143536126213,False,330.3116968803403,64.66712273073922,0.0007898894154818
base__cpu_core_weighted__f2__h16__dlinear__s1__bottom_up__nn0,final_robustness_extension,True,robustness_extension,bb6e12a267e3121c689224c66f605eb9efc63384,final-robustness-extension-freeze-v2,experiment-freeze-v2,bf06dc0e7fe6ff5e,f19707c2a6f24478,dlinear_seed_robustness,ecd66cd4bc4a7770,cpu_core_weighted,2,16,32,dlinear,1,3c990b717121a40b,abe0cd1cb9555ccb,2.1357299989977037,330.3116968803403,bottom_up,False,131.23143536126213,0.0,True,316.47468519709884,64.66712273073922,0.0002632964718272
base__cpu_core_weighted__f2__h16__dlinear__s1__wls__nn0,final_robustness_extension,True,robustness_extension,bb6e12a267e3121c689224c66f605eb9efc63384,final-robustness-extension-freeze-v2,experiment-freeze-v2,bf06dc0e7fe6ff5e,f19707c2a6f24478,dlinear_seed_robustness,ecd66cd4bc4a7770,cpu_core_weighted,2,16,32,dlinear,1,3c990b717121a40b,abe0cd1cb9555ccb,2.1357299989977037,330.3116968803403,wls,False,131.23143536126213,0.0,True,314.3840483570088,65.15960507221355,0.0002632964718272
base__cpu_core_weighted__f2__h16__dlinear__s1__mint__nn0,final_robustness_extension,True,robustness_extension,bb6e12a267e3121c689224c66f605eb9efc63384,final-robustness-extension-freeze-v2,experiment-freeze-v2,bf06dc0e7fe6ff5e,f19707c2a6f24478,dlinear_seed_robustness,ecd66cd4bc4a7770,cpu_core_weighted,2,16,32,dlinear,1,3c990b717121a40b,abe0cd1cb9555ccb,2.1357299989977037,330.3116968803403,mint,False,131.23143536126213,0.0,True,314.0470589650479,64.86250731432527,0.0002632964718272
base__cpu_core_weighted__f2__h16__dlinear__s2__independent__nn0,final_robustness_extension,True,robustness_extension,bb6e12a267e3121c689224c66f605eb9efc63384,final-robustness-extension-freeze-v2,experiment-freeze-v2,bf06dc0e7fe6ff5e,f19707c2a6f24478,dlinear_seed_robustness,ecd66cd4bc4a7770,cpu_core_weighted,2,16,32,dlinear,2,f37753a89b54e105,abe0cd1cb9555ccb,2.326006499999494,331.6666429645258,independent,False,125.8575172185747,125.8575172185747,False,331.6666429645258,64.30874352456422,0.0005265929436545
base__cpu_core_weighted__f2__h16__dlinear__s2__bottom_up__nn0,final_robustness_extension,True,robustness_extension,bb6e12a267e3121c689224c66f605eb9efc63384,final-robustness-extension-freeze-v2,experiment-freeze-v2,bf06dc0e7fe6ff5e,f19707c2a6f24478,dlinear_seed_robustness,ecd66cd4bc4a7770,cpu_core_weighted,2,16,32,dlinear,2,f37753a89b54e105,abe0cd1cb9555ccb,2.326006499999494,331.6666429645258,bottom_up,False,125.8575172185747,0.0,True,314.3859586957628,64.30874352456422,0.0002632964718272
base__cpu_core_weighted__f2__h16__dlinear__s2__wls__nn0,final_robustness_extension,True,robustness_extension,bb6e12a267e3121c689224c66f605eb9efc63384,final-robustness-extension-freeze-v2,experiment-freeze-v2,bf06dc0e7fe6ff5e,f19707c2a6f24478,dlinear_seed_robustness,ecd66cd4bc4a7770,cpu_core_weighted,2,16,32,dlinear,2,f37753a89b54e105,abe0cd1cb9555ccb,2.326006499999494,331.6666429645258,wls,False,125.8575172185747,0.0,True,314.2215864981278,65.03383213062241,0.0002632964718272
base__cpu_core_weighted__f2__h16__dlinear__s2__mint__nn0,final_robustness_extension,True,robustness_extension,bb6e12a267e3121c689224c66f605eb9efc63384,final-robustness-extension-freeze-v2,experiment-freeze-v2,bf06dc0e7fe6ff5e,f19707c2a6f24478,dlinear_seed_robustness,ecd66cd4bc4a7770,cpu_core_weighted,2,16,32,dlinear,2,f37753a89b54e105,abe0cd1cb9555ccb,2.326006499999494,331.6666429645258,mint,False,125.8575172185747,0.0,True,313.5000402228909,64.68917082989252,0.0002632964718272
base__memory_um__f0__h1__dlinear__s1__independent__nn0,final_robustness_extension,True,robustness_extension,bb6e12a267e3121c689224c66f605eb9efc63384,final-robustness-extension-freeze-v2,experiment-freeze-v2,bf06dc0e7fe6ff5e,f19707c2a6f24478,dlinear_seed_robustness,ecd66cd4bc4a7770,memory_um,0,1,32,dlinear,1,9acdef996afce4a6,abe0cd1cb9555ccb,1.153089874998841,1341642528.9338136,independent,False,426205990.1625042,426205990.1625042,False,1341642528.9338136,264245860.49027228,0.0
base__memory_um__f0__h1__dlinear__s1__bottom_up__nn0,final_robustness_extension,True,robustness_extension,bb6e12a267e3121c689224c66f605eb9efc63384,final-robustness-extension-freeze-v2,experiment-freeze-v2,bf06dc0e7fe6ff5e,f19707c2a6f24478,dlinear_seed_robustness,ecd66cd4bc4a7770,memory_um,0,1,32,dlinear,1,9acdef996afce4a6,abe0cd1cb9555ccb,1.153089874998841,1341642528.9338136,bottom_up,False,426205990.1625042,0.0,True,1282500335.0896914,264245860.49027228,0.0
base__memory_um__f0__h1__dlinear__s1__wls__nn0,final_robustness_extension,True,robustness_extension,bb6e12a267e3121c689224c66f605eb9efc63384,final-robustness-extension-freeze-v2,experiment-freeze-v2,bf06dc0e7fe6ff5e,f19707c2a6f24478,dlinear_seed_robustness,ecd66cd4bc4a7770,memory_um,0,1,32,dlinear,1,9acdef996afce4a6,abe0cd1cb9555ccb,1.153089874998841,1341642528.9338136,wls,False,426205990.1625042,0.0,True,1280308331.775755,265352635.05906487,0.0
base__memory_um__f0__h1__dlinear__s1__mint__nn0,final_robustness_extension,True,robustness_extension,bb6e12a267e3121c689224c66f605eb9efc63384,final-robustness-extension-freeze-v2,experiment-freeze-v2,bf06dc0e7fe6ff5e,f19707c2a6f24478,dlinear_seed_robustness,ecd66cd4bc4a7770,memory_um,0,1,32,dlinear,1,9acdef996afce4a6,abe0cd1cb9555ccb,1.153089874998841,1341642528.9338136,mint,False,426205990.1625042,0.0,True,1279143676.6099043,264795973.83420643,0.0
base__memory_um__f0__h1__dlinear__s2__independent__nn0,final_robustness_extension,True,robustness_extension,bb6e12a267e3121c689224c66f605eb9efc63384,final-robustness-extension-freeze-v2,experiment-freeze-v2,bf06dc0e7fe6ff5e,f19707c2a6f24478,dlinear_seed_robustness,ecd66cd4bc4a7770,memory_um,0,1,32,dlinear,2,53ceb8b0c7af1e55,abe0cd1cb9555ccb,1.2715740430030564,1342112238.0998075,independent,False,456945698.1447493,456945698.1447493,False,1342112238.0998075,276028853.1048942,0.0
base__memory_um__f0__h1__dlinear__s2__bottom_up__nn0,final_robustness_extension,True,robustness_extension,bb6e12a267e3121c689224c66f605eb9efc63384,final-robustness-extension-freeze-v2,experiment-freeze-v2,bf06dc0e7fe6ff5e,f19707c2a6f24478,dlinear_seed_robustness,ecd66cd4bc4a7770,memory_um,0,1,32,dlinear,2,53ceb8b0c7af1e55,abe0cd1cb9555ccb,1.2715740430030564,1342112238.0998075,bottom_up,False,456945698.1447493,0.0,True,1337857115.53044,276028853.1048942,0.0
base__memory_um__f0__h1__dlinear__s2__wls__nn0,final_robustness_extension,True,robustness_extension,bb6e12a267e3121c689224c66f605eb9efc63384,final-robustness-extension-freeze-v2,experiment-freeze-v2,bf06dc0e7fe6ff5e,f19707c2a6f24478,dlinear_seed_robustness,ecd66cd4bc4a7770,memory_um,0,1,32,dlinear,2,53ceb8b0c7af1e55,abe0cd1cb9555ccb,1.2715740430030564,1342112238.0998075,wls,False,456945698.1447493,0.0,True,1316841627.8783777,276465658.71839315,0.0
base__memory_um__f0__h1__dlinear__s2__mint__nn0,final_robustness_extension,True,robustness_extension,bb6e12a267e3121c689224c66f605eb9efc63384,final-robustness-extension-freeze-v2,experiment-freeze-v2,bf06dc0e7fe6ff5e,f19707c2a6f24478,dlinear_seed_robustness,ecd66cd4bc4a7770,memory_um,0,1,32,dlinear,2,53ceb8b0c7af1e55,abe0cd1cb9555ccb,1.2715740430030564,1342112238.0998075,mint,False,456945698.1447493,0.0,True,1317886610.2539024,276387067.07622766,0.0
base__memory_um__f0__h8__dlinear__s1__independent__nn0,final_robustness_extension,True,robustness_extension,bb6e12a267e3121c689224c66f605eb9efc63384,final-robustness-extension-freeze-v2,experiment-freeze-v2,bf06dc0e7fe6ff5e,f19707c2a6f24478,dlinear_seed_robustness,ecd66cd4bc4a7770,memory_um,0,8,32,dlinear,1,4840b252cebae3fc,abe0cd1cb9555ccb,1.3211678760017094,1368538216.7719264,independent,False,456630295.9656225,456630295.9656225,False,1368538216.7719264,261477840.0220318,0.0
base__memory_um__f0__h8__dlinear__s1__bottom_up__nn0,final_robustness_extension,True,robustness_extension,bb6e12a267e3121c689224c66f605eb9efc63384,final-robustness-extension-freeze-v2,experiment-freeze-v2,bf06dc0e7fe6ff5e,f19707c2a6f24478,dlinear_seed_robustness,ecd66cd4bc4a7770,memory_um,0,8,32,dlinear,1,4840b252cebae3fc,abe0cd1cb9555ccb,1.3211678760017094,1368538216.7719264,bottom_up,False,456630295.9656225,0.0,True,1254704821.655651,261477840.0220318,0.0
base__memory_um__f0__h8__dlinear__s1__wls__nn0,final_robustness_extension,True,robustness_extension,bb6e12a267e3121c689224c66f605eb9efc63384,final-robustness-extension-freeze-v2,experiment-freeze-v2,bf06dc0e7fe6ff5e,f19707c2a6f24478,dlinear_seed_robustness,ecd66cd4bc4a7770,memory_um,0,8,32,dlinear,1,4840b252cebae3fc,abe0cd1cb9555ccb,1.3211678760017094,1368538216.7719264,wls,False,456630295.9656225,0.0,True,1278375137.7857482,266933020.69205505,0.0
base__memory_um__f0__h8__dlinear__s1__mint__nn0,final_robustness_extension,True,robustness_extension,bb6e12a267e3121c689224c66f605eb9efc63384,final-robustness-extension-freeze-v2,experiment-freeze-v2,bf06dc0e7fe6ff5e,f19707c2a6f24478,dlinear_seed_robustness,ecd66cd4bc4a7770,memory_um,0,8,32,dlinear,1,4840b252cebae3fc,abe0cd1cb9555ccb,1.3211678760017094,1368538216.7719264,mint,False,456630295.9656225,0.0,True,1271154575.830348,264803860.66946608,0.0
base__memory_um__f0__h8__dlinear__s2__independent__nn0,final_robustness_extension,True,robustness_extension,bb6e12a267e3121c689224c66f605eb9efc63384,final-robustness-extension-freeze-v2,experiment-freeze-v2,bf06dc0e7fe6ff5e,f19707c2a6f24478,dlinear_seed_robustness,ecd66cd4bc4a7770,memory_um,0,8,32,dlinear,2,7d9790939415fa47,abe0cd1cb9555ccb,1.3292355429985037,1600707736.3900597,independent,False,584748972.1732961,584748972.1732961,False,1600707736.3900597,285563403.2984485,0.0
base__memory_um__f0__h8__dlinear__s2__bottom_up__nn0,final_robustness_extension,True,robustness_extension,bb6e12a267e3121c689224c66f605eb9efc63384,final-robustness-extension-freeze-v2,experiment-freeze-v2,bf06dc0e7fe6ff5e,f19707c2a6f24478,dlinear_seed_robustness,ecd66cd4bc4a7770,memory_um,0,8,32,dlinear,2,7d9790939415fa47,abe0cd1cb9555ccb,1.3292355429985037,1600707736.3900597,bottom_up,False,584748972.1732961,0.0,True,1380891951.8403738,285563403.2984485,0.0
base__memory_um__f0__h8__dlinear__s2__wls__nn0,final_robustness_extension,True,robustness_extension,bb6e12a267e3121c689224c66f605eb9efc63384,final-robustness-extension-freeze-v2,experiment-freeze-v2,bf06dc0e7fe6ff5e,f19707c2a6f24478,dlinear_seed_robustness,ecd66cd4bc4a7770,memory_um,0,8,32,dlinear,2,7d9790939415fa47,abe0cd1cb9555ccb,1.3292355429985037,1600707736.3900597,wls,False,584748972.1732961,0.0,True,1438352225.063982,294643206.0164741,0.0
base__memory_um__f0__h8__dlinear__s2__mint__nn0,final_robustness_extension,True,robustness_extension,bb6e12a267e3121c689224c66f605eb9efc63384,final-robustness-extension-freeze-v2,experiment-freeze-v2,bf06dc0e7fe6ff5e,f19707c2a6f24478,dlinear_seed_robustness,ecd66cd4bc4a7770,memory_um,0,8,32,dlinear,2,7d9790939415fa47,abe0cd1cb9555ccb,1.3292355429985037,1600707736.3900597,mint,False,584748972.1732961,0.0,True,1416321050.0157015,290380603.96926105,0.0
base__memory_um__f0__h16__dlinear__s1__independent__nn0,final_robustness_extension,True,robustness_extension,bb6e12a267e3121c689224c66f605eb9efc63384,final-robustness-extension-freeze-v2,experiment-freeze-v2,bf06dc0e7fe6ff5e,f19707c2a6f24478,dlinear_seed_robustness,ecd66cd4bc4a7770,memory_um,0,16,32,dlinear,1,9c67abc24479ac9a,abe0cd1cb9555ccb,1.246736665001663,1351460849.0060005,independent,False,402989375.0767776,402989375.0767776,False,1351460849.0060005,269502207.8212699,0.0
base__memory_um__f0__h16__dlinear__s1__bottom_up__nn0,final_robustness_extension,True,robustness_extension,bb6e12a267e3121c689224c66f605eb9efc63384,final-robustness-extension-freeze-v2,experiment-freeze-v2,bf06dc0e7fe6ff5e,f19707c2a6f24478,dlinear_seed_robustness,ecd66cd4bc4a7770,memory_um,0,16,32,dlinear,1,9c67abc24479ac9a,abe0cd1cb9555ccb,1.246736665001663,1351460849.0060005,bottom_up,False,402989375.0767776,0.0,True,1291864173.4255064,269502207.8212699,0.0
base__memory_um__f0__h16__dlinear__s1__wls__nn0,final_robustness_extension,True,robustness_extension,bb6e12a267e3121c689224c66f605eb9efc63384,final-robustness-extension-freeze-v2,experiment-freeze-v2,bf06dc0e7fe6ff5e,f19707c2a6f24478,dlinear_seed_robustness,ecd66cd4bc4a7770,memory_um,0,16,32,dlinear,1,9c67abc24479ac9a,abe0cd1cb9555ccb,1.246736665001663,1351460849.0060005,wls,False,402989375.0767776,0.0,True,1296714082.035089,273954613.8425022,0.0
base__memory_um__f0__h16__dlinear__s1__mint__nn0,final_robustness_extension,True,robustness_extension,bb6e12a267e3121c689224c66f605eb9efc63384,final-robustness-extension-freeze-v2,experiment-freeze-v2,bf06dc0e7fe6ff5e,f19707c2a6f24478,dlinear_seed_robustness,ecd66cd4bc4a7770,memory_um,0,16,32,dlinear,1,9c67abc24479ac9a,abe0cd1cb9555ccb,1.246736665001663,1351460849.0060005,mint,False,402989375.0767776,0.0,True,1293806896.8056438,273012392.91177285,0.0
base__memory_um__f0__h16__dlinear__s2__independent__nn0,final_robustness_extension,True,robustness_extension,bb6e12a267e3121c689224c66f605eb9efc63384,final-robustness-extension-freeze-v2,experiment-freeze-v2,bf06dc0e7fe6ff5e,f19707c2a6f24478,dlinear_seed_robustness,ecd66cd4bc4a7770,memory_um,0,16,32,dlinear,2,1fed9c300218e6d8,abe0cd1cb9555ccb,1.377136958995834,1393497020.5925777,independent,False,529072246.86218697,529072246.86218697,False,1393497020.5925777,289102414.74909085,0.0
base__memory_um__f0__h16__dlinear__s2__bottom_up__nn0,final_robustness_extension,True,robustness_extension,bb6e12a267e3121c689224c66f605eb9efc63384,final-robustness-extension-freeze-v2,experiment-freeze-v2,bf06dc0e7fe6ff5e,f19707c2a6f24478,dlinear_seed_robustness,ecd66cd4bc4a7770,memory_um,0,16,32,dlinear,2,1fed9c300218e6d8,abe0cd1cb9555ccb,1.377136958995834,1393497020.5925777,bottom_up,False,529072246.86218697,0.0,True,1400298306.5383697,289102414.74909085,0.0
base__memory_um__f0__h16__dlinear__s2__wls__nn0,final_robustness_extension,True,robustness_extension,bb6e12a267e3121c689224c66f605eb9efc63384,final-robustness-extension-freeze-v2,experiment-freeze-v2,bf06dc0e7fe6ff5e,f19707c2a6f24478,dlinear_seed_robustness,ecd66cd4bc4a7770,memory_um,0,16,32,dlinear,2,1fed9c300218e6d8,abe0cd1cb9555ccb,1.377136958995834,1393497020.5925777,wls,False,529072246.86218697,0.0,True,1367547069.698006,295114074.12328154,0.0
base__memory_um__f0__h16__dlinear__s2__mint__nn0,final_robustness_extension,True,robustness_extension,bb6e12a267e3121c689224c66f605eb9efc63384,final-robustness-extension-freeze-v2,experiment-freeze-v2,bf06dc0e7fe6ff5e,f19707c2a6f24478,dlinear_seed_robustness,ecd66cd4bc4a7770,memory_um,0,16,32,dlinear,2,1fed9c300218e6d8,abe0cd1cb9555ccb,1.377136958995834,1393497020.5925777,mint,False,529072246.86218697,0.0,True,1371102034.437272,293472602.0190576,0.0
base__memory_um__f1__h1__dlinear__s1__independent__nn0,final_robustness_extension,True,robustness_extension,bb6e12a267e3121c689224c66f605eb9efc63384,final-robustness-extension-freeze-v2,experiment-freeze-v2,bf06dc0e7fe6ff5e,f19707c2a6f24478,dlinear_seed_robustness,ecd66cd4bc4a7770,memory_um,1,1,32,dlinear,1,b2bc0c8341896fd0,abe0cd1cb9555ccb,2.2520874590009043,835042020.9050137,independent,False,308961110.060936,308961110.060936,False,835042020.9050137,177182364.2887784,0.0
base__memory_um__f1__h1__dlinear__s1__bottom_up__nn0,final_robustness_extension,True,robustness_extension,bb6e12a267e3121c689224c66f605eb9efc63384,final-robustness-extension-freeze-v2,experiment-freeze-v2,bf06dc0e7fe6ff5e,f19707c2a6f24478,dlinear_seed_robustness,ecd66cd4bc4a7770,memory_um,1,1,32,dlinear,1,b2bc0c8341896fd0,abe0cd1cb9555ccb,2.2520874590009043,835042020.9050137,bottom_up,False,308961110.060936,0.0,True,789788087.818767,177182364.2887784,0.0
base__memory_um__f1__h1__dlinear__s1__wls__nn0,final_robustness_extension,True,robustness_extension,bb6e12a267e3121c689224c66f605eb9efc63384,final-robustness-extension-freeze-v2,experiment-freeze-v2,bf06dc0e7fe6ff5e,f19707c2a6f24478,dlinear_seed_robustness,ecd66cd4bc4a7770,memory_um,1,1,32,dlinear,1,b2bc0c8341896fd0,abe0cd1cb9555ccb,2.2520874590009043,835042020.9050137,wls,False,308961110.060936,0.0,True,784987446.2757449,176421543.09061798,0.0
base__memory_um__f1__h1__dlinear__s1__mint__nn0,final_robustness_extension,True,robustness_extension,bb6e12a267e3121c689224c66f605eb9efc63384,final-robustness-extension-freeze-v2,experiment-freeze-v2,bf06dc0e7fe6ff5e,f19707c2a6f24478,dlinear_seed_robustness,ecd66cd4bc4a7770,memory_um,1,1,32,dlinear,1,b2bc0c8341896fd0,abe0cd1cb9555ccb,2.2520874590009043,835042020.9050137,mint,False,308961110.060936,0.0,True,785173797.7174767,176191950.3396975,0.0
base__memory_um__f1__h1__dlinear__s2__independent__nn0,final_robustness_extension,True,robustness_extension,bb6e12a267e3121c689224c66f605eb9efc63384,final-robustness-extension-freeze-v2,experiment-freeze-v2,bf06dc0e7fe6ff5e,f19707c2a6f24478,dlinear_seed_robustness,ecd66cd4bc4a7770,memory_um,1,1,32,dlinear,2,2c9a31f9a85e7b7b,abe0cd1cb9555ccb,2.5615393339976436,836233490.9888268,independent,False,294593879.10703707,294593879.10703707,False,836233490.9888268,175652373.48504195,0.0
base__memory_um__f1__h1__dlinear__s2__bottom_up__nn0,final_robustness_extension,True,robustness_extension,bb6e12a267e3121c689224c66f605eb9efc63384,final-robustness-extension-freeze-v2,experiment-freeze-v2,bf06dc0e7fe6ff5e,f19707c2a6f24478,dlinear_seed_robustness,ecd66cd4bc4a7770,memory_um,1,1,32,dlinear,2,2c9a31f9a85e7b7b,abe0cd1cb9555ccb,2.5615393339976436,836233490.9888268,bottom_up,False,294593879.10703707,0.0,True,804186280.5178248,175652373.48504195,0.0
base__memory_um__f1__h1__dlinear__s2__wls__nn0,final_robustness_extension,True,robustness_extension,bb6e12a267e3121c689224c66f605eb9efc63384,final-robustness-extension-freeze-v2,experiment-freeze-v2,bf06dc0e7fe6ff5e,f19707c2a6f24478,dlinear_seed_robustness,ecd66cd4bc4a7770,memory_um,1,1,32,dlinear,2,2c9a31f9a85e7b7b,abe0cd1cb9555ccb,2.5615393339976436,836233490.9888268,wls,False,294593879.10703707,0.0,True,796969617.4532963,175057824.3667956,0.0
base__memory_um__f1__h1__dlinear__s2__mint__nn0,final_robustness_extension,True,robustness_extension,bb6e12a267e3121c689224c66f605eb9efc63384,final-robustness-extension-freeze-v2,experiment-freeze-v2,bf06dc0e7fe6ff5e,f19707c2a6f24478,dlinear_seed_robustness,ecd66cd4bc4a7770,memory_um,1,1,32,dlinear,2,2c9a31f9a85e7b7b,abe0cd1cb9555ccb,2.5615393339976436,836233490.9888268,mint,False,294593879.10703707,0.0,True,797087545.8944224,174931263.2417891,0.0
base__memory_um__f1__h8__dlinear__s1__independent__nn0,final_robustness_extension,True,robustness_extension,bb6e12a267e3121c689224c66f605eb9efc63384,final-robustness-extension-freeze-v2,experiment-freeze-v2,bf06dc0e7fe6ff5e,f19707c2a6f24478,dlinear_seed_robustness,ecd66cd4bc4a7770,memory_um,1,8,32,dlinear,1,fbfa263543ddf7af,abe0cd1cb9555ccb,2.2878052110063436,846440845.2396958,independent,False,321775739.93839884,321775739.93839884,False,846440845.2396958,178436697.35536167,0.0
base__memory_um__f1__h8__dlinear__s1__bottom_up__nn0,final_robustness_extension,True,robustness_extension,bb6e12a267e3121c689224c66f605eb9efc63384,final-robustness-extension-freeze-v2,experiment-freeze-v2,bf06dc0e7fe6ff5e,f19707c2a6f24478,dlinear_seed_robustness,ecd66cd4bc4a7770,memory_um,1,8,32,dlinear,1,fbfa263543ddf7af,abe0cd1cb9555ccb,2.2878052110063436,846440845.2396958,bottom_up,False,321775739.93839884,0.0,True,814135817.3139976,178436697.35536167,0.0
base__memory_um__f1__h8__dlinear__s1__wls__nn0,final_robustness_extension,True,robustness_extension,bb6e12a267e3121c689224c66f605eb9efc63384,final-robustness-extension-freeze-v2,experiment-freeze-v2,bf06dc0e7fe6ff5e,f19707c2a6f24478,dlinear_seed_robustness,ecd66cd4bc4a7770,memory_um,1,8,32,dlinear,1,fbfa263543ddf7af,abe0cd1cb9555ccb,2.2878052110063436,846440845.2396958,wls,False,321775739.93839884,0.0,True,805020064.0723344,177373940.85059854,0.0
base__memory_um__f1__h8__dlinear__s1__mint__nn0,final_robustness_extension,True,robustness_extension,bb6e12a267e3121c689224c66f605eb9efc63384,final-robustness-extension-freeze-v2,experiment-freeze-v2,bf06dc0e7fe6ff5e,f19707c2a6f24478,dlinear_seed_robustness,ecd66cd4bc4a7770,memory_um,1,8,32,dlinear,1,fbfa263543ddf7af,abe0cd1cb9555ccb,2.2878052110063436,846440845.2396958,mint,False,321775739.93839884,0.0,True,805044241.3326281,177008956.5496243,0.0
base__memory_um__f1__h8__dlinear__s2__independent__nn0,final_robustness_extension,True,robustness_extension,bb6e12a267e3121c689224c66f605eb9efc63384,final-robustness-extension-freeze-v2,experiment-freeze-v2,bf06dc0e7fe6ff5e,f19707c2a6f24478,dlinear_seed_robustness,ecd66cd4bc4a7770,memory_um,1,8,32,dlinear,2,9e7d84bb2aca4733,abe0cd1cb9555ccb,2.3416207910049707,837441384.0210297,independent,False,315371101.7092051,315371101.7092051,False,837441384.0210297,183707702.1478138,0.0
base__memory_um__f1__h8__dlinear__s2__bottom_up__nn0,final_robustness_extension,True,robustness_extension,bb6e12a267e3121c689224c66f605eb9efc63384,final-robustness-extension-freeze-v2,experiment-freeze-v2,bf06dc0e7fe6ff5e,f19707c2a6f24478,dlinear_seed_robustness,ecd66cd4bc4a7770,memory_um,1,8,32,dlinear,2,9e7d84bb2aca4733,abe0cd1cb9555ccb,2.3416207910049707,837441384.0210297,bottom_up,False,315371101.7092051,0.0,True,810015026.8022116,183707702.1478138,0.0
base__memory_um__f1__h8__dlinear__s2__wls__nn0,final_robustness_extension,True,robustness_extension,bb6e12a267e3121c689224c66f605eb9efc63384,final-robustness-extension-freeze-v2,experiment-freeze-v2,bf06dc0e7fe6ff5e,f19707c2a6f24478,dlinear_seed_robustness,ecd66cd4bc4a7770,memory_um,1,8,32,dlinear,2,9e7d84bb2aca4733,abe0cd1cb9555ccb,2.3416207910049707,837441384.0210297,wls,False,315371101.7092051,0.0,True,798790711.7710268,182468431.8709624,0.0
base__memory_um__f1__h8__dlinear__s2__mint__nn0,final_robustness_extension,True,robustness_extension,bb6e12a267e3121c689224c66f605eb9efc63384,final-robustness-extension-freeze-v2,experiment-freeze-v2,bf06dc0e7fe6ff5e,f19707c2a6f24478,dlinear_seed_robustness,ecd66cd4bc4a7770,memory_um,1,8,32,dlinear,2,9e7d84bb2aca4733,abe0cd1cb9555ccb,2.3416207910049707,837441384.0210297,mint,False,315371101.7092051,0.0,True,798881175.0295172,182190822.59053347,0.0
base__memory_um__f1__h16__dlinear__s1__independent__nn0,final_robustness_extension,True,robustness_extension,bb6e12a267e3121c689224c66f605eb9efc63384,final-robustness-extension-freeze-v2,experiment-freeze-v2,bf06dc0e7fe6ff5e,f19707c2a6f24478,dlinear_seed_robustness,ecd66cd4bc4a7770,memory_um,1,16,32,dlinear,1,e77606709d33f283,abe0cd1cb9555ccb,2.08063304199095,848788268.2440104,independent,False,318838563.5528655,318838563.5528655,False,848788268.2440104,179636298.66443032,0.0
base__memory_um__f1__h16__dlinear__s1__bottom_up__nn0,final_robustness_extension,True,robustness_extension,bb6e12a267e3121c689224c66f605eb9efc63384,final-robustness-extension-freeze-v2,experiment-freeze-v2,bf06dc0e7fe6ff5e,f19707c2a6f24478,dlinear_seed_robustness,ecd66cd4bc4a7770,memory_um,1,16,32,dlinear,1,e77606709d33f283,abe0cd1cb9555ccb,2.08063304199095,848788268.2440104,bottom_up,False,318838563.5528655,0.0,True,794251346.0221783,179636298.66443032,0.0
base__memory_um__f1__h16__dlinear__s1__wls__nn0,final_robustness_extension,True,robustness_extension,bb6e12a267e3121c689224c66f605eb9efc63384,final-robustness-extension-freeze-v2,experiment-freeze-v2,bf06dc0e7fe6ff5e,f19707c2a6f24478,dlinear_seed_robustness,ecd66cd4bc4a7770,memory_um,1,16,32,dlinear,1,e77606709d33f283,abe0cd1cb9555ccb,2.08063304199095,848788268.2440104,wls,False,318838563.5528655,0.0,True,791043489.7628727,178917052.4515677,0.0
base__memory_um__f1__h16__dlinear__s1__mint__nn0,final_robustness_extension,True,robustness_extension,bb6e12a267e3121c689224c66f605eb9efc63384,final-robustness-extension-freeze-v2,experiment-freeze-v2,bf06dc0e7fe6ff5e,f19707c2a6f24478,dlinear_seed_robustness,ecd66cd4bc4a7770,memory_um,1,16,32,dlinear,1,e77606709d33f283,abe0cd1cb9555ccb,2.08063304199095,848788268.2440104,mint,False,318838563.5528655,0.0,True,791327446.0788033,178827464.98173097,0.0
base__memory_um__f1__h16__dlinear__s2__independent__nn0,final_robustness_extension,True,robustness_extension,bb6e12a267e3121c689224c66f605eb9efc63384,final-robustness-extension-freeze-v2,experiment-freeze-v2,bf06dc0e7fe6ff5e,f19707c2a6f24478,dlinear_seed_robustness,ecd66cd4bc4a7770,memory_um,1,16,32,dlinear,2,acb948cf346272b1,abe0cd1cb9555ccb,1.9797332909984109,860186673.0334218,independent,False,316452296.0020378,316452296.0020378,False,860186673.0334218,185298453.10486856,0.0
base__memory_um__f1__h16__dlinear__s2__bottom_up__nn0,final_robustness_extension,True,robustness_extension,bb6e12a267e3121c689224c66f605eb9efc63384,final-robustness-extension-freeze-v2,experiment-freeze-v2,bf06dc0e7fe6ff5e,f19707c2a6f24478,dlinear_seed_robustness,ecd66cd4bc4a7770,memory_um,1,16,32,dlinear,2,acb948cf346272b1,abe0cd1cb9555ccb,1.9797332909984109,860186673.0334218,bottom_up,False,316452296.0020378,0.0,True,806641602.0151223,185298453.10486856,0.0
base__memory_um__f1__h16__dlinear__s2__wls__nn0,final_robustness_extension,True,robustness_extension,bb6e12a267e3121c689224c66f605eb9efc63384,final-robustness-extension-freeze-v2,experiment-freeze-v2,bf06dc0e7fe6ff5e,f19707c2a6f24478,dlinear_seed_robustness,ecd66cd4bc4a7770,memory_um,1,16,32,dlinear,2,acb948cf346272b1,abe0cd1cb9555ccb,1.9797332909984109,860186673.0334218,wls,False,316452296.0020378,0.0,True,805140793.5784646,184906533.34535044,0.0
base__memory_um__f1__h16__dlinear__s2__mint__nn0,final_robustness_extension,True,robustness_extension,bb6e12a267e3121c689224c66f605eb9efc63384,final-robustness-extension-freeze-v2,experiment-freeze-v2,bf06dc0e7fe6ff5e,f19707c2a6f24478,dlinear_seed_robustness,ecd66cd4bc4a7770,memory_um,1,16,32,dlinear,2,acb948cf346272b1,abe0cd1cb9555ccb,1.9797332909984109,860186673.0334218,mint,False,316452296.0020378,0.0,True,805903054.7677052,184902369.19060427,0.0
base__memory_um__f2__h1__dlinear__s1__independent__nn0,final_robustness_extension,True,robustness_extension,bb6e12a267e3121c689224c66f605eb9efc63384,final-robustness-extension-freeze-v2,experiment-freeze-v2,bf06dc0e7fe6ff5e,f19707c2a6f24478,dlinear_seed_robustness,ecd66cd4bc4a7770,memory_um,2,1,32,dlinear,1,cad8beb746e0e2c2,abe0cd1cb9555ccb,2.3997950429948105,1060078627.4855586,independent,False,420822372.8271232,420822372.8271232,False,1060078627.4855586,220130320.747874,0.0
base__memory_um__f2__h1__dlinear__s1__bottom_up__nn0,final_robustness_extension,True,robustness_extension,bb6e12a267e3121c689224c66f605eb9efc63384,final-robustness-extension-freeze-v2,experiment-freeze-v2,bf06dc0e7fe6ff5e,f19707c2a6f24478,dlinear_seed_robustness,ecd66cd4bc4a7770,memory_um,2,1,32,dlinear,1,cad8beb746e0e2c2,abe0cd1cb9555ccb,2.3997950429948105,1060078627.4855586,bottom_up,False,420822372.8271232,0.0,True,1088970658.4786875,220130320.747874,0.0
base__memory_um__f2__h1__dlinear__s1__wls__nn0,final_robustness_extension,True,robustness_extension,bb6e12a267e3121c689224c66f605eb9efc63384,final-robustness-extension-freeze-v2,experiment-freeze-v2,bf06dc0e7fe6ff5e,f19707c2a6f24478,dlinear_seed_robustness,ecd66cd4bc4a7770,memory_um,2,1,32,dlinear,1,cad8beb746e0e2c2,abe0cd1cb9555ccb,2.3997950429948105,1060078627.4855586,wls,False,420822372.8271232,0.0,True,1053543218.4334736,219269619.68343005,0.0
base__memory_um__f2__h1__dlinear__s1__mint__nn0,final_robustness_extension,True,robustness_extension,bb6e12a267e3121c689224c66f605eb9efc63384,final-robustness-extension-freeze-v2,experiment-freeze-v2,bf06dc0e7fe6ff5e,f19707c2a6f24478,dlinear_seed_robustness,ecd66cd4bc4a7770,memory_um,2,1,32,dlinear,1,cad8beb746e0e2c2,abe0cd1cb9555ccb,2.3997950429948105,1060078627.4855586,mint,False,420822372.8271232,0.0,True,1052851462.0479528,218560515.46987453,0.0
base__memory_um__f2__h1__dlinear__s2__independent__nn0,final_robustness_extension,True,robustness_extension,bb6e12a267e3121c689224c66f605eb9efc63384,final-robustness-extension-freeze-v2,experiment-freeze-v2,bf06dc0e7fe6ff5e,f19707c2a6f24478,dlinear_seed_robustness,ecd66cd4bc4a7770,memory_um,2,1,32,dlinear,2,d84525983658772a,abe0cd1cb9555ccb,6.336354333994677,1047857594.3617969,independent,False,413437762.9999718,413437762.9999718,False,1047857594.3617969,219965987.30254883,0.0
base__memory_um__f2__h1__dlinear__s2__bottom_up__nn0,final_robustness_extension,True,robustness_extension,bb6e12a267e3121c689224c66f605eb9efc63384,final-robustness-extension-freeze-v2,experiment-freeze-v2,bf06dc0e7fe6ff5e,f19707c2a6f24478,dlinear_seed_robustness,ecd66cd4bc4a7770,memory_um,2,1,32,dlinear,2,d84525983658772a,abe0cd1cb9555ccb,6.336354333994677,1047857594.3617969,bottom_up,False,413437762.9999718,0.0,True,1089924119.544496,219965987.30254883,0.0
base__memory_um__f2__h1__dlinear__s2__wls__nn0,final_robustness_extension,True,robustness_extension,bb6e12a267e3121c689224c66f605eb9efc63384,final-robustness-extension-freeze-v2,experiment-freeze-v2,bf06dc0e7fe6ff5e,f19707c2a6f24478,dlinear_seed_robustness,ecd66cd4bc4a7770,memory_um,2,1,32,dlinear,2,d84525983658772a,abe0cd1cb9555ccb,6.336354333994677,1047857594.3617969,wls,False,413437762.9999718,0.0,True,1049065310.6556196,218405292.3320671,0.0
base__memory_um__f2__h1__dlinear__s2__mint__nn0,final_robustness_extension,True,robustness_extension,bb6e12a267e3121c689224c66f605eb9efc63384,final-robustness-extension-freeze-v2,experiment-freeze-v2,bf06dc0e7fe6ff5e,f19707c2a6f24478,dlinear_seed_robustness,ecd66cd4bc4a7770,memory_um,2,1,32,dlinear,2,d84525983658772a,abe0cd1cb9555ccb,6.336354333994677,1047857594.3617969,mint,False,413437762.9999718,0.0,True,1047712950.3144736,217853831.26830617,0.0
base__memory_um__f2__h8__dlinear__s1__independent__nn0,final_robustness_extension,True,robustness_extension,bb6e12a267e3121c689224c66f605eb9efc63384,final-robustness-extension-freeze-v2,experiment-freeze-v2,bf06dc0e7fe6ff5e,f19707c2a6f24478,dlinear_seed_robustness,ecd66cd4bc4a7770,memory_um,2,8,32,dlinear,1,b1f25eb9efad1e3c,abe0cd1cb9555ccb,2.528708164991258,1043534124.4204464,independent,False,409620279.77904767,409620279.77904767,False,1043534124.4204464,222503418.9647546,0.0
base__memory_um__f2__h8__dlinear__s1__bottom_up__nn0,final_robustness_extension,True,robustness_extension,bb6e12a267e3121c689224c66f605eb9efc63384,final-robustness-extension-freeze-v2,experiment-freeze-v2,bf06dc0e7fe6ff5e,f19707c2a6f24478,dlinear_seed_robustness,ecd66cd4bc4a7770,memory_um,2,8,32,dlinear,1,b1f25eb9efad1e3c,abe0cd1cb9555ccb,2.528708164991258,1043534124.4204464,bottom_up,False,409620279.77904767,0.0,True,1096835386.279895,222503418.9647546,0.0
base__memory_um__f2__h8__dlinear__s1__wls__nn0,final_robustness_extension,True,robustness_extension,bb6e12a267e3121c689224c66f605eb9efc63384,final-robustness-extension-freeze-v2,experiment-freeze-v2,bf06dc0e7fe6ff5e,f19707c2a6f24478,dlinear_seed_robustness,ecd66cd4bc4a7770,memory_um,2,8,32,dlinear,1,b1f25eb9efad1e3c,abe0cd1cb9555ccb,2.528708164991258,1043534124.4204464,wls,False,409620279.77904767,0.0,True,1052795742.0968314,221044286.375272,0.0
base__memory_um__f2__h8__dlinear__s1__mint__nn0,final_robustness_extension,True,robustness_extension,bb6e12a267e3121c689224c66f605eb9efc63384,final-robustness-extension-freeze-v2,experiment-freeze-v2,bf06dc0e7fe6ff5e,f19707c2a6f24478,dlinear_seed_robustness,ecd66cd4bc4a7770,memory_um,2,8,32,dlinear,1,b1f25eb9efad1e3c,abe0cd1cb9555ccb,2.528708164991258,1043534124.4204464,mint,False,409620279.77904767,0.0,True,1051138787.7667588,220611949.5532485,0.0
base__memory_um__f2__h8__dlinear__s2__independent__nn0,final_robustness_extension,True,robustness_extension,bb6e12a267e3121c689224c66f605eb9efc63384,final-robustness-extension-freeze-v2,experiment-freeze-v2,bf06dc0e7fe6ff5e,f19707c2a6f24478,dlinear_seed_robustness,ecd66cd4bc4a7770,memory_um,2,8,32,dlinear,2,c1a110b446ce1ac4,abe0cd1cb9555ccb,2.563007000993821,1065201981.942904,independent,False,479924370.1989934,479924370.1989934,False,1065201981.942904,234669374.96662393,0.0
base__memory_um__f2__h8__dlinear__s2__bottom_up__nn0,final_robustness_extension,True,robustness_extension,bb6e12a267e3121c689224c66f605eb9efc63384,final-robustness-extension-freeze-v2,experiment-freeze-v2,bf06dc0e7fe6ff5e,f19707c2a6f24478,dlinear_seed_robustness,ecd66cd4bc4a7770,memory_um,2,8,32,dlinear,2,c1a110b446ce1ac4,abe0cd1cb9555ccb,2.563007000993821,1065201981.942904,bottom_up,False,479924370.1989934,0.0,True,1143045349.8114996,234669374.96662393,0.0
base__memory_um__f2__h8__dlinear__s2__wls__nn0,final_robustness_extension,True,robustness_extension,bb6e12a267e3121c689224c66f605eb9efc63384,final-robustness-extension-freeze-v2,experiment-freeze-v2,bf06dc0e7fe6ff5e,f19707c2a6f24478,dlinear_seed_robustness,ecd66cd4bc4a7770,memory_um,2,8,32,dlinear,2,c1a110b446ce1ac4,abe0cd1cb9555ccb,2.563007000993821,1065201981.942904,wls,False,479924370.1989934,0.0,True,1084196815.425309,232547558.5491931,0.0
base__memory_um__f2__h8__dlinear__s2__mint__nn0,final_robustness_extension,True,robustness_extension,bb6e12a267e3121c689224c66f605eb9efc63384,final-robustness-extension-freeze-v2,experiment-freeze-v2,bf06dc0e7fe6ff5e,f19707c2a6f24478,dlinear_seed_robustness,ecd66cd4bc4a7770,memory_um,2,8,32,dlinear,2,c1a110b446ce1ac4,abe0cd1cb9555ccb,2.563007000993821,1065201981.942904,mint,False,479924370.1989934,0.0,True,1081950068.4160104,231420054.02123633,0.0
base__memory_um__f2__h16__dlinear__s1__independent__nn0,final_robustness_extension,True,robustness_extension,bb6e12a267e3121c689224c66f605eb9efc63384,final-robustness-extension-freeze-v2,experiment-freeze-v2,bf06dc0e7fe6ff5e,f19707c2a6f24478,dlinear_seed_robustness,ecd66cd4bc4a7770,memory_um,2,16,32,dlinear,1,5e635fdb171c0c33,abe0cd1cb9555ccb,2.4185734989987395,1061806479.0421292,independent,False,421945593.8067741,421945593.8067741,False,1061806479.0421292,228361534.2003195,0.0
base__memory_um__f2__h16__dlinear__s1__bottom_up__nn0,final_robustness_extension,True,robustness_extension,bb6e12a267e3121c689224c66f605eb9efc63384,final-robustness-extension-freeze-v2,experiment-freeze-v2,bf06dc0e7fe6ff5e,f19707c2a6f24478,dlinear_seed_robustness,ecd66cd4bc4a7770,memory_um,2,16,32,dlinear,1,5e635fdb171c0c33,abe0cd1cb9555ccb,2.4185734989987395,1061806479.0421292,bottom_up,False,421945593.8067741,0.0,True,1109621115.1633756,228361534.2003195,0.0
base__memory_um__f2__h16__dlinear__s1__wls__nn0,final_robustness_extension,True,robustness_extension,bb6e12a267e3121c689224c66f605eb9efc63384,final-robustness-extension-freeze-v2,experiment-freeze-v2,bf06dc0e7fe6ff5e,f19707c2a6f24478,dlinear_seed_robustness,ecd66cd4bc4a7770,memory_um,2,16,32,dlinear,1,5e635fdb171c0c33,abe0cd1cb9555ccb,2.4185734989987395,1061806479.0421292,wls,False,421945593.8067741,0.0,True,1066505691.4668428,227021619.4667809,0.0
base__memory_um__f2__h16__dlinear__s1__mint__nn0,final_robustness_extension,True,robustness_extension,bb6e12a267e3121c689224c66f605eb9efc63384,final-robustness-extension-freeze-v2,experiment-freeze-v2,bf06dc0e7fe6ff5e,f19707c2a6f24478,dlinear_seed_robustness,ecd66cd4bc4a7770,memory_um,2,16,32,dlinear,1,5e635fdb171c0c33,abe0cd1cb9555ccb,2.4185734989987395,1061806479.0421292,mint,False,421945593.8067741,0.0,True,1065254537.6591184,226290299.20164156,0.0
base__memory_um__f2__h16__dlinear__s2__independent__nn0,final_robustness_extension,True,robustness_extension,bb6e12a267e3121c689224c66f605eb9efc63384,final-robustness-extension-freeze-v2,experiment-freeze-v2,bf06dc0e7fe6ff5e,f19707c2a6f24478,dlinear_seed_robustness,ecd66cd4bc4a7770,memory_um,2,16,32,dlinear,2,d81c127c2c255201,abe0cd1cb9555ccb,2.5346619989977626,1057947382.5346687,independent,False,442837526.7654207,442837526.7654207,False,1057947382.5346687,230630097.050616,0.0
base__memory_um__f2__h16__dlinear__s2__bottom_up__nn0,final_robustness_extension,True,robustness_extension,bb6e12a267e3121c689224c66f605eb9efc63384,final-robustness-extension-freeze-v2,experiment-freeze-v2,bf06dc0e7fe6ff5e,f19707c2a6f24478,dlinear_seed_robustness,ecd66cd4bc4a7770,memory_um,2,16,32,dlinear,2,d81c127c2c255201,abe0cd1cb9555ccb,2.5346619989977626,1057947382.5346687,bottom_up,False,442837526.7654207,0.0,True,1124392060.6235838,230630097.050616,0.0
base__memory_um__f2__h16__dlinear__s2__wls__nn0,final_robustness_extension,True,robustness_extension,bb6e12a267e3121c689224c66f605eb9efc63384,final-robustness-extension-freeze-v2,experiment-freeze-v2,bf06dc0e7fe6ff5e,f19707c2a6f24478,dlinear_seed_robustness,ecd66cd4bc4a7770,memory_um,2,16,32,dlinear,2,d81c127c2c255201,abe0cd1cb9555ccb,2.5346619989977626,1057947382.5346687,wls,False,442837526.7654207,0.0,True,1073923370.0244174,228838176.9758832,0.0
base__memory_um__f2__h16__dlinear__s2__mint__nn0,final_robustness_extension,True,robustness_extension,bb6e12a267e3121c689224c66f605eb9efc63384,final-robustness-extension-freeze-v2,experiment-freeze-v2,bf06dc0e7fe6ff5e,f19707c2a6f24478,dlinear_seed_robustness,ecd66cd4bc4a7770,memory_um,2,16,32,dlinear,2,d81c127c2c255201,abe0cd1cb9555ccb,2.5346619989977626,1057947382.5346687,mint,False,442837526.7654207,0.0,True,1072180974.3016919,227987200.20600787,0.0
